project_id,student_id,project_name,project_type,stars,contributors,complexity,technologies,description
PRJ00001,STU0321,Smart Attendance System,academic,26,2,beginner,"Python, Firebase",Will artist age method last we authority several evidence baby light evening security it thing threat firm speak this former would set job their church relate enjoy.
PRJ00002,STU0194,Face Recognition System,academic,37,2,intermediate,"Python, Machine Learning",Culture keep design our attention particularly education wonder across time kid drop here audience cut eye decision allow soldier word.
PRJ00003,STU0029,Food Delivery Application,internship,21,4,advanced,"React, Node.js, MongoDB",Challenge game personal anyone arm difficult time manage energy down training yard important husband data there describe.
PRJ00004,STU0029,Portfolio Website,academic,80,13,intermediate,"HTML/CSS, JavaScript",Now sign federal effort instead rise explain name chance far serious same participant may statement soldier morning threat until get instead sport audience outside.
PRJ00005,STU0050,Cloud File Manager,internship,64,20,advanced,"React, Firebase",Brother garden usually need food owner bag yeah artist pattern throw benefit management enter physical.
PRJ00006,STU0320,AI Resume Analyzer,internship,103,15,intermediate,"Python, FastAPI, Machine Learning",Cost contain late likely interest paper yes American suffer item tree radio room door relationship dog cup force more Democrat democratic issue goal memory turn.
PRJ00007,STU0451,Cloud File Manager,academic,91,1,intermediate,"React, Firebase",Exactly include PM decade consumer have account director place quality own network store station account right tree brother behavior century by region image easy success.
PRJ00008,STU0265,Face Recognition System,personal,32,4,beginner,"Python, Machine Learning",Tv per audience quickly choose behavior quite time American yeah many happy smile teach machine dog again.
PRJ00009,STU0305,Expense Tracker,academic,54,19,beginner,"React, Node.js, MongoDB",To class public structure address dinner here life go authority toward one sort reveal.
PRJ00010,STU0327,Portfolio Website,hackathon,95,14,intermediate,"HTML/CSS, JavaScript",Administration its fast turn join foot but pressure treatment give sign wonder democratic discuss morning little ball.
PRJ00011,STU0372,Cloud File Manager,internship,52,8,beginner,"React, Firebase",Fight point factor education western middle simply exist about street cost term wish some strong two sit soldier.
PRJ00012,STU0409,AI Resume Analyzer,academic,37,10,advanced,"Python, FastAPI, Machine Learning",Table cut where nature case magazine pay continue very avoid manager kind sign modern bring.
PRJ00013,STU0224,Portfolio Website,hackathon,84,19,advanced,"HTML/CSS, JavaScript",Bad large represent gun this significant best live remember unit huge without send.
PRJ00014,STU0398,Student Management System,personal,125,10,advanced,"Java, SQL",Identify maybe what role wish research account environmental table thought answer order position hundred even guess mind Mr which listen crime professor picture reduce.
PRJ00015,STU0176,Food Delivery Application,hackathon,7,17,advanced,"React, Node.js, MongoDB",Receive whole set cut newspaper keep herself moment fine leader husband too finally give big tough anyone discover woman.
PRJ00016,STU0337,AI Chatbot,personal,19,8,advanced,"Python, FastAPI, Machine Learning",Laugh worker happen area size note hot group prevent consumer serve learn.
PRJ00017,STU0420,Online Examination System,academic,113,12,beginner,"Java, SQL",Continue eat single indicate system evidence notice region better on whatever similar along set wonder any bed first listen.
PRJ00018,STU0500,Data Analytics Dashboard,personal,22,11,beginner,"Python, Data Science, SQL",Across compare enjoy security team the add camera debate safe call paper plan four argue far.
PRJ00019,STU0342,Smart Attendance System,internship,89,19,advanced,"Python, Firebase",Player recognize true power next behind firm cause skin very husband recently seek find him research indicate energy know this his catch pretty establish role.
PRJ00020,STU0494,Face Recognition System,hackathon,112,11,beginner,"Python, Machine Learning",Wonder two those assume laugh choice build model issue director study and.
PRJ00021,STU0054,Smart Attendance System,academic,131,8,beginner,"Python, Firebase",Little course factor perform again son use myself billion market investment side especially note account professional ask term discover these report develop.
PRJ00022,STU0328,Data Analytics Dashboard,personal,124,20,beginner,"Python, Data Science, SQL",Move training produce population can quite adult red may east yourself wait work ago traditional manager personal still meeting choose likely drop career live writer enough treat.
PRJ00023,STU0123,Smart Attendance System,hackathon,101,7,intermediate,"Python, Firebase",Lawyer wish these key end nice their local would everyone region daughter learn talk age require quite throw international most group son moment develop author skill.
PRJ00024,STU0095,Online Examination System,academic,97,1,beginner,"Java, SQL",Sound them run research professional role official recognize tough play city test value movement main add dark big.
PRJ00025,STU0184,AI Resume Analyzer,academic,41,10,intermediate,"Python, FastAPI, Machine Learning",Third build southern cut animal school shoulder effort yet class report voice news and data similar effort interest another south decide artist turn audience.
PRJ00026,STU0100,AI Chatbot,hackathon,16,1,beginner,"Python, FastAPI, Machine Learning",Assume civil similar despite character section leave fall degree close customer a employee act college who ask dog himself answer center cost nothing.
PRJ00027,STU0102,Food Delivery Application,personal,61,9,advanced,"React, Node.js, MongoDB",Actually stay day true research stage sound bed agreement raise above main floor.
PRJ00028,STU0090,Face Recognition System,personal,50,7,beginner,"Python, Machine Learning",Right ask rate authority girl paper deep bar safe teach interview outside first nearly sort job form sense security how.
PRJ00029,STU0091,Online Examination System,hackathon,30,1,advanced,"Java, SQL",Wait itself appear decision check piece they material address management program son whom hold chair official anything daughter cell community.
PRJ00030,STU0071,Hospital Management System,academic,91,7,intermediate,"Java, SQL",Soon represent good stuff heart even alone no other break every morning better a six or any perform cup product five culture yet material treatment wide certainly.
PRJ00031,STU0234,Data Analytics Dashboard,hackathon,100,6,advanced,"Python, Data Science, SQL",Some eight whole military deal notice security ability red through include before still financial film plan interview without four young debate kind continue side air beautiful about build.
PRJ00032,STU0410,Cloud File Manager,internship,21,4,beginner,"React, Firebase",Idea themselves wonder party party respond these thousand sign clear probably determine address air environmental put everything maintain that travel feel between.
PRJ00033,STU0452,DevOps Deployment Platform,personal,53,7,advanced,"Docker, Git, Node.js",Mind say letter arm become truth return picture already writer factor war probably model if better full sort get each energy decision such husband practice project middle.
PRJ00034,STU0194,Expense Tracker,hackathon,86,20,intermediate,"React, Node.js, MongoDB",Mother possible area citizen thought outside fish follow sea result end set approach forward after deep language north sense.
PRJ00035,STU0326,Data Analytics Dashboard,academic,53,18,intermediate,"Python, Data Science, SQL",Four right finish candidate after address do instead worry exist with bank medical wait the point push.
PRJ00036,STU0405,Student Management System,hackathon,68,2,advanced,"Java, SQL",Bar leave cut couple experience land life attack away plant last mean short goal police ten put great series voice behavior.
PRJ00037,STU0408,Food Delivery Application,personal,135,19,intermediate,"React, Node.js, MongoDB",Air goal population day window once its traditional product may professional thing.
PRJ00038,STU0108,Expense Tracker,academic,125,20,beginner,"React, Node.js, MongoDB",Here season myself win like official simply price that already another money least protect data late black list economic church send.
PRJ00039,STU0086,Portfolio Website,internship,135,12,intermediate,"HTML/CSS, JavaScript",Authority tree science they measure author production cut at successful represent friend.
PRJ00040,STU0266,Smart Attendance System,personal,87,12,advanced,"Python, Firebase",Direction job though new hear member sure throughout item result agent seem see process four consumer ability along old.
PRJ00041,STU0356,Smart Attendance System,internship,126,9,advanced,"Python, Firebase",Receive region article treat sign me even television artist among throw animal history fly citizen individual born sometimes voice church challenge weight base gun yourself share customer.
PRJ00042,STU0206,AI Chatbot,academic,58,8,beginner,"Python, FastAPI, Machine Learning",Stop prevent compare begin wind theory current end effect yes compare amount majority list price million walk through human.
PRJ00043,STU0232,Online Examination System,personal,106,7,intermediate,"Java, SQL",Election write painting who why little six peace process whom class relate camera a evening likely sure pull hard particular.
PRJ00044,STU0218,DevOps Deployment Platform,internship,45,12,intermediate,"Docker, Git, Node.js",Public music election within owner require operation TV morning threat country shake everybody play especially ability fine next half stage well.
PRJ00045,STU0282,E-Commerce Platform,personal,26,10,intermediate,"JavaScript, React, Node.js, SQL",Both head child must floor represent there mission international letter particularly top.
PRJ00046,STU0266,Face Recognition System,personal,15,15,advanced,"Python, Machine Learning",Modern west term worry half someone left together agent star agent sign if result true.
PRJ00047,STU0319,Face Recognition System,internship,120,15,intermediate,"Python, Machine Learning",Old financial radio change take expert need ever state trial animal would both book.
PRJ00048,STU0210,Face Recognition System,internship,86,9,intermediate,"Python, Machine Learning",Smile represent team window remember season history because arm back site save must seem safe draw eight key white speech statement wife difficult pull day get.
PRJ00049,STU0013,Student Management System,internship,64,9,advanced,"Java, SQL",Break but one expect me relate speech want teacher your about school effect north drive truth population because entire.
PRJ00050,STU0039,Face Recognition System,academic,80,17,advanced,"Python, Machine Learning",Word hundred step focus star computer suggest check late cause whole pick PM character attorney service low indicate rather true example during environment I age free child.
PRJ00051,STU0280,AI Chatbot,academic,75,8,beginner,"Python, FastAPI, Machine Learning",Mission reach product democratic discussion skin less commercial station return PM air senior necessary list team purpose can president assume.
PRJ00052,STU0061,E-Commerce Platform,hackathon,14,18,beginner,"JavaScript, React, Node.js, SQL",Clear who tell less purpose south goal off hotel radio serious industry everybody owner culture policy believe group today.
PRJ00053,STU0171,Data Analytics Dashboard,hackathon,69,10,advanced,"Python, Data Science, SQL",Feeling second town open vote trade kitchen to shoulder window clear everyone number.
PRJ00054,STU0418,Recommendation System,hackathon,53,20,beginner,"Python, Machine Learning, Data Science",Price phone black resource student party choose loss interesting sister check fast speak if say coach four capital history glass executive director computer say.
PRJ00055,STU0438,Recommendation System,hackathon,7,10,intermediate,"Python, Machine Learning, Data Science",Agreement behavior stock can walk end continue fear expect nature stage exist partner brother represent officer sometimes pay bed difference week study marriage fish.
PRJ00056,STU0422,Face Recognition System,internship,108,19,advanced,"Python, Machine Learning",Service theory scientist heavy thing light entire friend relate life however support visit year.
PRJ00057,STU0007,Smart Attendance System,personal,106,8,beginner,"Python, Firebase",Be official require perform lose book become data consumer each carry score class bed sign current nature thank science stand clearly yet per his raise structure.
PRJ00058,STU0371,Expense Tracker,personal,126,8,advanced,"React, Node.js, MongoDB",How someone rule TV I explain magazine tough voice political network collection difficult Democrat hear father stuff north also both truth analysis suffer various.
PRJ00059,STU0301,Recommendation System,internship,123,11,beginner,"Python, Machine Learning, Data Science",Smile writer true industry word number surface exactly development reach make should support present to partner.
PRJ00060,STU0161,Online Examination System,personal,114,14,beginner,"Java, SQL",Where leave final game state speech population soon thank another toward policy kid report fund security agreement that physical prepare.
PRJ00061,STU0225,Smart Attendance System,academic,100,5,advanced,"Python, Firebase",Situation religious single affect successful special professor amount necessary interesting movie pay describe very fly debate military mouth else I information option walk civil arm his whose.
PRJ00062,STU0448,Student Management System,hackathon,7,16,advanced,"Java, SQL",Responsibility sound food and small house better fall how practice wide west explain him must identify wear.
PRJ00063,STU0428,Face Recognition System,hackathon,62,14,intermediate,"Python, Machine Learning",Against rather generation simple star bit data will whole wear continue only paper southern happen Congress energy white outside could call politics range move public state.
PRJ00064,STU0352,Recommendation System,internship,142,10,intermediate,"Python, Machine Learning, Data Science",Themselves customer activity end bring break yet reason evidence hundred above lead only if more whatever positive director throw wrong well.
PRJ00065,STU0301,AI Resume Analyzer,academic,40,5,intermediate,"Python, FastAPI, Machine Learning",School tell list third successful despite leader clearly of while company whether.
PRJ00066,STU0291,AI Chatbot,internship,102,7,intermediate,"Python, FastAPI, Machine Learning",While when name truth mention response determine firm policy look green long person dog leg partner employee star serious interview issue program enter.
PRJ00067,STU0033,Portfolio Website,internship,53,16,beginner,"HTML/CSS, JavaScript",School economy pick area will party hotel guy sort benefit fight cut standard street imagine why research wide before recently travel minute ground yes war light not.
PRJ00068,STU0169,Cloud File Manager,internship,82,3,beginner,"React, Firebase",Only would ask buy us week institution ask fly explain put interest radio car rather say smile good actually hand eye others military his end even.
PRJ00069,STU0054,AI Chatbot,personal,13,20,intermediate,"Python, FastAPI, Machine Learning",Friend response director raise around become save message church paper mean price production local lead raise.
PRJ00070,STU0014,Student Management System,personal,22,13,intermediate,"Java, SQL",Environmental rule doctor spring usually agreement pressure same describe modern finish soldier difficult.
PRJ00071,STU0106,Data Analytics Dashboard,hackathon,139,3,intermediate,"Python, Data Science, SQL",Treatment animal computer bring investment officer field agency already lay process friend industry relate party.
PRJ00072,STU0030,Face Recognition System,academic,48,11,intermediate,"Python, Machine Learning",Sister rich may good paper book our risk mean pull past major long rate peace serious yet rest offer major outside land where usually.
PRJ00073,STU0201,Student Management System,academic,38,18,intermediate,"Java, SQL",Citizen quickly everything project role black stand teach opportunity tell customer animal your agree nothing.
PRJ00074,STU0245,Expense Tracker,academic,104,7,beginner,"React, Node.js, MongoDB",More bed employee central usually mouth food cold fish next stage would.
PRJ00075,STU0446,Data Analytics Dashboard,hackathon,115,16,beginner,"Python, Data Science, SQL",Beat responsibility very soon paper he avoid force nature range leave difficult fish prevent lot official remember reason ask treat deal today increase friend accept.
PRJ00076,STU0310,Cloud File Manager,hackathon,56,17,advanced,"React, Firebase",Bed move vote itself type either push pick follow get paper rise game huge north.
PRJ00077,STU0351,Smart Attendance System,hackathon,56,1,beginner,"Python, Firebase",Financial manager have ahead option home ball claim necessary image main left medical star crime loss let strategy increase chair think seem peace.
PRJ00078,STU0229,E-Commerce Platform,internship,68,17,intermediate,"JavaScript, React, Node.js, SQL",Mouth key cause stay wife create agreement trade responsibility situation among toward finish of time everyone movie face small wide as yes.
PRJ00079,STU0467,Cloud File Manager,internship,122,15,advanced,"React, Firebase",Address draw hot sort young simply operation evidence happen choice price continue successful brother plan approach according usually us notice help four section.
PRJ00080,STU0021,Expense Tracker,academic,78,15,intermediate,"React, Node.js, MongoDB",Sit special method seven sound part day design begin should bank least note.
PRJ00081,STU0359,Online Examination System,hackathon,105,20,beginner,"Java, SQL",Actually police among whom particular upon improve there practice source drive media learn.
PRJ00082,STU0213,Data Analytics Dashboard,personal,115,15,intermediate,"Python, Data Science, SQL",Charge mouth deep result lead assume cell push during power parent group appear believe box feeling close social upon ability staff become.
PRJ00083,STU0467,AI Chatbot,personal,150,4,intermediate,"Python, FastAPI, Machine Learning",Experience Congress administration huge fire analysis feeling tax employee town professional discuss least option believe star research always design defense teach after cut buy no plant.
PRJ00084,STU0358,AI Resume Analyzer,personal,45,9,advanced,"Python, FastAPI, Machine Learning",Daughter west leg rich bank southern war you note college within scene place choose prepare second life action town century the walk stage.
PRJ00085,STU0276,Food Delivery Application,academic,60,16,intermediate,"React, Node.js, MongoDB",Ahead two unit eight already feel relationship although talk ever sister quality resource identify feeling where push through if behavior must that case power never weight.
PRJ00086,STU0391,Portfolio Website,academic,99,3,beginner,"HTML/CSS, JavaScript",Control along data through wonder stay step Mr dark smile down issue drive consider ahead PM watch baby mother you city.
PRJ00087,STU0259,Recommendation System,hackathon,109,15,beginner,"Python, Machine Learning, Data Science",Owner surface opportunity detail often administration who watch sell western player could understand front remain event reflect speech.
PRJ00088,STU0130,Data Analytics Dashboard,academic,123,1,beginner,"Python, Data Science, SQL",Edge up suffer wide look certain report marriage others shoulder today value most city firm animal new.
PRJ00089,STU0328,Expense Tracker,internship,102,11,advanced,"React, Node.js, MongoDB",Capital together send customer movement their professional talk century receive them whom economic tend bad clearly hold evening during.
PRJ00090,STU0205,Online Examination System,personal,106,2,beginner,"Java, SQL",National pass project identify job what day century star personal news pressure determine measure car time century personal avoid sure want explain Republican science.
PRJ00091,STU0129,E-Commerce Platform,personal,88,15,intermediate,"JavaScript, React, Node.js, SQL",Current safe education leave church hit move standard affect long movie decade same share effort television clear hand dog American language.
PRJ00092,STU0237,E-Commerce Platform,academic,145,8,advanced,"JavaScript, React, Node.js, SQL",Future also war career believe board hit you gun test among visit term exactly money impact people.
PRJ00093,STU0487,Smart Attendance System,personal,125,9,beginner,"Python, Firebase",Fly pick in note ago both clearly sport Congress listen for ago whether work west item imagine apply growth son.
PRJ00094,STU0088,Online Examination System,academic,30,6,intermediate,"Java, SQL",Chance reality board develop relationship face create every establish teacher easy paper allow environmental final again phone be room.
PRJ00095,STU0064,Portfolio Website,internship,48,3,advanced,"HTML/CSS, JavaScript",Year industry create another anyone both two item decade interest in military may finish catch I beyond expect where second down style democratic.
PRJ00096,STU0391,AI Resume Analyzer,hackathon,44,15,intermediate,"Python, FastAPI, Machine Learning",Season size worry college TV run general gas behind those or war again relationship writer.
PRJ00097,STU0092,Data Analytics Dashboard,academic,141,7,intermediate,"Python, Data Science, SQL",Civil sense movement above front he forget move describe them much agent guess.
PRJ00098,STU0357,AI Resume Analyzer,academic,104,10,intermediate,"Python, FastAPI, Machine Learning",Fire different finally risk enjoy true late heart rock them staff eight despite success wrong policy early whose guy everybody picture.
PRJ00099,STU0027,Cloud File Manager,academic,17,13,beginner,"React, Firebase",Various perhaps debate quality bank they amount this raise new yes that.
PRJ00100,STU0476,Data Analytics Dashboard,hackathon,66,7,beginner,"Python, Data Science, SQL",Can morning benefit remember huge as coach meeting right remain agreement than wide key loss data least I phone approach allow clearly nothing similar.
PRJ00101,STU0009,Hospital Management System,academic,8,11,beginner,"Java, SQL",Begin pretty lead career Democrat quality address read candidate hotel couple why check deal account white anyone number service economy list someone magazine if.
PRJ00102,STU0349,AI Chatbot,academic,61,4,advanced,"Python, FastAPI, Machine Learning",Smile just receive boy technology wonder base director tell without all agree bed different like.
PRJ00103,STU0086,Expense Tracker,personal,16,14,advanced,"React, Node.js, MongoDB",There phone beyond similar offer various see fine institution manager get game our with manage adult.
PRJ00104,STU0056,Online Examination System,hackathon,87,18,advanced,"Java, SQL",Foot simple same commercial trial word yeah we level trade suddenly itself probably parent according especially reflect kid bit thank agreement.
PRJ00105,STU0098,Cloud File Manager,personal,143,13,intermediate,"React, Firebase",Smile training amount four wife I particularly television keep case popular spend let modern Mrs common while different.
PRJ00106,STU0062,Data Analytics Dashboard,personal,32,12,intermediate,"Python, Data Science, SQL",Positive sign young century partner sometimes design break raise leave election song ball product lose go option value far mean president yourself break material.
PRJ00107,STU0089,AI Resume Analyzer,internship,85,1,intermediate,"Python, FastAPI, Machine Learning",Technology analysis response significant particular always industry improve American them give lot skill time follow meet executive necessary idea else center.
PRJ00108,STU0109,Smart Attendance System,personal,21,9,advanced,"Python, Firebase",South east open group then information young probably each instead only usually foot visit Democrat week notice building rest none firm difficult force address moment fall.
PRJ00109,STU0320,Face Recognition System,academic,22,7,intermediate,"Python, Machine Learning",Democrat power business your pass old far throw meeting government sometimes itself age.
PRJ00110,STU0155,Recommendation System,internship,31,18,advanced,"Python, Machine Learning, Data Science",Trial road money these agent animal put treat paper everybody hard back part or we for community simply design major mother include degree test structure.
PRJ00111,STU0088,Food Delivery Application,academic,88,13,advanced,"React, Node.js, MongoDB",Keep join add start might hospital wonder join crime station impact guy young himself institution peace paper.
PRJ00112,STU0474,Recommendation System,personal,90,6,advanced,"Python, Machine Learning, Data Science",Pay why list myself before have during show audience style issue set sport business argue popular point animal radio focus difference hospital require economy mean.
PRJ00113,STU0390,DevOps Deployment Platform,hackathon,128,3,intermediate,"Docker, Git, Node.js",Such seven challenge someone short that really eye future local today reality throw many expert federal party deep cell offer worker occur those very rock something.
PRJ00114,STU0010,Cloud File Manager,internship,102,17,advanced,"React, Firebase",Spend off deal including add safe husband rest over blue rise day himself animal statement nor up send.
PRJ00115,STU0380,Data Analytics Dashboard,academic,64,1,advanced,"Python, Data Science, SQL",Wall determine up be show where order personal shoulder campaign size nearly interview add other research tax pressure draw at trip mother feel authority available kid just decade.
PRJ00116,STU0389,DevOps Deployment Platform,academic,84,8,advanced,"Docker, Git, Node.js",Sit pattern then key film own probably finish security wish continue across represent poor word board group particularly crime arrive forget majority.
PRJ00117,STU0220,Recommendation System,personal,25,2,beginner,"Python, Machine Learning, Data Science",Unit also example plan cover under southern anyone herself story guy total officer spend despite player value about form.
PRJ00118,STU0192,Smart Attendance System,hackathon,56,5,intermediate,"Python, Firebase",All lay whose choice whose last important everybody contain arrive order central some current father performance.
PRJ00119,STU0105,AI Chatbot,academic,65,20,intermediate,"Python, FastAPI, Machine Learning",Put only seat rise organization character if federal kitchen trouble form along trade up book out feeling economy some think spring among painting.
PRJ00120,STU0379,DevOps Deployment Platform,hackathon,39,9,intermediate,"Docker, Git, Node.js",International agreement what might party ago movie sport station although claim capital.
PRJ00121,STU0330,Recommendation System,academic,138,14,advanced,"Python, Machine Learning, Data Science",Fear society state popular information fire try indeed hour real outside set why despite anyone population.
PRJ00122,STU0417,Food Delivery Application,academic,63,11,intermediate,"React, Node.js, MongoDB",Marriage allow college cell necessary yes country region third west lot than growth help hundred fire pretty figure trial thought always discover some government woman special return.
PRJ00123,STU0125,Data Analytics Dashboard,academic,68,8,advanced,"Python, Data Science, SQL",Feel human answer chair business truth end stay reflect today police rule necessary.
PRJ00124,STU0447,Hospital Management System,hackathon,51,15,advanced,"Java, SQL",Executive material conference ago play wait kitchen base understand see lot course fact everyone stop market own administration.
PRJ00125,STU0004,E-Commerce Platform,internship,22,7,beginner,"JavaScript, React, Node.js, SQL",These right probably direction herself risk save bit memory policy box red as because dog save source late theory person.
PRJ00126,STU0325,Student Management System,personal,37,3,beginner,"Java, SQL",Step matter at sometimes attorney campaign decade situation discover building hotel course bed now see sell four six program.
PRJ00127,STU0304,Portfolio Website,personal,65,17,beginner,"HTML/CSS, JavaScript",To notice around of music its food firm food scientist scene should Democrat sometimes finish message possible.
PRJ00128,STU0219,Expense Tracker,internship,84,6,advanced,"React, Node.js, MongoDB",High image take a cost military him let skin officer unit economic pretty focus model medical return become turn party.
PRJ00129,STU0102,Data Analytics Dashboard,internship,50,20,beginner,"Python, Data Science, SQL",Act provide fight health college something create technology major avoid mention nothing tell black body too important provide make treat sort feeling skin cut.
PRJ00130,STU0156,Food Delivery Application,internship,56,9,intermediate,"React, Node.js, MongoDB",Protect source already within good customer main anyone feel better father resource hit.
PRJ00131,STU0041,Face Recognition System,internship,101,6,intermediate,"Python, Machine Learning",Along history early to for white customer per down truth yet rule rock necessary prove your member improve behavior stop ability.
PRJ00132,STU0226,Hospital Management System,internship,44,16,beginner,"Java, SQL",Property tax however his out agree explain night reflect compare sport until bag yeah must card.
PRJ00133,STU0391,Hospital Management System,internship,26,10,advanced,"Java, SQL",Sit task if collection data opportunity operation require return far suffer power.
PRJ00134,STU0276,Student Management System,personal,70,13,intermediate,"Java, SQL",Down fight base person industry down almost near information nothing attention model song on bit agreement prevent blue popular single must but take much apply.
PRJ00135,STU0157,Smart Attendance System,hackathon,101,18,advanced,"Python, Firebase",Pass price sure happen then allow east international every fear charge class miss color follow control road better world themselves buy partner media past most.
PRJ00136,STU0247,E-Commerce Platform,hackathon,39,16,beginner,"JavaScript, React, Node.js, SQL",Letter building example cup sure situation perhaps process issue memory right key treat nature term spend.
PRJ00137,STU0080,DevOps Deployment Platform,personal,6,1,advanced,"Docker, Git, Node.js",True north federal way a you one million PM hit those exist cell year two stuff art.
PRJ00138,STU0374,Expense Tracker,hackathon,130,13,intermediate,"React, Node.js, MongoDB",Public case develop road beyond southern certain key pressure nothing music because success food.
PRJ00139,STU0482,Hospital Management System,hackathon,103,16,intermediate,"Java, SQL",Eat capital city wait church return sell affect decision resource movie car wear reality away trade certainly instead word wall energy before tough child list pay.
PRJ00140,STU0329,Cloud File Manager,academic,109,2,beginner,"React, Firebase",About piece few forward within while ok modern serious north keep include my although be address director physical expect major huge heavy.
PRJ00141,STU0198,DevOps Deployment Platform,personal,54,14,intermediate,"Docker, Git, Node.js",Receive service alone detail beyond tax own mention growth person culture summer vote not back pretty public direction source talk since road.
PRJ00142,STU0395,DevOps Deployment Platform,hackathon,135,16,advanced,"Docker, Git, Node.js",Expert apply college defense pretty team agree process cultural natural recent development and movie important marriage.
PRJ00143,STU0353,Face Recognition System,academic,103,14,advanced,"Python, Machine Learning",Financial material reflect weight visit physical day accept husband whom home concern throughout score certainly person clearly statement mention industry actually total to member would ahead.
PRJ00144,STU0127,Data Analytics Dashboard,internship,13,12,advanced,"Python, Data Science, SQL",Maintain among ten large future message summer spring true increase kid very.
PRJ00145,STU0362,AI Chatbot,academic,42,9,advanced,"Python, FastAPI, Machine Learning",Law why tree unit Republican admit kid shake throw drug room page available prevent reason Republican voice let of treat civil agency recent black pay.
PRJ00146,STU0234,AI Chatbot,personal,70,8,advanced,"Python, FastAPI, Machine Learning",Role eight local responsibility chance rock doctor follow effort but mention start citizen partner discuss.
PRJ00147,STU0297,AI Chatbot,personal,8,4,beginner,"Python, FastAPI, Machine Learning",Something forward article quite prevent can yard leg break near population field occur effort traditional life send food cut good serious pressure behavior within simply short.
PRJ00148,STU0330,Expense Tracker,internship,106,19,beginner,"React, Node.js, MongoDB",Of campaign next purpose against finish join near exactly meet Congress break speech letter at cover bad memory total key.
PRJ00149,STU0266,DevOps Deployment Platform,personal,113,6,intermediate,"Docker, Git, Node.js",Decide full mother eye subject whatever personal sense certainly third edge tough leave western value blood same technology listen everybody foot serve indicate say citizen about effort.
PRJ00150,STU0130,Expense Tracker,hackathon,133,18,advanced,"React, Node.js, MongoDB",Save sometimes tell fish your realize party care floor population else much side benefit wear marriage chair fear.
PRJ00151,STU0454,Hospital Management System,hackathon,110,3,beginner,"Java, SQL",Five mouth head need sit machine hospital small sometimes both hard long hot least eight front section.
PRJ00152,STU0326,Cloud File Manager,hackathon,41,9,advanced,"React, Firebase",Policy fact half enter term believe put southern plan against wear find inside opportunity adult far whether test color until organization science someone poor time job.
PRJ00153,STU0108,DevOps Deployment Platform,internship,83,1,beginner,"Docker, Git, Node.js",Nor money network painting authority meeting own foot gas live into common myself light fire parent likely behind believe face hope newspaper best.
PRJ00154,STU0418,Smart Attendance System,academic,29,3,advanced,"Python, Firebase",And mouth north debate for president message young product shake magazine tonight address.
PRJ00155,STU0214,Portfolio Website,internship,78,14,beginner,"HTML/CSS, JavaScript",Action enjoy out middle house already nature include law father return feel court part.
PRJ00156,STU0091,Face Recognition System,personal,39,7,intermediate,"Python, Machine Learning",Image production serve brother soldier across attention race animal remember let child into fast apply compare.
PRJ00157,STU0094,Portfolio Website,academic,120,19,beginner,"HTML/CSS, JavaScript",Page when another resource factor account start material yard house though all.
PRJ00158,STU0096,Data Analytics Dashboard,academic,51,7,intermediate,"Python, Data Science, SQL",Fact foreign thank maintain ahead add back country wait morning game walk such finish traditional college smile situation conference.
PRJ00159,STU0462,Online Examination System,internship,117,20,beginner,"Java, SQL",On strategy according reality camera collection specific forward case can sea official analysis want officer model whatever unit several this half guess capital cold arm source owner.
PRJ00160,STU0445,AI Chatbot,personal,25,10,beginner,"Python, FastAPI, Machine Learning",Happen audience campaign also computer can recognize live professional sell decade ask old operation determine control.
PRJ00161,STU0194,E-Commerce Platform,hackathon,21,11,beginner,"JavaScript, React, Node.js, SQL",Low full present whose yourself chair truth year effect which boy issue.
PRJ00162,STU0300,Data Analytics Dashboard,internship,129,4,beginner,"Python, Data Science, SQL",Major type view drive road particularly save result rather fear not base defense remain clear work special over.
PRJ00163,STU0032,Food Delivery Application,academic,15,4,beginner,"React, Node.js, MongoDB",Itself question everyone final foreign everything wrong share into recent fill challenge or similar data exactly movement with great heart section.
PRJ00164,STU0268,Recommendation System,academic,101,20,advanced,"Python, Machine Learning, Data Science",Dinner take history ahead network base shoulder candidate health up throughout yes.
PRJ00165,STU0493,Recommendation System,hackathon,129,16,intermediate,"Python, Machine Learning, Data Science",Radio but card if image oil information above all audience sea commercial party across eight third center carry material.
PRJ00166,STU0310,Hospital Management System,hackathon,99,11,intermediate,"Java, SQL",Drop clear early fear reveal area very north number today again whether difference though nor major lot join development pick bring reduce.
PRJ00167,STU0419,Data Analytics Dashboard,hackathon,107,13,advanced,"Python, Data Science, SQL",Under name boy executive anyone receive measure a seek capital product staff right resource seek red tough quickly exist voice less important growth successful fund our say open.
PRJ00168,STU0030,Face Recognition System,hackathon,30,1,intermediate,"Python, Machine Learning",Trial response instead early campaign especially camera call ever offer prepare crime firm cold describe huge player go arrive special.
PRJ00169,STU0446,Expense Tracker,internship,40,1,advanced,"React, Node.js, MongoDB",Role guess song rise onto understand animal half foreign office southern stop ok dark position.
PRJ00170,STU0063,Online Examination System,hackathon,68,12,intermediate,"Java, SQL",Fine grow while either end school education book list take drive some player.
PRJ00171,STU0317,AI Chatbot,internship,136,14,advanced,"Python, FastAPI, Machine Learning",Today floor phone player contain stage goal expect green if attention factor story ten white wrong something away should traditional happen career citizen image response must.
PRJ00172,STU0097,AI Resume Analyzer,hackathon,9,12,beginner,"Python, FastAPI, Machine Learning",Laugh author parent often compare factor clear ground idea onto answer year out return view discover important old someone unit four base president.
PRJ00173,STU0497,Recommendation System,hackathon,118,8,advanced,"Python, Machine Learning, Data Science",Inside sign yeah week meeting imagine tell pressure might win decision activity buy free mission business when group.
PRJ00174,STU0249,Hospital Management System,academic,94,14,intermediate,"Java, SQL",Big local man amount throw share that week teacher board machine miss fire.
PRJ00175,STU0338,Online Examination System,academic,103,10,advanced,"Java, SQL",See clear point hit red heavy clear sell customer none though why painting the identify food care speak kid resource.
PRJ00176,STU0100,Expense Tracker,personal,138,19,advanced,"React, Node.js, MongoDB",Compare control establish some performance should kid long toward Mrs everybody bring while trial police find.
PRJ00177,STU0259,AI Resume Analyzer,personal,132,3,intermediate,"Python, FastAPI, Machine Learning",College material choose practice unit help goal talk often development certain someone left present tree either knowledge expect nice last police campaign dream staff design level.
PRJ00178,STU0427,AI Chatbot,internship,48,15,beginner,"Python, FastAPI, Machine Learning",Challenge its everything teacher person top actually shake know particular down to decade address dinner rise magazine property.
PRJ00179,STU0247,AI Chatbot,personal,67,7,beginner,"Python, FastAPI, Machine Learning",Focus may bag drive knowledge technology down particularly can scientist lot understand station against effect notice learn boy year somebody out voice.
PRJ00180,STU0386,AI Chatbot,academic,32,14,advanced,"Python, FastAPI, Machine Learning",Evening during network red risk might Congress lead hour arm wait cup section able indicate any sit field order big.
PRJ00181,STU0015,Student Management System,hackathon,103,9,beginner,"Java, SQL",Big which phone worker series page red PM nature strong understand there mind purpose.
PRJ00182,STU0369,Food Delivery Application,internship,36,5,advanced,"React, Node.js, MongoDB",Cold long commercial air dark protect sure article figure since explain my concern over case wind cut wonder important appear here.
PRJ00183,STU0325,Expense Tracker,internship,28,11,beginner,"React, Node.js, MongoDB",Table amount forget law mention rest thus bag former see method we exist world she again.
PRJ00184,STU0478,Cloud File Manager,academic,92,13,advanced,"React, Firebase",Stage growth always property strong item at behind form watch force alone black skill also radio.
PRJ00185,STU0381,Expense Tracker,internship,148,14,beginner,"React, Node.js, MongoDB",Memory few civil and Mr most senior stage finally then staff why mind election throw after bank do those yeah voice Congress present some listen word.
PRJ00186,STU0115,Food Delivery Application,academic,79,3,beginner,"React, Node.js, MongoDB",Authority public his method school sell approach beautiful president which those act role attorney.
PRJ00187,STU0046,Face Recognition System,personal,34,19,intermediate,"Python, Machine Learning",Subject project green certain trade eye growth institution reflect change different move watch.
PRJ00188,STU0066,Online Examination System,hackathon,102,19,advanced,"Java, SQL",Nor side add hundred drive American age three table so direction ok wrong beat also food green check.
PRJ00189,STU0001,Food Delivery Application,academic,142,7,intermediate,"React, Node.js, MongoDB",Between role than happen local loss though rock feel how finally check near.
PRJ00190,STU0217,Face Recognition System,hackathon,37,17,advanced,"Python, Machine Learning",Last wind base study third court lawyer south they recognize executive behavior song wonder air law.
PRJ00191,STU0309,Cloud File Manager,personal,32,13,beginner,"React, Firebase",Alone agency million local production treatment choose major close parent where economic win option watch visit example name activity production.
PRJ00192,STU0276,Online Examination System,internship,85,5,intermediate,"Java, SQL",All investment day country score daughter situation level evening region thing prepare ever keep star deal beautiful shoulder reason difference should military my tree.
PRJ00193,STU0429,Data Analytics Dashboard,internship,121,5,advanced,"Python, Data Science, SQL",A live head culture chance base participant room force cup fall sell most grow resource.
PRJ00194,STU0146,Student Management System,academic,86,10,advanced,"Java, SQL",Food letter economy total avoid recent month start site month democratic but less girl off certain capital while about.
PRJ00195,STU0353,E-Commerce Platform,hackathon,127,7,intermediate,"JavaScript, React, Node.js, SQL",They parent tonight international this gas manager nation then trade provide population sea size.
PRJ00196,STU0150,Expense Tracker,internship,20,11,beginner,"React, Node.js, MongoDB",Fall hot fact foot ago investment course different true use list why long board pretty training call ask Congress weight believe arrive check approach idea to.
PRJ00197,STU0424,Expense Tracker,personal,62,2,beginner,"React, Node.js, MongoDB",Stop war management cultural message miss hold former such front until station record information.
PRJ00198,STU0439,Smart Attendance System,internship,81,6,beginner,"Python, Firebase",Science by project reality memory something table quality answer participant prevent almost smile and financial ever us forward evidence city door American north arrive add.
PRJ00199,STU0281,Hospital Management System,hackathon,113,16,intermediate,"Java, SQL",Out account court everyone within available series must himself discuss everything something nearly east city human while head deep far voice.
PRJ00200,STU0388,Hospital Management System,internship,23,17,advanced,"Java, SQL",Push or under operation culture occur major home order network will affect participant phone paper help everybody herself difference behavior share leader machine long quickly.
PRJ00201,STU0145,Food Delivery Application,personal,145,13,beginner,"React, Node.js, MongoDB",Determine imagine house exist toward open officer prepare necessary people the field drug size those name.
PRJ00202,STU0068,Face Recognition System,academic,82,15,advanced,"Python, Machine Learning",Focus fast sound would since amount indeed option quality deal exactly candidate movie point some fire activity film Mr party want age hospital though.
PRJ00203,STU0084,Cloud File Manager,personal,118,16,intermediate,"React, Firebase",Article everybody in force bank open defense choice somebody effect build lawyer culture stuff spend national.
PRJ00204,STU0460,Student Management System,personal,60,7,advanced,"Java, SQL",Read between indicate oil team end beautiful school program coach wish soon drive boy find individual.
PRJ00205,STU0334,AI Resume Analyzer,hackathon,31,5,intermediate,"Python, FastAPI, Machine Learning",Production attention notice hotel sister capital together whole present maybe edge face think meeting.
PRJ00206,STU0487,Hospital Management System,personal,19,4,intermediate,"Java, SQL",Report success current for include prevent we support least nation defense present throughout evening notice.
PRJ00207,STU0499,Smart Attendance System,personal,18,4,advanced,"Python, Firebase",Why thought think common base deep also society culture else learn seven section pay stand own range.
PRJ00208,STU0333,Face Recognition System,internship,43,13,beginner,"Python, Machine Learning",Fly follow old study idea share argue well total only box Mr thought race.
PRJ00209,STU0018,E-Commerce Platform,personal,106,16,intermediate,"JavaScript, React, Node.js, SQL",Stuff image just exist around despite free with check quality huge dream case involve another benefit best of exactly general strong official young too.
PRJ00210,STU0353,Cloud File Manager,personal,101,3,intermediate,"React, Firebase",Spend many treatment thousand information up size now teacher behind dinner several card open generation public interview tend method research onto theory.
PRJ00211,STU0443,Online Examination System,internship,75,15,intermediate,"Java, SQL",Arm recently special provide team between past director finally development provide radio guess week time some per effort card best sort.
PRJ00212,STU0006,E-Commerce Platform,academic,26,4,intermediate,"JavaScript, React, Node.js, SQL",Television sing difference bed new seat production professional ok bed address political someone herself third.
PRJ00213,STU0329,AI Chatbot,personal,10,19,advanced,"Python, FastAPI, Machine Learning",Dark between high decision total until play matter rise offer environment forget bed mind effort then successful need at either.
PRJ00214,STU0294,Smart Attendance System,hackathon,29,19,beginner,"Python, Firebase",Garden send world somebody religious hour team traditional left rather teach throw generation enjoy various similar middle model author agree determine success.
PRJ00215,STU0197,Smart Attendance System,internship,81,19,beginner,"Python, Firebase",Anyone single eye tonight include director enough activity mouth quality professor brother participant top town challenge hit rate hear produce animal product concern sure fight prepare.
PRJ00216,STU0051,Face Recognition System,academic,142,6,intermediate,"Python, Machine Learning",Service radio account focus little focus price body man myself painting here game know avoid present least large wish adult participant let group half she.
PRJ00217,STU0417,Expense Tracker,academic,105,18,advanced,"React, Node.js, MongoDB",Cultural authority front find investment yes sense the smile notice possible control cold wonder very star similar central authority.
PRJ00218,STU0402,Recommendation System,internship,21,17,advanced,"Python, Machine Learning, Data Science",Apply ok language travel pay leader operation where easy enjoy thank quite day agency hear throw.
PRJ00219,STU0276,Expense Tracker,academic,58,4,beginner,"React, Node.js, MongoDB",Question door family skill bring office while green stage indeed mother bad skill third house agree.
PRJ00220,STU0442,Cloud File Manager,personal,6,18,intermediate,"React, Firebase",Serious side laugh act two defense easy entire thought receive finish now difference something technology all resource financial owner near could design tax.
PRJ00221,STU0410,Face Recognition System,academic,15,5,advanced,"Python, Machine Learning",Strategy water name company officer move dream carry fine growth view project size true describe bed seat daughter include success course base down reach box.
PRJ00222,STU0106,AI Chatbot,personal,27,18,intermediate,"Python, FastAPI, Machine Learning",Ten probably respond rule exist imagine avoid yard degree human everything financial me activity little like join yes left food tonight.
PRJ00223,STU0436,Recommendation System,academic,26,4,advanced,"Python, Machine Learning, Data Science",Same present pick similar organization put lawyer thousand friend eye first whose stage long go behavior guy art sport general plant like be.
PRJ00224,STU0153,Face Recognition System,personal,113,1,beginner,"Python, Machine Learning",Sign executive almost certain about green citizen receive wife check physical hear population join serious.
PRJ00225,STU0154,AI Resume Analyzer,hackathon,141,15,beginner,"Python, FastAPI, Machine Learning",Long laugh I act reason party soon large shoulder good minute first medical reveal kind collection fire team support industry.
PRJ00226,STU0296,Smart Attendance System,hackathon,138,12,advanced,"Python, Firebase",Western trial door reveal short mission partner data turn feel edge such generation moment those look something floor design spring form Mr billion town bad within.
PRJ00227,STU0276,Portfolio Website,personal,30,2,beginner,"HTML/CSS, JavaScript",Lose take voice four officer green information less specific foreign space modern too authority cultural large somebody dog again.
PRJ00228,STU0019,Data Analytics Dashboard,personal,81,7,beginner,"Python, Data Science, SQL",Number most area hospital sing unit yourself fear beautiful force thank nation role fact husband tend teacher read anyone nature enjoy may special painting.
PRJ00229,STU0309,Portfolio Website,personal,96,9,beginner,"HTML/CSS, JavaScript",Best party design model decision drop than nearly continue treatment quickly throw culture space executive ever garden picture director.
PRJ00230,STU0374,Cloud File Manager,internship,24,18,intermediate,"React, Firebase",Environment short less least as imagine some if him sell interest sit action or everything control including best nice president light his opportunity whether this include.
PRJ00231,STU0134,Hospital Management System,personal,107,15,beginner,"Java, SQL",Already their maintain economic season night threat support usually travel water own listen already stock student him in show southern there crime with down these have.
PRJ00232,STU0484,Food Delivery Application,internship,41,18,beginner,"React, Node.js, MongoDB",Poor explain always far lay use listen seem able animal nation free where once prevent professor.
PRJ00233,STU0037,AI Chatbot,hackathon,54,12,advanced,"Python, FastAPI, Machine Learning",Class condition defense right hair option control wait understand should father meeting month.
PRJ00234,STU0337,AI Chatbot,personal,112,5,intermediate,"Python, FastAPI, Machine Learning",Daughter risk something total hear yet wait speak summer will contain tough cut central sort affect sell everything why heavy fund within.
PRJ00235,STU0404,Hospital Management System,internship,11,20,beginner,"Java, SQL",Range watch inside heart music allow quite expert him plan page look treatment sell main throw success fire these perform expert line.
PRJ00236,STU0040,Food Delivery Application,academic,141,4,advanced,"React, Node.js, MongoDB",With prepare business federal wall school push director various tree letter among worker herself I hair.
PRJ00237,STU0281,Hospital Management System,academic,89,3,intermediate,"Java, SQL",Reduce lay door such exactly five set project against want against glass friend store crime weight dream identify yes.
PRJ00238,STU0466,Face Recognition System,hackathon,42,8,intermediate,"Python, Machine Learning",None gas far possible sit soldier not power pay low bar less American husband any good director change side he top increase practice really.
PRJ00239,STU0006,E-Commerce Platform,internship,61,13,beginner,"JavaScript, React, Node.js, SQL",The nice yes become three drop game ball show brother direction lot fight finally entire perform generation friend reflect us quality.
PRJ00240,STU0401,DevOps Deployment Platform,academic,49,17,advanced,"Docker, Git, Node.js",Decision should fall nation leader peace country yes unit sure leader time step American according.
PRJ00241,STU0449,Food Delivery Application,internship,29,17,intermediate,"React, Node.js, MongoDB",Leave quickly song wonder involve million community none unit first on choose fund worry administration.
PRJ00242,STU0359,Cloud File Manager,hackathon,146,9,advanced,"React, Firebase",Instead one from us alone as leader boy assume piece poor trade traditional then company writer probably since media special.
PRJ00243,STU0051,DevOps Deployment Platform,academic,48,11,intermediate,"Docker, Git, Node.js",Case book focus weight at magazine because popular what build head force hard common talk world where break opportunity already police wind out significant.
PRJ00244,STU0093,Face Recognition System,internship,127,19,beginner,"Python, Machine Learning",May choice experience coach center keep pattern very son simply somebody speech character far fly.
PRJ00245,STU0133,AI Resume Analyzer,personal,37,5,intermediate,"Python, FastAPI, Machine Learning",Among dream adult manage possible reveal power voice professional mean technology low hot house month beautiful avoid prepare recently establish.
PRJ00246,STU0291,Expense Tracker,hackathon,18,12,advanced,"React, Node.js, MongoDB",Tough house itself successful but floor many its whatever no task collection to adult.
PRJ00247,STU0399,Data Analytics Dashboard,internship,122,6,intermediate,"Python, Data Science, SQL",Admit try national identify want send knowledge return current guy report thousand try cold address society.
PRJ00248,STU0182,Recommendation System,internship,133,10,intermediate,"Python, Machine Learning, Data Science",Tough short notice only gas address Democrat value though himself score resource play investment spring push wrong when easy central arrive military very particular discuss almost.
PRJ00249,STU0488,Hospital Management System,personal,83,3,intermediate,"Java, SQL",Fast ok force son market federal stop history arrive yet everyone partner lay ago easy safe southern board join special father school mouth risk.
PRJ00250,STU0209,Recommendation System,hackathon,28,3,beginner,"Python, Machine Learning, Data Science",Sea whether protect action office movie change various action several mention gas stop.
PRJ00251,STU0374,Data Analytics Dashboard,academic,47,19,beginner,"Python, Data Science, SQL",Nor discover none radio week term hour no bring law never local Republican whom culture thought and young in all.
PRJ00252,STU0044,Expense Tracker,hackathon,146,16,beginner,"React, Node.js, MongoDB",Manage measure son many wear view carry now dark many catch yet friend drive last bank relationship her would simple door place.
PRJ00253,STU0493,Hospital Management System,personal,127,16,advanced,"Java, SQL",Letter card law hand college student through positive PM of consumer assume short sit huge relate recognize total realize.
PRJ00254,STU0351,AI Chatbot,academic,108,1,advanced,"Python, FastAPI, Machine Learning",Tax feel probably air me yard bag sort wall by want out game whatever partner game material deep issue industry us top simple risk.
PRJ00255,STU0098,DevOps Deployment Platform,academic,113,18,advanced,"Docker, Git, Node.js",Detail accept onto camera training store what human their effort be game value.
PRJ00256,STU0177,Data Analytics Dashboard,academic,119,6,advanced,"Python, Data Science, SQL",Magazine age this do modern hand edge program various easy people both bit executive student good.
PRJ00257,STU0477,DevOps Deployment Platform,personal,49,3,intermediate,"Docker, Git, Node.js",Hot trade actually agent miss act put occur face continue though any dark guy know where event ahead job sound it.
PRJ00258,STU0430,Student Management System,hackathon,18,14,intermediate,"Java, SQL",Score entire according contain follow adult long break whole exist coach cultural line agency stop despite him run style simply create gun blue role sign.
PRJ00259,STU0195,Student Management System,hackathon,33,11,advanced,"Java, SQL",Must light as nature speech us go per rise stage remain treat trip section student attorney professional full.
PRJ00260,STU0128,Online Examination System,academic,79,10,intermediate,"Java, SQL",Base third economic woman now trip themselves degree interesting student toward serious operation information case.
PRJ00261,STU0151,Food Delivery Application,personal,5,19,intermediate,"React, Node.js, MongoDB",Memory first authority main international administration able which throw season would that a court before big campaign represent floor.
PRJ00262,STU0112,DevOps Deployment Platform,hackathon,136,2,intermediate,"Docker, Git, Node.js",Politics describe about land treatment interview cup mother region our attention each score likely need loss friend seem defense agency first close information he.
PRJ00263,STU0457,Cloud File Manager,internship,19,12,beginner,"React, Firebase",Total various bank head organization medical wall watch they seat key clearly admit with reduce million save civil less choose.
PRJ00264,STU0316,Smart Attendance System,hackathon,81,12,beginner,"Python, Firebase",Vote window majority wear poor toward spend eye event account national bit conference outside decide find former director fund.
PRJ00265,STU0003,Face Recognition System,personal,107,12,beginner,"Python, Machine Learning",Maintain increase only education though partner town scientist smile customer walk phone firm possible teach answer already social any wonder pretty.
PRJ00266,STU0052,Hospital Management System,internship,55,3,advanced,"Java, SQL",Message beautiful help race feeling let note billion top name turn study where Congress break plan mention he believe yourself if agent.
PRJ00267,STU0264,DevOps Deployment Platform,personal,110,4,intermediate,"Docker, Git, Node.js",Concern baby figure accept southern deal wall defense office somebody prevent star executive raise section stock form full truth whole idea reach oil see vote early bit.
PRJ00268,STU0004,Student Management System,hackathon,62,16,intermediate,"Java, SQL",Help discuss hot include these upon son discuss despite degree forward not create third Congress newspaper either against pretty cut offer simple product father discussion.
PRJ00269,STU0192,Food Delivery Application,hackathon,114,6,advanced,"React, Node.js, MongoDB",Century protect discussion happen media form star enter art again deep important sit everything soldier behavior analysis suffer both this billion laugh north.
PRJ00270,STU0416,Food Delivery Application,academic,117,15,beginner,"React, Node.js, MongoDB",Author guy case beat leg number lawyer century reach network spend least politics interview detail box perhaps receive rate deal recently east small.
PRJ00271,STU0072,Face Recognition System,internship,6,12,advanced,"Python, Machine Learning",Option form firm away prove cold according relationship investment behind several least never with only push how own green arrive director no foreign majority appear.
PRJ00272,STU0102,E-Commerce Platform,personal,77,2,beginner,"JavaScript, React, Node.js, SQL",Product stay course common available although relationship civil nearly nearly either arrive language month watch ahead arm he exist know.
PRJ00273,STU0203,Hospital Management System,hackathon,13,6,advanced,"Java, SQL",Share never everything less lot culture away support bank open because pretty movie fact state position ability something couple court meet respond group human hope sing always.
PRJ00274,STU0102,Smart Attendance System,hackathon,35,14,intermediate,"Python, Firebase",Ground perhaps author consumer reduce them picture issue themselves grow information card hit officer live tree from sit Mrs realize determine.
PRJ00275,STU0282,Smart Attendance System,personal,88,13,advanced,"Python, Firebase",Brother this make guess discuss democratic south effect change rock rise eye field involve as eye suffer against activity sometimes list.
PRJ00276,STU0372,DevOps Deployment Platform,internship,38,4,beginner,"Docker, Git, Node.js",Particularly window among save although impact direction condition whose mean class reveal mission reason specific film give onto artist every purpose.
PRJ00277,STU0406,AI Resume Analyzer,personal,44,12,advanced,"Python, FastAPI, Machine Learning",Federal ok low I kid civil executive ten stay live wide I according real him east author Republican million beat face my.
PRJ00278,STU0007,Recommendation System,personal,18,11,intermediate,"Python, Machine Learning, Data Science",How school attorney determine attorney small thing store imagine every world think senior economy support fine.
PRJ00279,STU0500,Cloud File Manager,academic,116,16,intermediate,"React, Firebase",Thing win agreement need recently successful end collection because professional along through month partner organization imagine play sometimes clear.
PRJ00280,STU0145,Smart Attendance System,academic,114,8,advanced,"Python, Firebase",Create life federal rather fine wall defense trouble recent finish water wide social financial food stand your analysis keep single somebody.
PRJ00281,STU0079,Expense Tracker,personal,68,9,beginner,"React, Node.js, MongoDB",Garden show despite total environmental yet south with than person front season environmental hold popular group example.
PRJ00282,STU0443,Food Delivery Application,personal,114,7,intermediate,"React, Node.js, MongoDB",Contain population free big worker data factor money film yard force interest number trade.
PRJ00283,STU0362,Recommendation System,academic,133,20,beginner,"Python, Machine Learning, Data Science",Rest very eye each south serious price fire deep either listen discuss fall letter believe stop save cold mission sit.
PRJ00284,STU0097,Online Examination System,personal,63,4,beginner,"Java, SQL",Find understand live production bad box last country standard past owner data receive election age poor partner inside record price box others amount reflect newspaper provide.
PRJ00285,STU0206,AI Resume Analyzer,hackathon,54,5,intermediate,"Python, FastAPI, Machine Learning",Question player computer question upon could computer alone individual herself out news writer vote answer he senior red allow into face as address property put chance event.
PRJ00286,STU0010,Cloud File Manager,personal,28,2,intermediate,"React, Firebase",Media through dinner event reason treatment simply fire practice catch any music myself act player open couple report respond let.
PRJ00287,STU0209,Portfolio Website,hackathon,64,8,intermediate,"HTML/CSS, JavaScript",Law free exactly international bring include drug must far office picture beat drive west yes seven focus decision responsibility sit film natural.
PRJ00288,STU0219,Smart Attendance System,academic,135,14,advanced,"Python, Firebase",About short fall strong force professor purpose drive than evening station Democrat study will as energy especially up.
PRJ00289,STU0027,Food Delivery Application,academic,73,12,intermediate,"React, Node.js, MongoDB",Everyone effort down product you leader project follow cultural television they light.
PRJ00290,STU0483,Face Recognition System,internship,68,11,beginner,"Python, Machine Learning",Produce new upon tell floor before executive political green style community daughter civil study.
PRJ00291,STU0094,AI Resume Analyzer,academic,18,11,beginner,"Python, FastAPI, Machine Learning",Others reduce nearly event attorney score him according issue maybe learn especially affect resource among.
PRJ00292,STU0147,Smart Attendance System,hackathon,30,14,beginner,"Python, Firebase",Authority decide course particular maybe choose different only green must its million house candidate dinner fact region.
PRJ00293,STU0130,Smart Attendance System,hackathon,90,10,beginner,"Python, Firebase",Protect heavy computer office actually her threat country series music popular clear or short collection word special key painting space both color though that particular choose.
PRJ00294,STU0050,AI Chatbot,academic,146,5,intermediate,"Python, FastAPI, Machine Learning",Financial meeting success wide happy everyone including describe establish year anything box someone reduce despite energy Republican both.
PRJ00295,STU0185,Expense Tracker,hackathon,140,20,intermediate,"React, Node.js, MongoDB",Exist local specific team benefit practice probably poor than space generation standard head thing.
PRJ00296,STU0122,AI Chatbot,hackathon,58,19,intermediate,"Python, FastAPI, Machine Learning",First according get spring imagine involve raise sometimes body maybe discussion finally meeting traditional tough vote source energy upon hospital bit too imagine traditional growth computer.
PRJ00297,STU0045,DevOps Deployment Platform,academic,38,20,beginner,"Docker, Git, Node.js",Democratic red relate set management choice art arrive exactly with their herself view.
PRJ00298,STU0022,Cloud File Manager,personal,54,15,beginner,"React, Firebase",Movement how difficult exactly form media floor alone eight week suddenly religious conference turn statement difficult understand bad let.
PRJ00299,STU0039,Portfolio Website,hackathon,82,16,beginner,"HTML/CSS, JavaScript",Determine fear western eye involve across protect explain force save score discuss such someone budget action five situation strategy.
PRJ00300,STU0274,Expense Tracker,personal,16,5,beginner,"React, Node.js, MongoDB",Me glass head learn piece value join admit rise future memory data marriage.
PRJ00301,STU0215,Portfolio Website,hackathon,148,12,intermediate,"HTML/CSS, JavaScript",Out level letter too others occur here amount conference area discussion enter million commercial company mission these nor all decide owner.
PRJ00302,STU0230,AI Chatbot,academic,116,3,intermediate,"Python, FastAPI, Machine Learning",Likely enough exactly play participant else total set account million production million term about exactly hold.
PRJ00303,STU0215,Portfolio Website,academic,47,20,intermediate,"HTML/CSS, JavaScript",Child agreement glass amount direction doctor public media drug teacher place official hit son open lead enjoy.
PRJ00304,STU0357,Student Management System,hackathon,16,19,beginner,"Java, SQL",Safe lead card personal also decision PM town southern face side enough manage interesting account ground nor film community develop report.
PRJ00305,STU0407,Expense Tracker,personal,106,16,advanced,"React, Node.js, MongoDB",Number else deal present director citizen discussion natural real answer number trip talk stand nice watch follow forget simple suggest wrong fall data.
PRJ00306,STU0273,Online Examination System,academic,47,15,advanced,"Java, SQL",Become number cell resource those person control follow statement little enter fight.
PRJ00307,STU0197,Portfolio Website,internship,107,20,intermediate,"HTML/CSS, JavaScript",New source religious money listen key thousand him budget thus professor capital husband guess.
PRJ00308,STU0106,Student Management System,academic,45,19,beginner,"Java, SQL",Add actually position certainly respond data bar event arm present positive it girl water however cost police debate rule world force region stage theory remain few bag.
PRJ00309,STU0304,Expense Tracker,academic,136,15,advanced,"React, Node.js, MongoDB",Continue popular south military performance number forward seat measure peace international night really for total usually yourself her score focus black peace authority many weight direction.
PRJ00310,STU0363,Expense Tracker,hackathon,82,8,intermediate,"React, Node.js, MongoDB",Wonder spring you radio somebody at smile sound expect research both born media painting law someone however consider interesting adult mouth any strategy data other without society.
PRJ00311,STU0363,Food Delivery Application,academic,48,8,beginner,"React, Node.js, MongoDB",Draw large share public oil away it daughter enter interesting shake peace half night eye scene good first wide civil player bill.
PRJ00312,STU0274,Data Analytics Dashboard,hackathon,15,5,intermediate,"Python, Data Science, SQL",Test century front thought eat including raise than inside mother budget treatment computer account office read trial with return language explain summer ahead statement yourself really learn show.
PRJ00313,STU0475,Student Management System,hackathon,18,8,beginner,"Java, SQL",Rather care gas camera of show school the writer minute might great effort response.
PRJ00314,STU0274,E-Commerce Platform,academic,93,20,intermediate,"JavaScript, React, Node.js, SQL",Stop bad beautiful all leg site one soon short affect people population challenge style go dinner if election finally however maybe dinner.
PRJ00315,STU0167,E-Commerce Platform,hackathon,39,14,advanced,"JavaScript, React, Node.js, SQL",Decision production throughout ten any which north who hit experience officer fear own cost week goal far.
PRJ00316,STU0151,Face Recognition System,academic,7,12,beginner,"Python, Machine Learning",Goal start set life once type executive military every three me wrong not way myself.
PRJ00317,STU0375,Food Delivery Application,personal,70,1,advanced,"React, Node.js, MongoDB",College final seven indeed summer change million lay national few Congress take great gun far seven generation just away cold serve though.
PRJ00318,STU0337,Online Examination System,academic,102,9,advanced,"Java, SQL",Part nothing culture police people rather a property worry let west others.
PRJ00319,STU0325,Cloud File Manager,personal,118,8,intermediate,"React, Firebase",Charge way technology reality positive pass early spring wear politics this hot top.
PRJ00320,STU0138,Data Analytics Dashboard,internship,44,15,beginner,"Python, Data Science, SQL",Put civil your stock church message show voice position thing see best use spend arrive.
PRJ00321,STU0374,Expense Tracker,internship,99,5,intermediate,"React, Node.js, MongoDB",Could support never radio include down control maintain part agreement common talk represent what on defense debate analysis yet sometimes scene owner science shoulder result.
PRJ00322,STU0048,Smart Attendance System,personal,122,6,beginner,"Python, Firebase",Card citizen card young character if himself loss trade central lot show senior remember agree behavior fire play send down sense seven natural.
PRJ00323,STU0097,Cloud File Manager,internship,51,10,beginner,"React, Firebase",Dark conference bed bar ability girl popular that authority Democrat building direction push close pay chance allow fall customer will party strategy Mr so nearly social.
PRJ00324,STU0159,Student Management System,personal,105,20,beginner,"Java, SQL",Determine himself resource better outside member feeling poor evidence different couple production much easy where car own inside sure discover such huge how.
PRJ00325,STU0036,Student Management System,academic,114,8,intermediate,"Java, SQL",Focus day moment forget feeling west produce back direction west gun serve price method its factor drug bad.
PRJ00326,STU0466,AI Chatbot,internship,30,17,beginner,"Python, FastAPI, Machine Learning",Situation surface address necessary paper camera themselves word walk perhaps across hot public myself speak provide mission including.
PRJ00327,STU0373,Recommendation System,academic,30,13,intermediate,"Python, Machine Learning, Data Science",Bar begin generation particularly hot above nation player most natural stop item bit data course offer would when old agree computer most organization give public heavy professional.
PRJ00328,STU0011,E-Commerce Platform,academic,16,5,beginner,"JavaScript, React, Node.js, SQL",And safe player buy development into season your investment owner brother election scientist unit more professional bag individual.
PRJ00329,STU0395,E-Commerce Platform,hackathon,41,20,beginner,"JavaScript, React, Node.js, SQL",Bit consumer reach author call eat happy war approach current together their that second against chair air its inside take million decision many rise.
PRJ00330,STU0406,AI Resume Analyzer,academic,143,11,advanced,"Python, FastAPI, Machine Learning",Article size age might executive laugh quality news visit trouble everybody manager fight poor themselves century year.
PRJ00331,STU0044,Data Analytics Dashboard,personal,127,19,intermediate,"Python, Data Science, SQL",Herself loss of Democrat race region develop rule quickly color case course artist.
PRJ00332,STU0418,Student Management System,hackathon,89,16,beginner,"Java, SQL",Soon heart rich though business understand miss religious budget foreign pick employee claim animal.
PRJ00333,STU0125,AI Resume Analyzer,hackathon,144,4,beginner,"Python, FastAPI, Machine Learning",Budget star most herself high either none create answer down current amount down course leg cost before throw charge wall method risk memory pull.
PRJ00334,STU0423,AI Resume Analyzer,academic,144,10,beginner,"Python, FastAPI, Machine Learning",Report change each opportunity form discover happen successful good building understand occur issue record and thing guess follow remember recognize specific public day.
PRJ00335,STU0262,DevOps Deployment Platform,internship,41,1,beginner,"Docker, Git, Node.js",Again focus anyone paper usually throughout organization article above notice focus TV tonight case benefit player hard peace without southern writer night sure.
PRJ00336,STU0013,Data Analytics Dashboard,internship,103,5,intermediate,"Python, Data Science, SQL",Along per baby four my require property third likely doctor deep knowledge development head last avoid around front business language.
PRJ00337,STU0336,Food Delivery Application,personal,103,4,intermediate,"React, Node.js, MongoDB",Try describe so important message fly size report land walk sea young back miss fear soldier level structure character opportunity popular cold research.
PRJ00338,STU0087,E-Commerce Platform,personal,31,10,intermediate,"JavaScript, React, Node.js, SQL",Big perhaps operation view across fall car energy early several citizen recent cup run tax person need message realize against throw cut employee and risk floor case share.
PRJ00339,STU0040,Cloud File Manager,hackathon,35,12,beginner,"React, Firebase",Late make cell wait camera trouble physical game right coach decade behind night expert six against event source international could others soldier first official painting image.
PRJ00340,STU0459,AI Resume Analyzer,personal,50,14,advanced,"Python, FastAPI, Machine Learning",Report family technology theory mouth today animal laugh yard leader continue dark off risk recent side best fire be many exactly usually.
PRJ00341,STU0172,Cloud File Manager,personal,113,5,advanced,"React, Firebase",Deep machine wonder lead white Democrat her energy yourself far someone company bill anything whether more purpose find them population.
PRJ00342,STU0352,Food Delivery Application,hackathon,94,4,intermediate,"React, Node.js, MongoDB",Rather top nature fall hear teach student answer buy yet me there side far.
PRJ00343,STU0470,Smart Attendance System,hackathon,72,3,beginner,"Python, Firebase",Deal give student rich series marriage how quickly film plan room present hour south Congress every song require.
PRJ00344,STU0442,DevOps Deployment Platform,personal,42,11,beginner,"Docker, Git, Node.js",It size without week everyone mother military support continue around nearly national first.
PRJ00345,STU0200,Smart Attendance System,internship,22,4,advanced,"Python, Firebase",Dream identify enjoy stage receive often prepare find food health character rise actually consider style however daughter information authority several century.
PRJ00346,STU0219,Expense Tracker,hackathon,42,3,intermediate,"React, Node.js, MongoDB",Blue majority detail attention development husband team property civil total employee assume so land manage away before.
PRJ00347,STU0066,Student Management System,internship,95,11,intermediate,"Java, SQL",Site war American center south crime approach idea side model young total environmental next past heart production member soldier light laugh bring sound some important.
PRJ00348,STU0218,Smart Attendance System,internship,90,5,advanced,"Python, Firebase",Each provide team choice similar agreement part fund within sea attack his effort stuff news mouth not garden happy.
PRJ00349,STU0472,Data Analytics Dashboard,internship,112,18,intermediate,"Python, Data Science, SQL",Discussion hair professional spend her light between view space one without glass nation measure whole myself eye now hundred evening face maintain success you design according experience.
PRJ00350,STU0276,Portfolio Website,internship,141,18,beginner,"HTML/CSS, JavaScript",Camera entire laugh onto above training identify well debate enough door take.
PRJ00351,STU0197,E-Commerce Platform,internship,139,19,advanced,"JavaScript, React, Node.js, SQL",President small event yeah matter wide likely month suddenly ready range nearly.
PRJ00352,STU0416,Expense Tracker,personal,27,8,intermediate,"React, Node.js, MongoDB",Civil single everyone much at middle per strong produce state sell painting somebody need free reason song pass management alone real management feel manage TV daughter relate.
PRJ00353,STU0002,Data Analytics Dashboard,academic,97,18,intermediate,"Python, Data Science, SQL",Item few child letter billion free activity century stuff front but sell side look accept stop thus condition others suffer last decision bill billion student.
PRJ00354,STU0491,Student Management System,academic,20,12,intermediate,"Java, SQL",Early too surface about pretty main more challenge sister such line head already system parent eye them phone charge which skill spend every case ability person.
PRJ00355,STU0435,Online Examination System,personal,80,15,beginner,"Java, SQL",Daughter meeting say deal wrong audience discussion then market level whom draw college campaign deep continue during executive.
PRJ00356,STU0428,Online Examination System,internship,67,7,beginner,"Java, SQL",Tonight quickly help possible piece stop national detail perform social debate inside step gun draw himself fall worry prevent speech popular.
PRJ00357,STU0029,Expense Tracker,personal,35,5,intermediate,"React, Node.js, MongoDB",Feeling over tax central against woman number job million long white information first break whether network.
PRJ00358,STU0376,AI Resume Analyzer,internship,100,2,advanced,"Python, FastAPI, Machine Learning",Actually politics keep type why suddenly despite face trial thing forget environmental woman quickly likely wonder ability could.
PRJ00359,STU0055,AI Chatbot,academic,127,20,beginner,"Python, FastAPI, Machine Learning",Season present test may high improve area beat though statement main contain friend you customer rock cover among really especially listen.
PRJ00360,STU0016,Student Management System,hackathon,41,3,beginner,"Java, SQL",Meeting wear law respond eat save send under information range sort side yard.
PRJ00361,STU0040,AI Resume Analyzer,internship,43,6,intermediate,"Python, FastAPI, Machine Learning",Then leave tell its recent probably third onto PM party eye culture explain cup knowledge any heavy peace type through half season evening cultural expect treatment.
PRJ00362,STU0381,Student Management System,hackathon,125,14,advanced,"Java, SQL",Play start nearly admit build pull step from study science admit design enter argue trip coach business contain future let.
PRJ00363,STU0173,Smart Attendance System,academic,78,4,beginner,"Python, Firebase",Skill food war design time must participant middle set generation pass national perhaps street authority once mission fire this what.
PRJ00364,STU0031,DevOps Deployment Platform,academic,49,17,beginner,"Docker, Git, Node.js",Attention hot often continue focus consider dinner range on direction case certain.
PRJ00365,STU0006,Hospital Management System,internship,121,18,advanced,"Java, SQL",Level never push watch data father truth attention company prepare again occur quite whether many visit that great whatever policy up memory after election mother.
PRJ00366,STU0425,Food Delivery Application,hackathon,63,14,beginner,"React, Node.js, MongoDB",These wear fly serious again late cell forget camera organization by her along pick voice accept star compare appear.
PRJ00367,STU0140,E-Commerce Platform,internship,37,7,intermediate,"JavaScript, React, Node.js, SQL",Agree air wind eat which social approach body exist drive relationship research score bad so yard a cold from of involve sit central story interesting south.
PRJ00368,STU0317,AI Resume Analyzer,personal,105,6,advanced,"Python, FastAPI, Machine Learning",Boy around since while tonight yet music mission floor three movie claim born yard moment.
PRJ00369,STU0500,Portfolio Website,academic,124,16,intermediate,"HTML/CSS, JavaScript",These attorney matter thus by sport action start far trade according person somebody.
PRJ00370,STU0335,AI Chatbot,internship,102,6,beginner,"Python, FastAPI, Machine Learning",Recognize thus tonight strong book start thought show approach support cold head pull direction she represent save course thank.
PRJ00371,STU0412,Face Recognition System,internship,54,9,beginner,"Python, Machine Learning",Individual important sometimes anything class month bag player gas education treat reality paper either energy.
PRJ00372,STU0054,E-Commerce Platform,hackathon,90,1,beginner,"JavaScript, React, Node.js, SQL",New base dark power career everyone later serve fear cover out term own drop even say several money unit represent market form.
PRJ00373,STU0145,Student Management System,academic,21,7,advanced,"Java, SQL",Themselves any professional decision than national positive town guy body investment million million office piece.
PRJ00374,STU0006,Recommendation System,hackathon,53,18,beginner,"Python, Machine Learning, Data Science",Ahead music respond page hotel herself now purpose must gun or pass measure manage.
PRJ00375,STU0327,DevOps Deployment Platform,academic,66,9,beginner,"Docker, Git, Node.js",Rather American character far happy recently study section small total increase allow west heavy.
PRJ00376,STU0292,Cloud File Manager,academic,149,16,beginner,"React, Firebase",Understand lead think for reduce feeling dream between themselves almost build your some image avoid.
PRJ00377,STU0025,Face Recognition System,academic,84,1,intermediate,"Python, Machine Learning",Gas war treat young goal sell response great no degree instead child kitchen sort drive between spring political when whose almost price stuff rich talk low.
PRJ00378,STU0385,Food Delivery Application,internship,133,7,intermediate,"React, Node.js, MongoDB",Defense chance situation culture dog who them not no act line modern own present lose if parent simple of major everything.
PRJ00379,STU0385,Hospital Management System,hackathon,38,4,intermediate,"Java, SQL",Lead nation war machine music tend Republican red notice area hit rule.
PRJ00380,STU0209,DevOps Deployment Platform,academic,133,5,beginner,"Docker, Git, Node.js",Congress another apply police interest letter reach worker effort similar society take wall.
PRJ00381,STU0301,Recommendation System,internship,127,19,beginner,"Python, Machine Learning, Data Science",Decision hospital wife cause better think situation that customer education other good month natural ok south.
PRJ00382,STU0149,Student Management System,personal,123,3,advanced,"Java, SQL",Visit cell early amount even picture bag along full tree decision thus draw character while along black go then recognize.
PRJ00383,STU0048,Expense Tracker,personal,60,5,advanced,"React, Node.js, MongoDB",Start cup question former might fine positive seven story stage man suffer bank inside particular.
PRJ00384,STU0083,Portfolio Website,hackathon,119,5,intermediate,"HTML/CSS, JavaScript",Catch run popular look piece attack sure able send clearly other with who late doctor after mother size nothing recently.
PRJ00385,STU0149,Face Recognition System,internship,15,13,beginner,"Python, Machine Learning",Do executive east him side usually general poor certain true what loss generation language prevent rock city myself.
PRJ00386,STU0107,Cloud File Manager,academic,44,19,advanced,"React, Firebase",Traditional voice base several artist Congress like value song boy him any seem rather myself various manager dark entire we accept conference.
PRJ00387,STU0255,E-Commerce Platform,academic,41,10,advanced,"JavaScript, React, Node.js, SQL",Story inside leg big into style daughter ready last without accept local how dark suggest determine check so different make do.
PRJ00388,STU0445,Recommendation System,academic,132,4,intermediate,"Python, Machine Learning, Data Science",My fish before foreign explain ok coach various four in far hear shoulder state perform low point stuff wait design stage be institution spring.
PRJ00389,STU0161,Student Management System,hackathon,46,3,intermediate,"Java, SQL",Personal approach report those lose red light may adult black off leader with idea value stop.
PRJ00390,STU0296,Face Recognition System,hackathon,27,3,beginner,"Python, Machine Learning",Mean recognize guess city learn store move world late law building kid language third yourself job parent against money room product common story enter record chair.
PRJ00391,STU0364,Recommendation System,internship,71,16,intermediate,"Python, Machine Learning, Data Science",Break material marriage concern sort either claim eat land water quickly hospital everyone little man west eat table.
PRJ00392,STU0391,DevOps Deployment Platform,internship,40,4,advanced,"Docker, Git, Node.js",Which property research major talk necessary key himself tax consider sound popular war car some minute behind happy center term.
PRJ00393,STU0250,AI Resume Analyzer,hackathon,78,13,intermediate,"Python, FastAPI, Machine Learning",Cold shoulder church girl physical set Democrat time our model stay its list charge edge Democrat relate purpose put local seek develop whether next really near result.
PRJ00394,STU0439,Cloud File Manager,personal,117,12,advanced,"React, Firebase",Produce half small wind so team side require budget movie act as fill above build truth mean different under ability.
PRJ00395,STU0433,Cloud File Manager,hackathon,100,3,advanced,"React, Firebase",Reality forget budget usually well similar against record subject simply deep language to work foreign threat support sometimes body lead wear.
PRJ00396,STU0212,Portfolio Website,internship,72,2,advanced,"HTML/CSS, JavaScript",Speech somebody test other support director opportunity person manage arrive fly success military power become political run clearly church fact PM brother hope.
PRJ00397,STU0330,AI Resume Analyzer,personal,148,1,beginner,"Python, FastAPI, Machine Learning",Successful front stay history mother charge remember letter especially fire strong key southern land everything American ball gas attack official several understand area set remember among nearly.
PRJ00398,STU0437,E-Commerce Platform,hackathon,101,6,advanced,"JavaScript, React, Node.js, SQL",Fear pass build daughter customer source choose subject grow group third next past face affect point one.
PRJ00399,STU0205,Online Examination System,academic,62,13,intermediate,"Java, SQL",College star more wall manage wide western measure sort raise husband physical body wife letter behind and boy agreement ability beautiful.
PRJ00400,STU0343,E-Commerce Platform,hackathon,124,15,advanced,"JavaScript, React, Node.js, SQL",Key determine discuss various would response whole center wall cut tree where purpose open everyone employee.
PRJ00401,STU0274,DevOps Deployment Platform,internship,32,3,beginner,"Docker, Git, Node.js",Possible else task now thought occur put tree purpose onto team tax pick whole world site soon body rate society voice they.
PRJ00402,STU0375,E-Commerce Platform,internship,115,7,intermediate,"JavaScript, React, Node.js, SQL",Mrs focus learn piece also later never deal thousand common east five behavior reality.
PRJ00403,STU0169,E-Commerce Platform,hackathon,92,20,intermediate,"JavaScript, React, Node.js, SQL",Financial teacher ask gas officer care give would cut as check role also fine company cost price as.
PRJ00404,STU0109,Expense Tracker,internship,34,9,intermediate,"React, Node.js, MongoDB",Check turn show continue political pay beyond record plan value away high hear.
PRJ00405,STU0020,Portfolio Website,personal,125,5,advanced,"HTML/CSS, JavaScript",Capital tend act show bill national audience certain already education situation unit drop safe military interest if finally hospital fish dream artist describe just thousand.
PRJ00406,STU0110,Face Recognition System,academic,102,2,intermediate,"Python, Machine Learning",Continue laugh play spring market cold similar success nice sure generation source soon claim parent scene huge nothing learn scene television.
PRJ00407,STU0405,Hospital Management System,internship,59,2,beginner,"Java, SQL",Human speech leave learn some dark organization audience plant fall he old reason eye six only apply season happy significant author enter themselves.
PRJ00408,STU0445,AI Resume Analyzer,internship,74,9,advanced,"Python, FastAPI, Machine Learning",Develop old huge leader interview push watch security travel situation pattern cause song type mind economic audience later art beautiful list discussion where.
PRJ00409,STU0091,E-Commerce Platform,personal,22,9,intermediate,"JavaScript, React, Node.js, SQL",Rule fast by school collection opportunity player only each natural maintain another free light put plant wind evidence training.
PRJ00410,STU0042,Food Delivery Application,internship,112,17,beginner,"React, Node.js, MongoDB",Memory arm head begin daughter raise success happen debate set teacher language question everybody what thousand soldier decision stock finish theory our house enter hope.
PRJ00411,STU0343,DevOps Deployment Platform,hackathon,52,2,beginner,"Docker, Git, Node.js",Lot five fact so follow standard Mr long something power table together trade establish fill school.
PRJ00412,STU0459,DevOps Deployment Platform,internship,92,10,beginner,"Docker, Git, Node.js",Personal become decade personal these despite company suddenly practice everything full tend within agent far help become example bring true rich example.
PRJ00413,STU0102,Face Recognition System,internship,128,16,advanced,"Python, Machine Learning",Community position road deep say step rise strategy score behavior concern nature sing step now participant statement language but board.
PRJ00414,STU0353,Recommendation System,personal,116,12,advanced,"Python, Machine Learning, Data Science",Speak well manage oil song property month page American still fill tree ability food support measure college maybe speak nation safe everyone capital door.
PRJ00415,STU0293,Hospital Management System,academic,148,20,beginner,"Java, SQL",May bank Mr from phone provide fear expect color generation bank person put.
PRJ00416,STU0040,Expense Tracker,personal,87,11,beginner,"React, Node.js, MongoDB",Political vote government instead activity less bank brother police claim develop reflect grow rock them vote shake base grow rest time anything organization hear.
PRJ00417,STU0078,DevOps Deployment Platform,internship,42,16,intermediate,"Docker, Git, Node.js",Hotel explain cold husband believe begin song between seek alone million test anyone sense police open mission play region.
PRJ00418,STU0059,Recommendation System,internship,72,17,advanced,"Python, Machine Learning, Data Science",All another again specific energy interesting past age finish ago usually own above entire again else movie degree change owner single senior.
PRJ00419,STU0002,Smart Attendance System,personal,120,19,beginner,"Python, Firebase",Whom rock manage customer keep show can model course because why land behavior two director send increase future about because too.
PRJ00420,STU0019,Data Analytics Dashboard,personal,112,18,beginner,"Python, Data Science, SQL",Mention discover public attorney young skill increase particularly win career red he population better pretty end along share consumer.
PRJ00421,STU0308,Hospital Management System,personal,94,7,beginner,"Java, SQL",Anyone reach many practice production instead lawyer surface clear age situation activity minute new father year American push but service dog system local surface about social say.
PRJ00422,STU0498,AI Chatbot,academic,99,12,beginner,"Python, FastAPI, Machine Learning",Fall pay store draw brother care before road us movement none material room skill performance room much key draw major every occur.
PRJ00423,STU0155,DevOps Deployment Platform,hackathon,133,4,advanced,"Docker, Git, Node.js",Arrive her quickly ago federal such service development force majority condition worker lawyer sense director organization crime course court well discussion.
PRJ00424,STU0256,AI Chatbot,internship,110,14,intermediate,"Python, FastAPI, Machine Learning",Because significant probably network need campaign why game even during cell forget kid rise us figure teach machine seat next three system trial race find story.
PRJ00425,STU0181,Online Examination System,internship,138,11,beginner,"Java, SQL",Its career ahead president main else language choice can arm entire run she every teach should join hour piece cell student appear attention local teacher state live.
PRJ00426,STU0475,Student Management System,internship,114,12,beginner,"Java, SQL",Federal special together run perhaps film consumer just as police off throw official international enjoy since someone party share much line since.
PRJ00427,STU0284,Cloud File Manager,personal,143,14,intermediate,"React, Firebase",Nature someone agent key upon adult loss Mrs season too large player family benefit during avoid animal modern energy.
PRJ00428,STU0146,Online Examination System,internship,77,20,beginner,"Java, SQL",Organization decision quality decade like all family most billion present decade so might others whole ok fight computer whether fall key attorney knowledge feeling high.
PRJ00429,STU0045,Recommendation System,academic,27,1,advanced,"Python, Machine Learning, Data Science",Strategy to feel theory commercial voice arrive quality style again if result exist ever back conference policy.
PRJ00430,STU0478,Hospital Management System,academic,132,20,advanced,"Java, SQL",Message discussion everyone want our national family travel light reflect reason drug stock.
PRJ00431,STU0052,AI Chatbot,internship,133,19,beginner,"Python, FastAPI, Machine Learning",Treatment of produce compare resource face value film moment American campaign forget give far of line remain size you evidence.
PRJ00432,STU0342,Food Delivery Application,internship,59,8,intermediate,"React, Node.js, MongoDB",Discuss serve large quite up stay song eight thus really rule ok maintain argue what avoid sea card education compare many either order citizen skin.
PRJ00433,STU0283,Hospital Management System,academic,55,16,beginner,"Java, SQL",Visit or person cause Congress indicate activity it when politics upon wide doctor cell win way consumer pass total table marriage.
PRJ00434,STU0180,Recommendation System,internship,110,13,beginner,"Python, Machine Learning, Data Science",Check among scientist blood these meet test teacher word interesting hard couple free hotel green offer after adult local knowledge enter.
PRJ00435,STU0482,Face Recognition System,personal,134,10,intermediate,"Python, Machine Learning",Professor material trade together newspaper wind plan when true lead machine station manager me yard.
PRJ00436,STU0451,AI Chatbot,hackathon,83,14,advanced,"Python, FastAPI, Machine Learning",Industry prepare almost think crime film PM note rate service animal TV themselves oil management nature computer want century inside line project prevent.
PRJ00437,STU0124,AI Resume Analyzer,internship,13,1,beginner,"Python, FastAPI, Machine Learning",Draw visit mind account person eight tell owner information happen produce never future station theory scene science just break movie particularly.
PRJ00438,STU0079,Recommendation System,hackathon,137,20,intermediate,"Python, Machine Learning, Data Science",Across send live class own discover great southern perhaps ever near carry.
PRJ00439,STU0172,Student Management System,internship,66,18,intermediate,"Java, SQL",Arm history difficult region hold change hotel window third politics however agent film red strong compare alone later record pretty method.
PRJ00440,STU0099,Cloud File Manager,internship,18,19,intermediate,"React, Firebase",Choice serious stage skill suggest popular believe such expect out feeling me kid well speech front compare type.
PRJ00441,STU0066,AI Chatbot,internship,49,13,intermediate,"Python, FastAPI, Machine Learning",Future early cost talk agent economic get yet third hit attack former area book wife thus game measure approach party new try view cell executive.
PRJ00442,STU0265,Student Management System,internship,64,4,advanced,"Java, SQL",And yes consider around phone change news poor forget me none pretty move goal music talk weight everybody which one top area air.
PRJ00443,STU0411,Student Management System,academic,105,9,advanced,"Java, SQL",Song especially pull traditional color live during camera face record defense rule white water necessary remember whether big huge.
PRJ00444,STU0082,Face Recognition System,personal,28,3,beginner,"Python, Machine Learning",Network create per body great view blue note list fact record easy fast however season sit health street daughter pay together development.
PRJ00445,STU0224,AI Resume Analyzer,personal,12,20,advanced,"Python, FastAPI, Machine Learning",Lay real must edge subject event base beautiful wall dog indeed provide easy product hit apply last type next administration he.
PRJ00446,STU0279,DevOps Deployment Platform,academic,102,1,advanced,"Docker, Git, Node.js",Free responsibility always present but provide present part suffer safe town risk seem artist anything white option increase subject mention view design activity above.
PRJ00447,STU0376,Student Management System,internship,96,6,beginner,"Java, SQL",College very speak accept short indicate low ground choice for themselves crime others beat officer indicate carry too election door apply close yes fish.
PRJ00448,STU0335,DevOps Deployment Platform,personal,81,7,advanced,"Docker, Git, Node.js",Fear house including join performance professional space have side able term attorney surface tonight certainly yeah between exist very music expert.
PRJ00449,STU0431,Data Analytics Dashboard,internship,71,2,intermediate,"Python, Data Science, SQL",Rest she ability focus new list state camera source course can beyond remember account add reach action carry practice move walk.
PRJ00450,STU0043,DevOps Deployment Platform,personal,10,19,beginner,"Docker, Git, Node.js",Significant require field response face left arrive picture light why pick stand minute time number military officer role success idea.
PRJ00451,STU0057,Smart Attendance System,academic,32,5,intermediate,"Python, Firebase",Anything single believe happen high side our produce meeting leave however agreement way.
PRJ00452,STU0135,DevOps Deployment Platform,personal,28,3,intermediate,"Docker, Git, Node.js",Guy later expert through know music out relate paper act one argue then age trial maintain mention peace laugh if argue condition we record agreement senior industry.
PRJ00453,STU0433,Face Recognition System,personal,105,4,intermediate,"Python, Machine Learning",Stay meet nation your leg return positive he open day point water.
PRJ00454,STU0408,AI Resume Analyzer,internship,23,16,advanced,"Python, FastAPI, Machine Learning",Machine appear health eat likely compare determine exactly deal quite result but build follow smile fast former civil majority away discover rich gas future perform music day.
PRJ00455,STU0040,Data Analytics Dashboard,internship,101,11,advanced,"Python, Data Science, SQL",Thus pick east behavior success record bed exist head member interest eight commercial method stuff Mrs machine activity.
PRJ00456,STU0466,Smart Attendance System,personal,51,10,beginner,"Python, Firebase",Feeling picture red both democratic tonight picture again skill keep program city also sort attention anything reality poor could popular free side we.
PRJ00457,STU0463,Student Management System,academic,35,11,intermediate,"Java, SQL",Address find argue notice image value capital summer might just hot radio your than.
PRJ00458,STU0248,Cloud File Manager,academic,45,17,advanced,"React, Firebase",Door white before accept letter indeed set always reason enter success physical vote million yes against reduce its position car remember reason piece option onto.
PRJ00459,STU0131,DevOps Deployment Platform,academic,54,20,beginner,"Docker, Git, Node.js",Help represent recognize three station animal ball avoid treatment it wish work west participant stop space adult all.
PRJ00460,STU0275,AI Resume Analyzer,personal,60,12,beginner,"Python, FastAPI, Machine Learning",Difference could color able follow possible near draw street friend girl statement again image answer Democrat real theory risk new debate wait arm you just hair.
PRJ00461,STU0461,Data Analytics Dashboard,academic,88,5,beginner,"Python, Data Science, SQL",Scene crime customer point understand difference arm fall whose either everything control reduce image information involve human per.
PRJ00462,STU0043,Expense Tracker,personal,73,9,intermediate,"React, Node.js, MongoDB",Within edge energy media tell most poor next those amount listen win first affect tax church debate produce claim.
PRJ00463,STU0103,E-Commerce Platform,hackathon,146,10,intermediate,"JavaScript, React, Node.js, SQL",Force three write pattern wife throughout yourself six bill play clear technology.
PRJ00464,STU0382,Recommendation System,internship,116,17,intermediate,"Python, Machine Learning, Data Science",Guess outside long yourself field price health local fund enter reveal personal.
PRJ00465,STU0473,Data Analytics Dashboard,hackathon,49,7,advanced,"Python, Data Science, SQL",Hope ahead in article get reach perhaps door policy south ready democratic southern.
PRJ00466,STU0434,DevOps Deployment Platform,hackathon,105,4,advanced,"Docker, Git, Node.js",Doctor girl direction ten hotel others teach professional tend behind stuff appear company another central street decision.
PRJ00467,STU0407,Recommendation System,hackathon,47,7,advanced,"Python, Machine Learning, Data Science",Institution describe drive become trial ability growth big letter however society stop body how rather.
PRJ00468,STU0250,Hospital Management System,internship,113,20,advanced,"Java, SQL",Generation heavy skin whatever pretty let throughout finish film during bank result involve end stuff simple lawyer read.
PRJ00469,STU0140,Online Examination System,hackathon,32,20,intermediate,"Java, SQL",College man recognize group well partner rule any identify southern particular maintain loss lay tonight lawyer down memory stop task important able ahead receive learn adult board animal.
PRJ00470,STU0220,Data Analytics Dashboard,hackathon,100,3,intermediate,"Python, Data Science, SQL",Scientist fish suggest read case friend letter sign real nation reach line policy call and attention.
PRJ00471,STU0086,DevOps Deployment Platform,academic,135,9,advanced,"Docker, Git, Node.js",Foreign road dog surface question management look avoid no upon today outside old manage money together simple time building read national actually television billion less effort project.
PRJ00472,STU0210,Food Delivery Application,hackathon,106,1,beginner,"React, Node.js, MongoDB",Itself scene owner dream spring become other high increase boy entire to compare meet those talk final bar high.
PRJ00473,STU0093,Recommendation System,hackathon,114,6,intermediate,"Python, Machine Learning, Data Science",Thank apply very rate play use center decade suffer sing decision ability ground set theory can nor ask benefit word beyond.
PRJ00474,STU0126,E-Commerce Platform,personal,100,12,beginner,"JavaScript, React, Node.js, SQL",Activity under education range people lot thus evening often throw within determine everybody again method eat rich.
PRJ00475,STU0400,Face Recognition System,academic,7,11,advanced,"Python, Machine Learning",Congress image measure ability inside can most appear voice husband bad laugh huge military necessary this.
PRJ00476,STU0006,Expense Tracker,hackathon,59,15,advanced,"React, Node.js, MongoDB",List case know director reflect large poor blood true add air space worry.
PRJ00477,STU0408,Face Recognition System,personal,148,3,intermediate,"Python, Machine Learning",Site food skin food time month imagine cause better no unit particular agent.
PRJ00478,STU0146,Cloud File Manager,personal,139,7,beginner,"React, Firebase",Indicate prove money instead past feeling response parent message hair bed pull window.
PRJ00479,STU0288,Food Delivery Application,academic,112,14,intermediate,"React, Node.js, MongoDB",Top number local other four baby up true training national available bill social Republican time crime husband while specific focus ground artist face.
PRJ00480,STU0417,Face Recognition System,personal,55,2,intermediate,"Python, Machine Learning",Something fund wind always lawyer less word six group hit environment page nature consider collection entire its collection political out detail force shake ten.
PRJ00481,STU0256,AI Resume Analyzer,hackathon,112,4,beginner,"Python, FastAPI, Machine Learning",Democratic threat bad treatment item product challenge recognize community station she conference gas address part professional step rest glass table in establish brother should.
PRJ00482,STU0232,Student Management System,hackathon,103,8,advanced,"Java, SQL",Threat research list herself need question else including choice already type and discover have baby nearly call just exactly rather late beautiful perform carry different stop.
PRJ00483,STU0011,Food Delivery Application,academic,6,15,intermediate,"React, Node.js, MongoDB",International for fact poor million travel view whom before sure involve candidate care health stop pay feeling candidate talk animal increase build word.
PRJ00484,STU0068,Online Examination System,internship,14,18,advanced,"Java, SQL",Care strong him standard stay us drop industry space attention within stage during maintain often.
PRJ00485,STU0021,Face Recognition System,academic,22,16,beginner,"Python, Machine Learning",Tree drive task gun best game apply affect arrive security consider turn such establish.
PRJ00486,STU0425,Recommendation System,internship,82,9,intermediate,"Python, Machine Learning, Data Science",Attention arrive its environmental agreement lead believe deep range feeling TV state stock federal resource reason ten would car include than spring trouble.
PRJ00487,STU0386,Face Recognition System,internship,25,18,intermediate,"Python, Machine Learning",International own son report kitchen low painting according shake table entire trouble with like situation suddenly production international its recent know across send cell guy visit art computer.
PRJ00488,STU0253,Cloud File Manager,academic,105,10,advanced,"React, Firebase",Oil majority shoulder system wait effect town policy safe able expert green population him tonight drug certainly.
PRJ00489,STU0233,Smart Attendance System,academic,100,20,beginner,"Python, Firebase",Situation ago dog one discussion still air for meet pressure whatever political strong letter anything new.
PRJ00490,STU0015,Data Analytics Dashboard,academic,7,5,beginner,"Python, Data Science, SQL",Both on learn hospital discussion kind build or social political employee develop rise because structure else mean return fact.
PRJ00491,STU0166,Online Examination System,internship,62,6,beginner,"Java, SQL",Among think sea society prepare its bad see analysis per person program down process room until provide develop process strategy.
PRJ00492,STU0098,Expense Tracker,hackathon,142,1,advanced,"React, Node.js, MongoDB",Heavy property growth world bad especially wonder operation list reason manage success hope general everything hit choose test.
PRJ00493,STU0445,AI Resume Analyzer,hackathon,16,4,beginner,"Python, FastAPI, Machine Learning",Put kitchen training network child lose week political moment guess risk maybe difference say according hard add cost car continue.
PRJ00494,STU0485,Food Delivery Application,academic,72,11,advanced,"React, Node.js, MongoDB",Amount loss include yourself more various chance compare half weight no simply exactly black common skin point face book five man social identify.
PRJ00495,STU0314,Recommendation System,internship,74,6,beginner,"Python, Machine Learning, Data Science",Song instead you along take most meeting federal police test political fall.
PRJ00496,STU0299,Smart Attendance System,academic,37,11,beginner,"Python, Firebase",Significant analysis east environmental summer those interesting purpose so exist official risk could quality name newspaper present owner need number reduce reduce remain.
PRJ00497,STU0386,Cloud File Manager,internship,119,4,advanced,"React, Firebase",Either quickly each man meeting why get create both Congress which ready provide report everybody force admit significant person agreement theory loss human during voice owner.
PRJ00498,STU0271,Data Analytics Dashboard,internship,130,9,intermediate,"Python, Data Science, SQL",Determine free often class mean describe loss source throughout do bar together sound somebody pattern.
PRJ00499,STU0396,Expense Tracker,internship,62,3,intermediate,"React, Node.js, MongoDB",Decide civil spend political once fight modern tonight go Mr with industry trouble me wear politics live leader machine.
PRJ00500,STU0393,Food Delivery Application,academic,95,18,beginner,"React, Node.js, MongoDB",Attack particularly campaign good there attorney herself world bar per heart red.
PRJ00501,STU0338,AI Chatbot,personal,24,3,intermediate,"Python, FastAPI, Machine Learning",Buy before upon big attack rise participant attorney standard street exist evidence.
PRJ00502,STU0031,Data Analytics Dashboard,academic,60,15,intermediate,"Python, Data Science, SQL",Vote finally still place both two TV final Democrat check experience son those affect per fund after message oil year magazine senior simply law north kid.
PRJ00503,STU0097,Smart Attendance System,academic,92,7,advanced,"Python, Firebase",Hold house check activity report make life character deep ask degree since these deep inside third adult away partner firm two.
PRJ00504,STU0390,Portfolio Website,hackathon,84,15,advanced,"HTML/CSS, JavaScript",Each size section strategy firm long carry partner tree share apply serve know old woman base onto board race dinner entire radio road he positive TV.
PRJ00505,STU0079,Online Examination System,academic,38,8,intermediate,"Java, SQL",Gun night west cell general be physical sister up program couple wonder hour lose two drive organization.
PRJ00506,STU0198,Smart Attendance System,personal,107,7,beginner,"Python, Firebase",Common such boy you realize sell blood experience may matter father include reality move early page.
PRJ00507,STU0143,Hospital Management System,personal,83,19,advanced,"Java, SQL",Then measure part across age hour bank offer shake second player student their run whom often put also born.
PRJ00508,STU0053,Student Management System,internship,32,4,beginner,"Java, SQL",Much design ten see wear couple soon memory threat ability worker number major yard wind pressure threat oil reach about buy a environmental scientist improve him.
PRJ00509,STU0009,DevOps Deployment Platform,internship,52,9,beginner,"Docker, Git, Node.js",Day life special all part still support have page first action education family discuss base live firm southern their lot language or hundred.
PRJ00510,STU0244,AI Chatbot,internship,95,9,beginner,"Python, FastAPI, Machine Learning",Show week skill between talk do or fish option other price window recently miss contain then benefit why affect risk surface administration none.
PRJ00511,STU0475,Portfolio Website,academic,95,14,beginner,"HTML/CSS, JavaScript",Benefit activity more meet church money other we sense foot someone above never pressure truth agency develop parent next visit ever add in.
PRJ00512,STU0078,Hospital Management System,internship,135,11,beginner,"Java, SQL",Save Mrs democratic more data learn experience very happen arrive consumer my unit past our.
PRJ00513,STU0226,Food Delivery Application,hackathon,30,2,advanced,"React, Node.js, MongoDB",Improve there no hot event group despite down western color democratic customer however kitchen impact soon why which party less away.
PRJ00514,STU0196,Expense Tracker,internship,54,10,beginner,"React, Node.js, MongoDB",Bring bed range her truth Mrs toward school list even listen cell important chair use.
PRJ00515,STU0207,Student Management System,hackathon,140,20,intermediate,"Java, SQL",Discover improve around gun building democratic himself day catch recognize face upon rather such carry news born still agency oil reveal.
PRJ00516,STU0266,Hospital Management System,academic,17,8,beginner,"Java, SQL",Compare commercial present room hard senior apply wait south national measure option group road sure coach last teacher into market newspaper point teacher attorney everybody data per.
PRJ00517,STU0113,E-Commerce Platform,academic,14,19,intermediate,"JavaScript, React, Node.js, SQL",Interest official marriage specific detail affect purpose skill line maintain green specific.
PRJ00518,STU0123,E-Commerce Platform,academic,75,8,advanced,"JavaScript, React, Node.js, SQL",Include if behavior artist open discover same society page activity available hair standard since to few box must eight somebody take.
PRJ00519,STU0359,Expense Tracker,internship,105,13,beginner,"React, Node.js, MongoDB",Itself soon something cut sure production education these material part one new research force newspaper table write leader interest win body window close upon probably.
PRJ00520,STU0113,Expense Tracker,hackathon,131,7,beginner,"React, Node.js, MongoDB",Prevent admit together capital various indeed area president hope it evening strategy movement art.
PRJ00521,STU0403,Data Analytics Dashboard,hackathon,78,20,intermediate,"Python, Data Science, SQL",Only three sort picture over fall house from when result young as form young who herself.
PRJ00522,STU0376,AI Resume Analyzer,academic,52,17,advanced,"Python, FastAPI, Machine Learning",Else thing court fall indicate impact trial assume find country building firm rule manage up maybe recognize walk risk morning goal.
PRJ00523,STU0319,Smart Attendance System,hackathon,66,6,intermediate,"Python, Firebase",Far particularly share most create long statement member phone hospital rule speak.
PRJ00524,STU0349,E-Commerce Platform,personal,52,11,intermediate,"JavaScript, React, Node.js, SQL",Management itself window activity floor together his phone decide rock in soldier attention on blood education community save raise new suddenly everything sense.
PRJ00525,STU0073,AI Resume Analyzer,internship,114,11,beginner,"Python, FastAPI, Machine Learning",Local act quality partner good model part guess wonder it increase the wonder person over catch push.
PRJ00526,STU0091,Food Delivery Application,academic,48,1,advanced,"React, Node.js, MongoDB",Institution help course talk cold tell medical cultural onto car police a accept order.
PRJ00527,STU0181,Smart Attendance System,academic,130,8,intermediate,"Python, Firebase",Society teacher so night point miss score time road young number happen consumer hospital exist.
PRJ00528,STU0057,AI Resume Analyzer,academic,150,10,beginner,"Python, FastAPI, Machine Learning",Nation first upon seek fight this create still century quickly marriage officer maybe ago discussion program last watch need consider street argue during energy which method.
PRJ00529,STU0269,Portfolio Website,personal,42,4,beginner,"HTML/CSS, JavaScript",Yard check population back she mother item rich research factor other majority without father each difficult.
PRJ00530,STU0156,Recommendation System,hackathon,120,16,advanced,"Python, Machine Learning, Data Science",South must deep trade positive do strategy when game yeah view prepare ten within hundred.
PRJ00531,STU0180,Portfolio Website,hackathon,129,9,intermediate,"HTML/CSS, JavaScript",Media pattern nation stop rich matter account focus over lawyer that positive service position himself rock everything sense speech.
PRJ00532,STU0235,AI Resume Analyzer,hackathon,82,11,advanced,"Python, FastAPI, Machine Learning",Fall their six stay degree follow course key partner accept star into alone we senior.
PRJ00533,STU0397,AI Chatbot,internship,33,9,advanced,"Python, FastAPI, Machine Learning",We now thank paper certainly wish myself yard popular section hard former investment whom Congress represent answer south various physical indicate everyone cover fight material meeting.
PRJ00534,STU0266,Expense Tracker,academic,42,14,beginner,"React, Node.js, MongoDB",Nothing might stay use several mother return standard others throughout outside policy however sometimes upon report ten difference enough pretty current since agree kind agreement.
PRJ00535,STU0338,Student Management System,hackathon,132,1,beginner,"Java, SQL",Only cell citizen defense measure situation while politics serious begin by film expert could accept paper whatever follow stuff other foreign high paper step town.
PRJ00536,STU0296,Expense Tracker,internship,97,7,advanced,"React, Node.js, MongoDB",Itself system local hope analysis family daughter executive her business price practice on increase affect seat decade natural.
PRJ00537,STU0046,Data Analytics Dashboard,internship,32,9,advanced,"Python, Data Science, SQL",Staff meet guess chair side apply future image evidence figure fly your head event doctor else case take.
PRJ00538,STU0348,Portfolio Website,internship,139,6,intermediate,"HTML/CSS, JavaScript",Focus mention something whole hope food position explain college time plan program finish think her break never key.
PRJ00539,STU0467,AI Chatbot,hackathon,89,13,advanced,"Python, FastAPI, Machine Learning",Anything with future along property significant government back or toward toward option movie car when product week long relationship answer name article in phone since product.
PRJ00540,STU0214,Food Delivery Application,hackathon,53,2,advanced,"React, Node.js, MongoDB",President song ever thus Mrs occur per industry drive effort occur ball win until color statement stage rise run whose citizen arrive defense.
PRJ00541,STU0267,Expense Tracker,hackathon,36,14,intermediate,"React, Node.js, MongoDB",Win state take show leg billion pay turn plan weight remember explain knowledge language cut recently brother spend every appear improve example move.
PRJ00542,STU0291,Recommendation System,hackathon,78,4,beginner,"Python, Machine Learning, Data Science",Cold network wife back conference treat friend toward hand property direction care determine upon sing.
PRJ00543,STU0256,DevOps Deployment Platform,personal,124,5,advanced,"Docker, Git, Node.js",Often detail law four let do continue stop pattern citizen much past these analysis personal allow choose.
PRJ00544,STU0495,Food Delivery Application,personal,82,16,intermediate,"React, Node.js, MongoDB",Act expect safe make find material power employee fast baby huge wonder prove plan strategy professor cause upon station street agent someone challenge even serve prepare training.
PRJ00545,STU0034,Recommendation System,hackathon,8,15,beginner,"Python, Machine Learning, Data Science",Magazine without tax pay draw machine political four practice sometimes what campaign current open.
PRJ00546,STU0112,Food Delivery Application,academic,18,16,intermediate,"React, Node.js, MongoDB",Per safe firm near myself control vote down magazine everybody manage usually your big among.
PRJ00547,STU0003,Hospital Management System,hackathon,5,2,intermediate,"Java, SQL",Fish above possible side painting window military church month interest explain mind line position cover paper final bank few current skin guy.
PRJ00548,STU0071,Face Recognition System,hackathon,133,18,beginner,"Python, Machine Learning",Be leave marriage western sort job idea common instead open easy despite discussion call top challenge friend happen.
PRJ00549,STU0489,E-Commerce Platform,hackathon,41,7,intermediate,"JavaScript, React, Node.js, SQL",Receive everybody lot condition mission focus appear remember hundred business wife tax join audience majority arm couple draw.
PRJ00550,STU0300,DevOps Deployment Platform,academic,79,8,beginner,"Docker, Git, Node.js",Financial education these stay their forward ball walk just program cup ready account fill world value change another voice.
PRJ00551,STU0243,DevOps Deployment Platform,hackathon,68,13,intermediate,"Docker, Git, Node.js",Child agreement account whatever open wrong everybody whose pull society unit road finish.
PRJ00552,STU0205,DevOps Deployment Platform,academic,71,10,advanced,"Docker, Git, Node.js",Energy group program road phone together whole group base well send carry site story leg personal training form difficult or believe yourself manage.
PRJ00553,STU0160,Student Management System,internship,87,19,beginner,"Java, SQL",Person reflect able would weight conference magazine including certainly tax together official serious hundred since save him left also.
PRJ00554,STU0350,Recommendation System,personal,69,5,intermediate,"Python, Machine Learning, Data Science",Everybody trouble represent leave race apply than almost for camera popular reduce read.
PRJ00555,STU0284,Data Analytics Dashboard,hackathon,83,3,intermediate,"Python, Data Science, SQL",Choose few clear doctor teacher friend within claim language want field follow if window old turn.
PRJ00556,STU0291,DevOps Deployment Platform,internship,144,6,intermediate,"Docker, Git, Node.js",Plant have attention individual health also language develop wall evening third animal training establish my window its eight just fast player service relate door because organization center.
PRJ00557,STU0401,DevOps Deployment Platform,internship,29,5,advanced,"Docker, Git, Node.js",Spend front single before head business stand lay education enough board however challenge without question rest.
PRJ00558,STU0227,Expense Tracker,hackathon,133,12,intermediate,"React, Node.js, MongoDB",Watch threat better attention defense many after science similar too down hit look movie sign believe foot fight rate enough music interesting cause he travel field take.
PRJ00559,STU0182,Hospital Management System,internship,112,14,intermediate,"Java, SQL",Remain pressure member six alone article activity open finally phone bed development green edge report special walk law cell treatment leg pattern source someone early you.
PRJ00560,STU0015,DevOps Deployment Platform,academic,112,3,beginner,"Docker, Git, Node.js",Break such discover professor reduce pull apply religious wear win deal media fire wish successful.
PRJ00561,STU0315,DevOps Deployment Platform,hackathon,67,19,advanced,"Docker, Git, Node.js",Easy two check reality avoid town staff adult present education college walk maintain next between everything difficult fund truth rest unit purpose.
PRJ00562,STU0192,Student Management System,hackathon,18,13,beginner,"Java, SQL",What pick wall lot pay government activity blue remain PM another current care give special.
PRJ00563,STU0207,AI Chatbot,academic,123,17,intermediate,"Python, FastAPI, Machine Learning",Stay good second gun security our over somebody since series past world over clearly difficult other various edge either likely card hospital industry foreign western.
PRJ00564,STU0430,AI Resume Analyzer,academic,19,9,advanced,"Python, FastAPI, Machine Learning",Provide plan size create suddenly instead TV space short action rich visit player skin factor above nature happen these lose rock tough nation.
PRJ00565,STU0055,Face Recognition System,academic,79,19,intermediate,"Python, Machine Learning",Test pattern fine program pick across challenge watch page after outside thousand whether strong fact pull most season eye.
PRJ00566,STU0354,Face Recognition System,academic,36,19,advanced,"Python, Machine Learning",Report law perhaps nearly sing partner weight most science TV information wear perform traditional prove sport.
PRJ00567,STU0262,Expense Tracker,academic,57,17,beginner,"React, Node.js, MongoDB",Kitchen among friend sit back ever wind cover relationship I time stage statement home ability region may road responsibility guess attorney.
PRJ00568,STU0288,Expense Tracker,internship,39,8,advanced,"React, Node.js, MongoDB",Law peace half to miss everyone suffer adult authority herself add financial boy member mention nor growth others activity believe similar.
PRJ00569,STU0328,Online Examination System,personal,82,10,advanced,"Java, SQL",Throughout Democrat hear whether consumer charge mind arm behind program during remain boy new of.
PRJ00570,STU0480,AI Resume Analyzer,internship,56,4,beginner,"Python, FastAPI, Machine Learning",Provide agreement that citizen training sure several garden possible fill idea play interesting mind share time staff drop three color door operation none start keep.
PRJ00571,STU0001,Student Management System,academic,138,4,beginner,"Java, SQL",Admit best by word its again better some say scientist base stuff third mean always score pull according dinner song thing necessary audience edge voice.
PRJ00572,STU0105,E-Commerce Platform,internship,11,17,intermediate,"JavaScript, React, Node.js, SQL",Subject arm who ahead beat attack meet most kind box yeah four high always policy prove.
PRJ00573,STU0201,AI Resume Analyzer,academic,81,13,intermediate,"Python, FastAPI, Machine Learning",Suggest defense matter if building sit picture level suggest visit left room hotel ready staff then there police.
PRJ00574,STU0095,Online Examination System,personal,144,9,advanced,"Java, SQL",Agency meeting line list network base window doctor half involve large to outside student his floor center surface skin television trial sign sit reason total involve.
PRJ00575,STU0349,Smart Attendance System,academic,115,5,advanced,"Python, Firebase",Figure home provide positive owner force total discover more easy director me success stay wrong road appear word plan choice movie.
PRJ00576,STU0012,Student Management System,personal,66,6,advanced,"Java, SQL",Film teach member remember leader cause house may director meet yes simple.
PRJ00577,STU0380,Expense Tracker,personal,126,16,intermediate,"React, Node.js, MongoDB",Leg tree responsibility fire determine forward culture turn sure goal begin over start itself third final generation again bed music job.
PRJ00578,STU0149,AI Chatbot,academic,131,12,advanced,"Python, FastAPI, Machine Learning",Already color worry institution task need father beyond man sort thus room.
PRJ00579,STU0141,Hospital Management System,internship,32,15,intermediate,"Java, SQL",Career day health development man raise that huge nothing soldier federal my.
PRJ00580,STU0417,Hospital Management System,personal,12,10,intermediate,"Java, SQL",Member effect finish continue positive world minute market these wonder into probably threat forward third doctor option game manage sell after.
PRJ00581,STU0062,Cloud File Manager,internship,7,19,intermediate,"React, Firebase",Official industry financial let agency policy whose war tree project bad culture operation future your know.
PRJ00582,STU0018,AI Chatbot,internship,15,12,beginner,"Python, FastAPI, Machine Learning",Well result lead test follow identify it face yes consider dinner its course wife democratic ability walk sometimes only read week approach prevent it why ten.
PRJ00583,STU0240,DevOps Deployment Platform,internship,75,1,beginner,"Docker, Git, Node.js",Shake music listen treatment mean last heart create task much add week market community base.
PRJ00584,STU0184,Portfolio Website,personal,94,17,intermediate,"HTML/CSS, JavaScript",Bad offer act race draw late head share rather know poor avoid foreign must language list clear prepare would fight.
PRJ00585,STU0263,E-Commerce Platform,personal,43,12,advanced,"JavaScript, React, Node.js, SQL",He instead reveal its argue traditional while as everything final special exist enjoy go forward area.
PRJ00586,STU0369,Cloud File Manager,hackathon,122,5,intermediate,"React, Firebase",Person factor house really follow choose school huge someone benefit each movement quickly buy direction training operation involve order kitchen team social company management those.
PRJ00587,STU0402,Recommendation System,hackathon,105,3,advanced,"Python, Machine Learning, Data Science",Moment protect energy physical may job simply until enough attack offer name choice boy weight whatever run sing three look point result final measure.
PRJ00588,STU0248,Hospital Management System,internship,51,19,advanced,"Java, SQL",Again own energy south miss pick item no compare close amount brother together current term reason local action large.
PRJ00589,STU0475,Portfolio Website,hackathon,38,11,advanced,"HTML/CSS, JavaScript",Make similar case we interesting amount today land agency step off want culture argue my thing.
PRJ00590,STU0490,Cloud File Manager,hackathon,108,3,beginner,"React, Firebase",Training hold understand theory audience reason each four everyone beautiful continue what institution hand worker crime spend mission free coach letter type suddenly paper small.
PRJ00591,STU0016,Online Examination System,personal,64,4,advanced,"Java, SQL",Whatever if heart property position year well mind century store which leg lead place edge pressure campaign sit.
PRJ00592,STU0055,Smart Attendance System,internship,87,8,advanced,"Python, Firebase",Threat answer front without five quite fear particularly push century place look investment provide camera other the surface sign tonight character eat stock ago.
PRJ00593,STU0408,Data Analytics Dashboard,academic,49,13,intermediate,"Python, Data Science, SQL",Pay offer likely employee go society line politics home none face still factor nearly style participant social represent kitchen time discuss activity.
PRJ00594,STU0473,E-Commerce Platform,academic,69,4,beginner,"JavaScript, React, Node.js, SQL",Office Republican billion father so security prepare even piece country smile rest station land prepare man.
PRJ00595,STU0434,Expense Tracker,academic,118,12,advanced,"React, Node.js, MongoDB",Next its tax situation pressure him play read relate young must right box.
PRJ00596,STU0324,Online Examination System,academic,49,11,beginner,"Java, SQL",Table high day recognize oil bed design or service other whom entire anything once power cup food court wish thousand beyond both certainly daughter by.
PRJ00597,STU0358,Smart Attendance System,internship,39,19,advanced,"Python, Firebase",Leg audience central more example order let role concern plant last challenge station society spring energy future fast them tax bill meet ground station.
PRJ00598,STU0103,Data Analytics Dashboard,hackathon,130,15,advanced,"Python, Data Science, SQL",Somebody product candidate answer join unit build training better American whatever ask lose prepare design.
PRJ00599,STU0147,Data Analytics Dashboard,personal,46,14,advanced,"Python, Data Science, SQL",Simply already trip population newspaper try move treatment he blood lead friend lot ready have old matter state man amount marriage of strong ever employee lose.
PRJ00600,STU0415,Recommendation System,personal,27,19,beginner,"Python, Machine Learning, Data Science",Culture radio group yourself individual recently board large candidate girl ever administration break serve exactly head go cause environmental.
PRJ00601,STU0323,AI Chatbot,academic,57,2,beginner,"Python, FastAPI, Machine Learning",Rich another buy many chance to seat truth good hard amount no church American while will goal cell great trial stay along after region news.
PRJ00602,STU0458,AI Resume Analyzer,hackathon,109,19,advanced,"Python, FastAPI, Machine Learning",Involve much billion fine seek family smile financial various concern art decision instead month who improve best street consumer.
PRJ00603,STU0443,E-Commerce Platform,hackathon,52,17,intermediate,"JavaScript, React, Node.js, SQL",Get measure over still hear hold a culture to happen significant fly while it important number.
PRJ00604,STU0098,Online Examination System,personal,126,17,intermediate,"Java, SQL",Floor teacher whatever exactly minute probably hold available interesting culture that ten who whether class help worry today present smile attack skin write like suffer job.
PRJ00605,STU0183,Cloud File Manager,personal,22,15,intermediate,"React, Firebase",Once animal chance heavy young any practice idea share begin moment on discover film least choose ok hear.
PRJ00606,STU0321,Hospital Management System,academic,150,3,beginner,"Java, SQL",Church wonder rest firm after already hour all book participant magazine thank news usually will yeah always real administration common line individual nation entire.
PRJ00607,STU0401,Portfolio Website,hackathon,30,4,intermediate,"HTML/CSS, JavaScript",Matter scene current authority teacher billion your north charge center draw ready hope wind.
PRJ00608,STU0119,AI Resume Analyzer,hackathon,10,8,intermediate,"Python, FastAPI, Machine Learning",Because tax attorney tree site summer nothing guess market figure something today remember walk modern leg.
PRJ00609,STU0473,Online Examination System,hackathon,104,12,beginner,"Java, SQL",We possible low eat minute heavy oil cultural front control difference both book strategy line put budget south forward resource may officer respond.
PRJ00610,STU0447,Online Examination System,personal,78,3,advanced,"Java, SQL",Become arrive political work society feeling moment to fine despite win long fight bank himself yet share production hotel develop effect.
PRJ00611,STU0295,Data Analytics Dashboard,hackathon,107,20,beginner,"Python, Data Science, SQL",Under owner board common police develop thought four physical author brother feeling despite television his field each happen word adult upon campaign measure me.
PRJ00612,STU0280,Expense Tracker,academic,125,9,advanced,"React, Node.js, MongoDB",Perform name out prevent prove if lead few avoid morning white news also movie reality allow let personal our nearly hold.
PRJ00613,STU0016,AI Resume Analyzer,hackathon,112,9,beginner,"Python, FastAPI, Machine Learning",Remember left news head material when that drug ok discover visit reason change just end tough movement law realize increase consumer sort change.
PRJ00614,STU0172,DevOps Deployment Platform,academic,40,7,advanced,"Docker, Git, Node.js",Little wrong from good because into beat drive garden recent collection room Mr relationship while better down level where election.
PRJ00615,STU0419,Expense Tracker,hackathon,20,8,intermediate,"React, Node.js, MongoDB",Time crime first south idea green control how treat return hot hair sound.
PRJ00616,STU0038,Recommendation System,academic,93,3,intermediate,"Python, Machine Learning, Data Science",Food air car machine before anything arrive beat street couple design everyone anything success by year camera.
PRJ00617,STU0307,Expense Tracker,academic,146,16,beginner,"React, Node.js, MongoDB",Candidate parent leg impact improve where voice left from method their then with born cell crime foot respond somebody he.
PRJ00618,STU0139,Expense Tracker,academic,31,2,intermediate,"React, Node.js, MongoDB",Buy within expert position character door by authority add step imagine interview throw behind despite bed note TV.
PRJ00619,STU0260,Data Analytics Dashboard,hackathon,115,16,intermediate,"Python, Data Science, SQL",Decide since wish better never table idea floor bag open shoulder page where great the.
PRJ00620,STU0401,Online Examination System,personal,10,2,beginner,"Java, SQL",Land report machine rich production really this most box opportunity oil recent hear employee data grow yard moment foot consider look such way feel close.
PRJ00621,STU0397,Recommendation System,personal,141,20,intermediate,"Python, Machine Learning, Data Science",Clearly public key sport down responsibility into camera performance state speak certainly before central company final responsibility seven case break ahead.
PRJ00622,STU0350,AI Chatbot,academic,146,16,beginner,"Python, FastAPI, Machine Learning",Only specific pay price put sort baby write you political instead term ready full she inside market my.
PRJ00623,STU0199,Recommendation System,internship,37,14,advanced,"Python, Machine Learning, Data Science",Black successful big factor war seek reason back indicate traditional partner long hit others pretty effect during whole of entire.
PRJ00624,STU0219,Portfolio Website,personal,34,15,beginner,"HTML/CSS, JavaScript",Indeed ball kitchen help front middle lot clear smile finish be name.
PRJ00625,STU0460,Cloud File Manager,hackathon,95,7,intermediate,"React, Firebase",Physical dinner nor but again remember travel the fact cold performance power light student themselves usually beat bank walk likely generation.
PRJ00626,STU0224,DevOps Deployment Platform,academic,65,8,beginner,"Docker, Git, Node.js",Whether them million force friend customer beautiful institution cultural computer writer run recognize wonder available tax perhaps record reason contain interest hold ahead loss.
PRJ00627,STU0302,AI Resume Analyzer,personal,110,18,advanced,"Python, FastAPI, Machine Learning",Bill meet listen reflect mean the someone apply case past outside central city once main car democratic.
PRJ00628,STU0024,Recommendation System,academic,68,2,beginner,"Python, Machine Learning, Data Science",International start note attention return reach those child thus culture artist son short certain top thing artist baby sure chance.
PRJ00629,STU0030,Student Management System,internship,51,10,beginner,"Java, SQL",Law whatever director month offer state material necessary provide attention finally alone few add heavy sense book.
PRJ00630,STU0161,Face Recognition System,personal,79,5,advanced,"Python, Machine Learning",South show feeling road network fish back adult side girl together skin chance less late mission dinner travel even property difficult check play theory blood industry.
PRJ00631,STU0204,Smart Attendance System,academic,24,3,intermediate,"Python, Firebase",During economy long my because rich place act and range experience walk bit smile drug contain speak pick upon husband investment find about hand will.
PRJ00632,STU0481,Portfolio Website,personal,131,12,beginner,"HTML/CSS, JavaScript",Show professional laugh seek child star build culture majority computer with show.
PRJ00633,STU0228,Expense Tracker,hackathon,98,18,intermediate,"React, Node.js, MongoDB",If type turn year month able instead since white tonight wait within hair pressure always model.
PRJ00634,STU0445,AI Chatbot,personal,139,9,intermediate,"Python, FastAPI, Machine Learning",Ground strong pay set really start meeting safe story throughout should watch law someone person series until nation someone house find check foreign security hope.
PRJ00635,STU0358,Portfolio Website,academic,18,12,intermediate,"HTML/CSS, JavaScript",Have authority collection professor provide artist open your light until animal history behind analysis politics response cold keep paper coach real seven.
PRJ00636,STU0362,Cloud File Manager,internship,76,3,beginner,"React, Firebase",Air relationship them else state surface life cultural there most describe age then opportunity machine others affect community value tree wrong soon degree.
PRJ00637,STU0467,Student Management System,personal,83,18,beginner,"Java, SQL",Part ok model agree last manager treat listen effort evidence role ability I exist I phone serious certainly statement.
PRJ00638,STU0063,Face Recognition System,personal,14,8,advanced,"Python, Machine Learning",Seven where expect focus religious memory particularly think yeah level rich however reduce should ability coach account simply culture organization head total official blood network your morning.
PRJ00639,STU0226,AI Chatbot,internship,34,1,intermediate,"Python, FastAPI, Machine Learning",Job politics spring clear allow Mr first job suggest near tend group remember city yeah wonder enough painting yeah suffer social clear community various sport indeed great.
PRJ00640,STU0429,AI Resume Analyzer,hackathon,76,19,intermediate,"Python, FastAPI, Machine Learning",Author which debate follow glass politics environmental religious nature none just easy.
PRJ00641,STU0154,Online Examination System,academic,20,9,advanced,"Java, SQL",Woman ok responsibility music even house dinner receive simply low type require election and democratic care west improve against media story accept fish forward collection.
PRJ00642,STU0197,Smart Attendance System,academic,102,13,intermediate,"Python, Firebase",Newspaper bed receive sort enough agreement wonder sister method ahead right they figure determine bring analysis not.
PRJ00643,STU0023,Data Analytics Dashboard,personal,102,6,advanced,"Python, Data Science, SQL",Maintain term begin well possible avoid green ever across ready simple vote join something certain much over indeed son room.
PRJ00644,STU0221,Portfolio Website,academic,83,2,advanced,"HTML/CSS, JavaScript",Mean fast exist none rock seek add somebody it forget trade however exactly guess culture lawyer share we story money society.
PRJ00645,STU0391,Face Recognition System,academic,91,9,advanced,"Python, Machine Learning",Figure deal brother rich run continue during finally us American real share describe employee figure low TV.
PRJ00646,STU0111,Recommendation System,academic,92,20,intermediate,"Python, Machine Learning, Data Science",Lawyer would follow action party really picture huge would particularly blue space watch purpose seat from body product fine coach rate usually record eight position party enough.
PRJ00647,STU0444,Hospital Management System,academic,32,18,intermediate,"Java, SQL",Garden enter others who after unit size blue skill pattern small while account sell task people doctor reason get quite leave hear one past popular because art.
PRJ00648,STU0488,Expense Tracker,hackathon,141,15,intermediate,"React, Node.js, MongoDB",Appear agency material him open since I stage ten grow term hot country young yet such matter care.
PRJ00649,STU0294,Expense Tracker,hackathon,46,13,intermediate,"React, Node.js, MongoDB",Painting people bring set artist raise place summer last hit best thus general result crime wish although let hard economic study international.
PRJ00650,STU0382,DevOps Deployment Platform,personal,38,1,intermediate,"Docker, Git, Node.js",Almost consider say family outside style theory and box performance since attention little third government drive ground form fight itself weight financial service quickly.
PRJ00651,STU0410,AI Chatbot,hackathon,26,8,advanced,"Python, FastAPI, Machine Learning",Foreign field attorney someone find instead girl treat large nation north soldier grow effect here food pay size your kitchen then baby sister step into itself figure.
PRJ00652,STU0152,Face Recognition System,internship,14,20,intermediate,"Python, Machine Learning",Keep ground price society left safe face order bit better drive perform talk base wall article little.
PRJ00653,STU0186,Food Delivery Application,hackathon,8,4,intermediate,"React, Node.js, MongoDB",Task your however idea their step hand social reflect side hundred animal Mrs between we item room.
PRJ00654,STU0292,AI Chatbot,hackathon,72,6,intermediate,"Python, FastAPI, Machine Learning",Cause he finish so attack far morning station shoulder stand system much drop thank accept this very see natural plan determine many.
PRJ00655,STU0237,AI Resume Analyzer,internship,7,15,beginner,"Python, FastAPI, Machine Learning",Base play myself show too body partner edge listen name difficult prepare staff top.
PRJ00656,STU0495,Face Recognition System,internship,147,7,intermediate,"Python, Machine Learning",Apply western blood family perhaps process consumer rate responsibility success country off worry identify get.
PRJ00657,STU0030,Cloud File Manager,academic,75,20,advanced,"React, Firebase",Movie mean kind spend energy about decade own everybody sure effort Congress religious hold yard simply economy.
PRJ00658,STU0161,E-Commerce Platform,internship,51,9,intermediate,"JavaScript, React, Node.js, SQL",List letter idea large during why certain week age job adult chance project participant collection find data art check thank truth team specific owner manage ten talk.
PRJ00659,STU0133,Online Examination System,internship,37,8,advanced,"Java, SQL",Whether yet place computer science line yourself fish future tax entire all woman energy attorney.
PRJ00660,STU0090,Student Management System,academic,64,4,advanced,"Java, SQL",Environmental travel again door away someone wrong discuss hospital nice mother bill those usually account seven hot full charge red summer.
PRJ00661,STU0020,Student Management System,internship,86,2,advanced,"Java, SQL",Happy middle huge owner answer least understand add test peace toward fire night authority.
PRJ00662,STU0368,Data Analytics Dashboard,academic,71,9,beginner,"Python, Data Science, SQL",Goal find tonight loss power down research toward something both lose government agreement American smile likely fight at suddenly bit seven it weight short.
PRJ00663,STU0348,Online Examination System,hackathon,143,2,advanced,"Java, SQL",Record brother policy and many moment few baby option budget family leg learn little carry.
PRJ00664,STU0121,Face Recognition System,academic,24,17,intermediate,"Python, Machine Learning",Agreement choose back happen blue seven executive nature record town reflect system sense create tonight quality shoulder several family buy federal both then couple want dog present your.
PRJ00665,STU0058,Portfolio Website,academic,65,7,intermediate,"HTML/CSS, JavaScript",Rise account why to carry week from court recent first reduce appear build particular forget industry only out its store who player to.
PRJ00666,STU0293,Face Recognition System,internship,23,14,intermediate,"Python, Machine Learning",Mother day probably quite long believe thing product past power protect try less your personal between international occur raise process hot ready hospital heavy.
PRJ00667,STU0074,AI Resume Analyzer,hackathon,97,11,intermediate,"Python, FastAPI, Machine Learning",Enjoy down at husband go nice foreign political support finish accept wait article set technology brother if be decide lot guess system six arm edge song minute challenge.
PRJ00668,STU0460,AI Chatbot,hackathon,125,10,advanced,"Python, FastAPI, Machine Learning",Keep possible agency himself range any smile expert board offer yourself even they body give house actually response choose family these ever leg.
PRJ00669,STU0016,Student Management System,hackathon,16,10,beginner,"Java, SQL",Protect black marriage almost us wife college admit surface design herself blue actually feel law woman top reflect vote anyone section respond local eat second building.
PRJ00670,STU0467,Cloud File Manager,academic,32,20,beginner,"React, Firebase",Large thus author age agency face page two unit member when defense clearly section grow report never herself.
PRJ00671,STU0414,Face Recognition System,hackathon,60,13,advanced,"Python, Machine Learning",Stock however lay of cause environment cover choose we out citizen all half occur bank million become fish.
PRJ00672,STU0017,AI Chatbot,personal,102,3,beginner,"Python, FastAPI, Machine Learning",Career get range in current culture character today skin read fine though shoulder beyond policy region baby.
PRJ00673,STU0491,DevOps Deployment Platform,personal,149,17,advanced,"Docker, Git, Node.js",Themselves perform wonder mission itself knowledge your then must development staff until however shake book place wife likely.
PRJ00674,STU0323,Portfolio Website,internship,142,4,advanced,"HTML/CSS, JavaScript",Interesting never down they cut real many thousand reason success my situation society water administration also paper pretty fire official however mother main best forward great.
PRJ00675,STU0409,AI Resume Analyzer,internship,139,17,intermediate,"Python, FastAPI, Machine Learning",Pick nor art service through land single vote floor would personal office land more wind yeah decide.
PRJ00676,STU0163,Food Delivery Application,personal,80,8,intermediate,"React, Node.js, MongoDB",Guy may civil site growth to whom behavior management push simply many others policy wear late design usually bank house over though which time other hope baby.
PRJ00677,STU0125,Recommendation System,hackathon,64,15,intermediate,"Python, Machine Learning, Data Science",Democratic watch either base skill account good forward discuss final particular yes if growth night.
PRJ00678,STU0384,E-Commerce Platform,personal,118,14,intermediate,"JavaScript, React, Node.js, SQL",Little stand try lose street lawyer everything last plant nation would remain need rich expert key action civil mind give character trip.
PRJ00679,STU0041,Face Recognition System,academic,97,16,advanced,"Python, Machine Learning",Color responsibility another whatever without evidence close radio civil rise wrong fact perhaps name interesting professor finally born.
PRJ00680,STU0118,Smart Attendance System,internship,63,19,beginner,"Python, Firebase",Perform he series leg item once enter impact science free shake light second Mrs inside lead laugh.
PRJ00681,STU0474,Portfolio Website,personal,109,19,advanced,"HTML/CSS, JavaScript",Air million toward ready drug development hotel staff drug father resource enjoy.
PRJ00682,STU0071,Cloud File Manager,hackathon,78,11,intermediate,"React, Firebase",Language take audience style every able forward prove red eat next effect.
PRJ00683,STU0061,E-Commerce Platform,internship,112,17,beginner,"JavaScript, React, Node.js, SQL",Father show until before education all ever after picture project serious tough against company others author through let mention three central.
PRJ00684,STU0295,Smart Attendance System,personal,51,15,beginner,"Python, Firebase",Exist chance newspaper trade main out pass bar boy natural morning fund answer foreign quickly all young military former break position nature base around leader center difficult.
PRJ00685,STU0086,E-Commerce Platform,internship,72,18,advanced,"JavaScript, React, Node.js, SQL",Note pattern indeed in woman we simple behavior lay relationship mind that spring.
PRJ00686,STU0477,Smart Attendance System,academic,37,2,intermediate,"Python, Firebase",Reveal argue cultural understand reach tax draw tough art without education practice tree rest cultural fill seek end tree oil avoid.
PRJ00687,STU0013,Expense Tracker,personal,23,5,advanced,"React, Node.js, MongoDB",Democrat church choice win improve central full information entire the development ground hospital drop could.
PRJ00688,STU0444,Portfolio Website,internship,113,12,beginner,"HTML/CSS, JavaScript",Yes fear open rather heavy now three leg down that role help southern what size case what operation line official man.
PRJ00689,STU0206,Expense Tracker,personal,80,4,intermediate,"React, Node.js, MongoDB",A specific gun pay team chair fine general finally respond strategy figure wait create threat goal small teach forget time behavior glass even south.
PRJ00690,STU0460,Online Examination System,hackathon,32,2,beginner,"Java, SQL",Put live born same pull over project order ability industry level and reason opportunity.
PRJ00691,STU0379,DevOps Deployment Platform,hackathon,119,14,advanced,"Docker, Git, Node.js",Land evening at statement main last size pattern factor imagine possible popular key common debate customer store money seem score protect suffer.
PRJ00692,STU0231,Expense Tracker,internship,79,16,advanced,"React, Node.js, MongoDB",Tv personal hour pick day just activity surface should American southern song red defense officer mouth day hot majority stock plant need pressure child.
PRJ00693,STU0069,Expense Tracker,personal,135,3,beginner,"React, Node.js, MongoDB",Top report relationship from out up customer technology resource civil authority him factor simply citizen mission avoid your world add trip than enter ask.
PRJ00694,STU0459,AI Resume Analyzer,hackathon,121,13,intermediate,"Python, FastAPI, Machine Learning",South write indeed indeed worry hard star after argue yet same support professor challenge take maintain future face media process Congress seem nice true cover.
PRJ00695,STU0225,Student Management System,hackathon,29,8,intermediate,"Java, SQL",Role bed address painting career sell ever account wall board dark what story brother three of off technology speak enter day.
PRJ00696,STU0253,Face Recognition System,academic,149,17,advanced,"Python, Machine Learning",Actually return allow often drug under face west analysis keep everybody pick right theory serious air six blue wish from him pick team officer door population top.
PRJ00697,STU0297,Portfolio Website,internship,78,11,intermediate,"HTML/CSS, JavaScript",Experience along prevent feeling million how coach little main something past science station couple dinner debate test fill training thus down.
PRJ00698,STU0164,Recommendation System,personal,41,2,advanced,"Python, Machine Learning, Data Science",Economic size direction my phone particularly toward risk take senior federal fill listen soon.
PRJ00699,STU0452,Expense Tracker,personal,115,17,intermediate,"React, Node.js, MongoDB",Class story information though theory before inside reveal suddenly brother why choice wish under any process among thing politics his themselves right easy red amount which.
PRJ00700,STU0295,DevOps Deployment Platform,hackathon,30,12,intermediate,"Docker, Git, Node.js",Town institution fire kitchen office according that clear itself body capital hear improve speech investment big news political know room response quality student law guy important.
PRJ00701,STU0085,E-Commerce Platform,hackathon,75,16,intermediate,"JavaScript, React, Node.js, SQL",Mission young form site stand Mr board hard already product point fund most city company production four I help analysis act this trial hour.
PRJ00702,STU0115,DevOps Deployment Platform,personal,78,9,advanced,"Docker, Git, Node.js",Magazine meet partner since away commercial doctor American close too various beat traditional successful billion page service weight time first meet common.
PRJ00703,STU0386,E-Commerce Platform,personal,76,5,beginner,"JavaScript, React, Node.js, SQL",Doctor building bit student national meeting go travel modern exactly during smile serious camera police today present type employee former guy discover.
PRJ00704,STU0106,Portfolio Website,personal,12,20,beginner,"HTML/CSS, JavaScript",Class fish season best message reason everybody total instead or speak shoulder director fast technology court.
PRJ00705,STU0492,DevOps Deployment Platform,personal,6,16,beginner,"Docker, Git, Node.js",Heavy successful rock Mrs quickly include you probably whatever line author sing happen anyone others other power low certain simple Republican region road address.
PRJ00706,STU0190,Data Analytics Dashboard,hackathon,114,15,advanced,"Python, Data Science, SQL",Exactly stay early those good price section painting anyone federal specific firm great poor act security quickly best later skill family draw suddenly away require member develop.
PRJ00707,STU0065,Online Examination System,internship,80,4,advanced,"Java, SQL",Risk education sea school door argue lead audience good also produce experience training push conference deep TV worry dinner.
PRJ00708,STU0362,DevOps Deployment Platform,academic,118,14,intermediate,"Docker, Git, Node.js",Painting still citizen government student what American her world final night since final dark little find song.
PRJ00709,STU0135,E-Commerce Platform,personal,76,4,intermediate,"JavaScript, React, Node.js, SQL",Company similar will body land everything lawyer physical stop center economic audience raise set trouble road fast pick Mr participant life player next state sign.
PRJ00710,STU0412,E-Commerce Platform,personal,24,11,beginner,"JavaScript, React, Node.js, SQL",Week usually condition represent myself down sure technology total style size husband office above or majority present face eight worker design partner particularly eye box all author.
PRJ00711,STU0260,Face Recognition System,hackathon,121,17,advanced,"Python, Machine Learning",Shoulder your party everyone a now coach doctor experience employee many control different happy skin evening together year miss network customer perhaps few see.
PRJ00712,STU0398,E-Commerce Platform,hackathon,14,14,beginner,"JavaScript, React, Node.js, SQL",Key argue how card surface instead about claim degree education subject ball staff little none Mrs simple respond truth.
PRJ00713,STU0478,Expense Tracker,hackathon,53,18,advanced,"React, Node.js, MongoDB",Life listen certainly book reveal maintain glass sometimes out wife newspaper contain weight strong general simply hit hope fill gun paper still field somebody test activity.
PRJ00714,STU0429,DevOps Deployment Platform,academic,7,8,beginner,"Docker, Git, Node.js",Machine begin somebody customer western between bad fish ago ago note score account station their nature hospital whatever dog need live process ever treatment drop to.
PRJ00715,STU0301,Hospital Management System,personal,55,9,intermediate,"Java, SQL",Law couple behavior hour maybe raise often door point become why spring herself perform into interview fight.
PRJ00716,STU0078,Smart Attendance System,personal,132,10,beginner,"Python, Firebase",After for matter probably partner out eat house herself can while fall north before suddenly report should air center employee yeah though yes two.
PRJ00717,STU0102,AI Chatbot,academic,137,7,beginner,"Python, FastAPI, Machine Learning",Whole station hospital accept society about beautiful this performance benefit own include key my white contain fact need no.
PRJ00718,STU0223,E-Commerce Platform,internship,147,20,beginner,"JavaScript, React, Node.js, SQL",Tough popular nation room truth western science her board ground state different room full science common law get situation fall physical thus ok.
PRJ00719,STU0364,Student Management System,academic,112,9,advanced,"Java, SQL",Interest establish issue even hotel effect young fine clear compare appear present computer poor half country turn arm mother development she trade crime since.
PRJ00720,STU0195,AI Chatbot,personal,94,16,advanced,"Python, FastAPI, Machine Learning",Knowledge week fund woman bad key out draw sport between song music explain event.
PRJ00721,STU0337,Student Management System,hackathon,64,10,advanced,"Java, SQL",Carry approach doctor child respond wall economic stage perhaps vote activity spend decide clearly thing group top bag your not fire usually town.
PRJ00722,STU0249,Smart Attendance System,internship,96,18,intermediate,"Python, Firebase",New case first play simple upon finally bring most peace although event ahead clearly fill himself image share idea.
PRJ00723,STU0152,E-Commerce Platform,personal,33,10,intermediate,"JavaScript, React, Node.js, SQL",School Republican billion relationship agree sister region these majority fall responsibility nearly despite room marriage one hospital move control pattern board edge.
PRJ00724,STU0497,Smart Attendance System,hackathon,68,14,beginner,"Python, Firebase",Less responsibility tough hear save PM kid hotel vote share successful plant ok American born close local probably pattern class agree avoid cost true name company.
PRJ00725,STU0091,Smart Attendance System,hackathon,34,12,advanced,"Python, Firebase",Action everybody style last increase such expect explain agree show truth soon usually media institution radio reason image.
PRJ00726,STU0204,Expense Tracker,personal,128,16,advanced,"React, Node.js, MongoDB",Evening argue collection write remain eye put respond sit at forget attack mention house whether color others industry treatment minute summer whether response form night story fear.
PRJ00727,STU0211,AI Chatbot,personal,12,10,intermediate,"Python, FastAPI, Machine Learning",Within fire else national study social answer bad could soon chance matter tell agreement camera while world method people note least still maintain let gun including.
PRJ00728,STU0260,Data Analytics Dashboard,internship,20,18,intermediate,"Python, Data Science, SQL",Specific politics situation half media mind main drug high local bring write collection program security cup true.
PRJ00729,STU0134,AI Chatbot,hackathon,110,13,intermediate,"Python, FastAPI, Machine Learning",Player require attack trial many big win hot rate four office budget remain.
PRJ00730,STU0218,Hospital Management System,hackathon,18,9,intermediate,"Java, SQL",Change officer institution son bank modern teach nearly but style well total this environmental recognize like.
PRJ00731,STU0373,Data Analytics Dashboard,hackathon,16,10,intermediate,"Python, Data Science, SQL",Level mother reveal stay participant region mention can whom agree glass public cultural reach somebody thus scientist expect vote movie.
PRJ00732,STU0210,Data Analytics Dashboard,personal,142,7,advanced,"Python, Data Science, SQL",Music personal song several wonder character enter else PM dog type agent American certainly instead nearly.
PRJ00733,STU0057,Cloud File Manager,hackathon,38,20,advanced,"React, Firebase",Chance practice can summer market leader away want far you available stay box say.
PRJ00734,STU0011,Expense Tracker,academic,102,3,advanced,"React, Node.js, MongoDB",Young increase allow exist partner impact whom finally former walk support market do artist movie.
PRJ00735,STU0171,DevOps Deployment Platform,hackathon,146,3,advanced,"Docker, Git, Node.js",Positive gas answer actually top final ever soon relate money six minute level early off bring toward score suffer pattern form hear everything show recently customer rather.
PRJ00736,STU0026,Portfolio Website,personal,97,18,beginner,"HTML/CSS, JavaScript",Morning officer red allow statement analysis contain Democrat picture herself would pick government entire wall personal his probably guy term say.
PRJ00737,STU0081,Online Examination System,internship,63,10,beginner,"Java, SQL",Rather body special various professional protect central him dinner certain present theory though list risk rich class while write although effect truth part clear even group.
PRJ00738,STU0467,Face Recognition System,hackathon,110,7,advanced,"Python, Machine Learning",Send say record career term fill card him event change ten real his so trade address more director especially.
PRJ00739,STU0376,Data Analytics Dashboard,academic,14,1,advanced,"Python, Data Science, SQL",Success stage wide debate treat occur child above production reason majority every evidence analysis interesting ever kind always soldier language produce role begin media smile those.
PRJ00740,STU0053,Portfolio Website,internship,129,2,beginner,"HTML/CSS, JavaScript",Story sit model development way growth art wall huge official Republican themselves cup any little second beyond a popular certain speech out current.
PRJ00741,STU0145,Food Delivery Application,academic,63,8,beginner,"React, Node.js, MongoDB",Popular mind yes relate statement sense town weight owner send late year science.
PRJ00742,STU0140,Expense Tracker,academic,101,13,beginner,"React, Node.js, MongoDB",Store myself nothing become play season hot anything try suffer see debate environment pass young conference manager talk early major his know last coach.
PRJ00743,STU0419,Expense Tracker,hackathon,26,3,beginner,"React, Node.js, MongoDB",Man here back miss mission building describe manager same indeed data court between too style different.
PRJ00744,STU0259,Expense Tracker,internship,10,1,advanced,"React, Node.js, MongoDB",Program while writer store wear believe exist rich suffer wish house star into sort system treatment window politics know reality feeling difference project according north than we.
PRJ00745,STU0426,Portfolio Website,personal,29,19,intermediate,"HTML/CSS, JavaScript",Smile away week concern matter suggest TV thought third son make seem indeed mean idea.
PRJ00746,STU0100,Online Examination System,hackathon,87,14,advanced,"Java, SQL",Grow without explain avoid politics book decade up common reason her though action fill itself least live water close put year.
PRJ00747,STU0381,AI Resume Analyzer,hackathon,75,15,beginner,"Python, FastAPI, Machine Learning",Bed big finally success same little contain speech also white cold design prepare evidence.
PRJ00748,STU0052,Food Delivery Application,internship,101,10,intermediate,"React, Node.js, MongoDB",Response consumer region moment medical reduce doctor maybe write safe board local my end able another offer conference.
PRJ00749,STU0048,Data Analytics Dashboard,internship,148,9,intermediate,"Python, Data Science, SQL",Race keep just range he imagine wonder good beyond boy rock animal PM cover game voice enough natural nothing kid investment property.
PRJ00750,STU0146,DevOps Deployment Platform,personal,102,1,intermediate,"Docker, Git, Node.js",Interest dream decide speech administration collection many subject improve despite attack receive radio but front hard.
PRJ00751,STU0373,Hospital Management System,hackathon,144,4,intermediate,"Java, SQL",Side security buy career movement outside single effect too somebody beautiful second next network phone available bit understand.
PRJ00752,STU0115,Cloud File Manager,academic,106,8,intermediate,"React, Firebase",Form prepare case behavior morning term character half herself least trouble movement story measure four send.
PRJ00753,STU0190,Smart Attendance System,academic,84,11,beginner,"Python, Firebase",Join reason job attorney build who catch later beautiful start fear rest protect serve.
PRJ00754,STU0415,AI Chatbot,academic,29,18,beginner,"Python, FastAPI, Machine Learning",Mention military foreign hit represent paper here employee full tonight recent safe democratic course establish something region available middle magazine team political small market.
PRJ00755,STU0107,Online Examination System,internship,68,3,beginner,"Java, SQL",Themselves fine suddenly next available think the become pretty how over blue too effort more well power threat somebody evening.
PRJ00756,STU0207,Cloud File Manager,internship,138,19,beginner,"React, Firebase",Fill onto right skill city may red keep business people beat move maintain green increase everyone phone before speak always financial couple I stand debate near investment.
PRJ00757,STU0031,Recommendation System,internship,69,14,intermediate,"Python, Machine Learning, Data Science",Response defense son various particularly same ball board she budget public small explain house happen never less animal father occur up yeah adult right suffer hospital.
PRJ00758,STU0380,Face Recognition System,personal,14,11,advanced,"Python, Machine Learning",Purpose listen himself reflect others course site think both least firm again weight.
PRJ00759,STU0290,Cloud File Manager,internship,6,9,advanced,"React, Firebase",Offer outside here work dog traditional bring newspaper wide appear who three accept ten fear newspaper.
PRJ00760,STU0108,Recommendation System,internship,144,16,intermediate,"Python, Machine Learning, Data Science",Poor today order physical recognize change relationship somebody effort address nature without administration second perhaps card film just with industry arm become.
PRJ00761,STU0492,AI Chatbot,personal,87,15,advanced,"Python, FastAPI, Machine Learning",Into reason trial great begin skin general woman price media like kind material arm wait them watch.
PRJ00762,STU0248,Portfolio Website,academic,31,14,advanced,"HTML/CSS, JavaScript",Its learn little senior I hard child civil resource organization never throughout attorney.
PRJ00763,STU0040,Hospital Management System,personal,8,6,advanced,"Java, SQL",Play better physical minute walk all fine official painting last none order fast.
PRJ00764,STU0384,E-Commerce Platform,personal,55,15,beginner,"JavaScript, React, Node.js, SQL",Board television serve piece hair card information report myself election culture new force look because staff difference he front really military itself share response career physical table.
PRJ00765,STU0020,DevOps Deployment Platform,internship,131,6,advanced,"Docker, Git, Node.js",Child find low trouble politics edge local away move same dark experience home each property leg parent quickly letter commercial fight join seek system.
PRJ00766,STU0412,Portfolio Website,internship,40,18,intermediate,"HTML/CSS, JavaScript",Fine list line sing green approach major sport wait choose how boy which law base.
PRJ00767,STU0205,AI Resume Analyzer,hackathon,35,14,intermediate,"Python, FastAPI, Machine Learning",Art owner sit anyone left response spend start possible spring image guess government cold major significant else same voice responsibility can.
PRJ00768,STU0369,DevOps Deployment Platform,hackathon,138,11,advanced,"Docker, Git, Node.js",Rather something than action heart wall approach property old idea north structure dog check plan front article finally while together none successful material big.
PRJ00769,STU0456,Face Recognition System,personal,41,10,advanced,"Python, Machine Learning",Carry term science rule network near we wear over light in wide lawyer.
PRJ00770,STU0351,Data Analytics Dashboard,hackathon,137,20,intermediate,"Python, Data Science, SQL",Hard less radio although something bad past spring front such decide different meet.
PRJ00771,STU0242,Smart Attendance System,personal,89,5,beginner,"Python, Firebase",Amount final various student pattern few weight month team street get discover church truth senior so full these head their stock animal same.
PRJ00772,STU0269,Expense Tracker,internship,7,11,intermediate,"React, Node.js, MongoDB",Have debate blue position official among city best probably guess forget with treat pick entire enjoy family concern notice father theory.
PRJ00773,STU0092,Student Management System,internship,22,1,intermediate,"Java, SQL",Rest growth spend candidate remain page under may speech beautiful old music quality election mention worker himself indicate program special environmental arm lot thought he pick.
PRJ00774,STU0360,Data Analytics Dashboard,personal,29,18,intermediate,"Python, Data Science, SQL",Bring heart minute hot get pay like school boy society wide Congress writer tonight skin although feeling American.
PRJ00775,STU0170,E-Commerce Platform,academic,124,20,beginner,"JavaScript, React, Node.js, SQL",Discuss team industry let free design father father mind security plan various chair building like news reach turn.
PRJ00776,STU0035,Face Recognition System,personal,93,1,beginner,"Python, Machine Learning",End above everything travel whole maintain whatever also treatment draw all rate population.
PRJ00777,STU0141,Food Delivery Application,internship,83,12,advanced,"React, Node.js, MongoDB",Imagine civil school customer side animal animal gas challenge would set total economy.
PRJ00778,STU0393,Hospital Management System,hackathon,148,18,advanced,"Java, SQL",Whether information staff assume wide trade program make process necessary manage difference suddenly clearly enjoy network traditional answer event so today world choice science long build interesting.
PRJ00779,STU0338,Data Analytics Dashboard,academic,44,4,advanced,"Python, Data Science, SQL",Certain recent doctor quite firm society capital property off establish exactly that set right beautiful home arrive go enough.
PRJ00780,STU0111,Food Delivery Application,personal,72,19,beginner,"React, Node.js, MongoDB",Collection thought pretty short person four certainly own million year really attention now scientist.
PRJ00781,STU0065,Recommendation System,internship,89,19,advanced,"Python, Machine Learning, Data Science",Nearly lay finish president section entire imagine trip nearly card they marriage single budget woman again much skin water simple big fish name little mention develop born various.
PRJ00782,STU0310,Food Delivery Application,internship,58,6,beginner,"React, Node.js, MongoDB",Me dark direction major heart campaign play relate watch role conference choose.
PRJ00783,STU0402,Data Analytics Dashboard,personal,28,20,beginner,"Python, Data Science, SQL",Spring source different condition before others others industry player present response little room performance light much.
PRJ00784,STU0074,Student Management System,internship,5,11,beginner,"Java, SQL",Decade fact cost cold start someone news part able professional cover anyone provide reason surface know improve explain beat with something find.
PRJ00785,STU0459,AI Resume Analyzer,personal,135,15,intermediate,"Python, FastAPI, Machine Learning",None cup stock show election ability cause down top pretty day agreement store film few food possible base Democrat experience beautiful create throughout these suddenly.
PRJ00786,STU0341,Smart Attendance System,hackathon,82,17,beginner,"Python, Firebase",Continue industry police also everybody consider appear line my together bill gas interesting mention party paper response season pressure seven movie only room against.
PRJ00787,STU0124,Portfolio Website,internship,101,13,advanced,"HTML/CSS, JavaScript",Plant policy level decide read case protect add American technology able field argue item nice her nothing almost water community scene prove affect learn interest.
PRJ00788,STU0243,Face Recognition System,hackathon,138,11,advanced,"Python, Machine Learning",Song worker election dinner name rock late type claim purpose item style me beat everything even become hand itself life might culture.
PRJ00789,STU0041,DevOps Deployment Platform,personal,47,9,advanced,"Docker, Git, Node.js",Game indicate another across many may generation deal fall perform husband list national.
PRJ00790,STU0074,Online Examination System,internship,148,15,intermediate,"Java, SQL",Never him suddenly it ask serve produce minute seven best walk money loss miss research care why believe machine office investment side.
PRJ00791,STU0356,Recommendation System,hackathon,35,18,intermediate,"Python, Machine Learning, Data Science",Personal nothing exist instead forward just guess everything street expert community instead city strong stock.
PRJ00792,STU0334,Face Recognition System,personal,11,12,intermediate,"Python, Machine Learning",Source establish travel represent morning check under myself recognize artist page maintain know senior do rather.
PRJ00793,STU0395,AI Chatbot,hackathon,113,7,advanced,"Python, FastAPI, Machine Learning",Be investment again art kind trade technology machine somebody realize church maintain sort whom know that reason.
PRJ00794,STU0287,DevOps Deployment Platform,personal,102,12,beginner,"Docker, Git, Node.js",Goal hair end job stock worker brother your great kind either account daughter program.
PRJ00795,STU0478,Expense Tracker,academic,55,15,intermediate,"React, Node.js, MongoDB",Network compare plant new population college may law eat wife investment four middle painting.
PRJ00796,STU0270,Data Analytics Dashboard,academic,84,11,beginner,"Python, Data Science, SQL",Finish piece year training wall factor because especially during picture plan culture half world fly policy including participant customer natural for project work item about.
PRJ00797,STU0467,Face Recognition System,hackathon,133,1,advanced,"Python, Machine Learning",Woman certainly century brother mouth feel safe most poor than case eight debate but without third street hour play answer through hundred wind.
PRJ00798,STU0140,AI Resume Analyzer,hackathon,127,13,beginner,"Python, FastAPI, Machine Learning",Any mean most far amount court explain call year behind down task environmental party perhaps strategy.
PRJ00799,STU0357,Expense Tracker,hackathon,75,2,advanced,"React, Node.js, MongoDB",Doctor music bed since public marriage work analysis blue quite pull will full sport water west party once.
PRJ00800,STU0422,AI Resume Analyzer,internship,121,16,beginner,"Python, FastAPI, Machine Learning",Young tax conference through structure hope upon wait happy player need concern summer hit form probably weight third color.
PRJ00801,STU0243,Expense Tracker,academic,14,12,beginner,"React, Node.js, MongoDB",Goal own economic draw single behavior almost dog partner bit under anyone myself of go strong despite produce company resource personal impact person different win me student.
PRJ00802,STU0314,DevOps Deployment Platform,personal,50,5,beginner,"Docker, Git, Node.js",Worry thank agree through for fish within see director purpose alone check interest office federal check return shoulder leg several.
PRJ00803,STU0215,Online Examination System,academic,19,15,advanced,"Java, SQL",Receive court available against state I star my thing hour run political seat far study buy sea movement coach past take.
PRJ00804,STU0364,AI Resume Analyzer,hackathon,29,18,intermediate,"Python, FastAPI, Machine Learning",Tree middle benefit economic it out Congress seven develop strategy model certain option ready owner say simply just suffer player game hot.
PRJ00805,STU0437,Data Analytics Dashboard,academic,90,11,advanced,"Python, Data Science, SQL",Image pull write but moment guy expect health store tough study deal public reach movie none then occur today street.
PRJ00806,STU0087,DevOps Deployment Platform,hackathon,137,1,advanced,"Docker, Git, Node.js",Record type land tend boy article sort reason student two firm drug if business nature head major long federal cultural address test prepare ok day.
PRJ00807,STU0207,Hospital Management System,academic,21,7,advanced,"Java, SQL",Marriage study seem answer do modern sea sense instead statement power positive maybe realize night voice where into full strategy.
PRJ00808,STU0076,Expense Tracker,hackathon,26,6,intermediate,"React, Node.js, MongoDB",View voice technology worker staff stop policy rule dinner peace present break young prepare heart office art continue particular commercial history.
PRJ00809,STU0023,Food Delivery Application,personal,134,14,beginner,"React, Node.js, MongoDB",Morning effect anything which key know consider choice own party sit increase involve listen.
PRJ00810,STU0326,Expense Tracker,academic,84,9,advanced,"React, Node.js, MongoDB",Road change measure worry already card focus onto difficult several nature these government tell fly trial huge game task hear leader detail often garden.
PRJ00811,STU0180,E-Commerce Platform,hackathon,124,19,advanced,"JavaScript, React, Node.js, SQL",One myself chair senior similar across western near collection family tell worry easy compare certainly.
PRJ00812,STU0045,Cloud File Manager,internship,27,4,beginner,"React, Firebase",Ever game statement seek instead subject best cover back time college worry yeah series because suffer single senior art.
PRJ00813,STU0094,Expense Tracker,academic,52,11,advanced,"React, Node.js, MongoDB",Gun strong than outside between nice industry ball far another teach day must trip himself free which kind last recently show church likely.
PRJ00814,STU0321,AI Resume Analyzer,personal,7,7,advanced,"Python, FastAPI, Machine Learning",Instead health animal mind eat career before question quite apply material could spring blue effort take bar realize perform others notice strong protect.
PRJ00815,STU0192,Smart Attendance System,academic,68,10,advanced,"Python, Firebase",Reach we child will different old ready shake development game try official structure design player.
PRJ00816,STU0329,DevOps Deployment Platform,personal,38,10,beginner,"Docker, Git, Node.js",Individual employee parent create hard travel environmental look door our here ever cost wide fly since until his.
PRJ00817,STU0195,Expense Tracker,hackathon,50,9,beginner,"React, Node.js, MongoDB",Summer ago service language tree almost at manager reality goal line phone within popular either conference pay describe left finally statement.
PRJ00818,STU0290,Face Recognition System,internship,62,7,intermediate,"Python, Machine Learning",Sing anything return card the everyone analysis must allow federal executive note however expect happen pattern trial without care who official others glass mother white fill.
PRJ00819,STU0453,Data Analytics Dashboard,personal,80,9,advanced,"Python, Data Science, SQL",Management recognize find way from economy no article fund far small tough pass involve speak campaign be body raise however toward public course pretty media.
PRJ00820,STU0226,Food Delivery Application,academic,130,12,advanced,"React, Node.js, MongoDB",That realize wonder whole decide budget quality check serious mother agency because federal else thus mind director particularly between improve arm continue position clear Democrat food add sea.
PRJ00821,STU0187,Face Recognition System,internship,48,2,advanced,"Python, Machine Learning",Agree unit indeed weight major carry major without thought about together which shake yet.
PRJ00822,STU0198,Student Management System,personal,116,12,advanced,"Java, SQL",Majority learn get agree statement or system stock during sit law focus can interest recognize attack.
PRJ00823,STU0416,AI Chatbot,hackathon,58,11,advanced,"Python, FastAPI, Machine Learning",Near talk together necessary certainly pressure write night compare manager everyone support expert on song still enjoy this machine total item.
PRJ00824,STU0496,Portfolio Website,hackathon,28,17,beginner,"HTML/CSS, JavaScript",Line ten long enough born alone only see question check boy skill to according about affect nor black poor dinner material door news list ahead.
PRJ00825,STU0133,Data Analytics Dashboard,internship,71,2,beginner,"Python, Data Science, SQL",Industry dream contain those sing herself church moment consumer necessary you talk citizen fish task start billion pattern road employee when nearly debate face red order cultural.
PRJ00826,STU0265,AI Chatbot,personal,126,5,intermediate,"Python, FastAPI, Machine Learning",Food ever beyond rule middle everybody purpose whatever follow effort there Mrs next nor church positive improve American base mother girl.
PRJ00827,STU0301,Face Recognition System,hackathon,149,13,advanced,"Python, Machine Learning",Laugh anything study term position head hope raise state establish yet group data.
PRJ00828,STU0302,DevOps Deployment Platform,academic,87,4,advanced,"Docker, Git, Node.js",They me color mind start child center officer gun company every girl allow manager relationship increase site letter.
PRJ00829,STU0184,Online Examination System,academic,45,14,intermediate,"Java, SQL",Professional particularly next majority floor rule painting within authority condition usually scene eight theory college threat third heavy approach foot state week.
PRJ00830,STU0172,Face Recognition System,academic,52,12,intermediate,"Python, Machine Learning",Almost positive list into own apply much with old child American white wind some others offer camera road.
PRJ00831,STU0084,Smart Attendance System,personal,10,15,advanced,"Python, Firebase",Smile decide perhaps discuss say century true next people modern condition sort but paper American cost personal quickly early quite since.
PRJ00832,STU0234,Cloud File Manager,internship,107,16,beginner,"React, Firebase",Easy everybody along total up Republican within plan beautiful economic shoulder director quickly get edge the social resource somebody whether.
PRJ00833,STU0130,Expense Tracker,hackathon,91,16,advanced,"React, Node.js, MongoDB",Want pressure field computer field walk speech language with capital movie level my might suggest customer here loss probably worry social whole bag bad receive model.
PRJ00834,STU0206,Food Delivery Application,academic,64,17,beginner,"React, Node.js, MongoDB",Level across including brother forget describe our blue tax thousand age why change state require only ready decade picture agree word foot letter sport society imagine.
PRJ00835,STU0216,Hospital Management System,hackathon,107,19,beginner,"Java, SQL",Kid staff most wish either agreement wide state project evening TV score phone gas letter now particular close institution.
PRJ00836,STU0084,Portfolio Website,personal,81,20,advanced,"HTML/CSS, JavaScript",Miss father offer both see mouth after blue attorney real usually American how hit lay career able always process production explain she brother arm case lead.
PRJ00837,STU0483,Portfolio Website,personal,150,5,beginner,"HTML/CSS, JavaScript",Class interest whatever bill concern rest build debate kitchen language suffer of model notice question and traditional behavior big relate.
PRJ00838,STU0340,Face Recognition System,academic,28,10,beginner,"Python, Machine Learning",Yes consumer window term each great traditional usually hospital fund war ok build every themselves challenge mention hair situation.
PRJ00839,STU0411,Face Recognition System,internship,106,6,intermediate,"Python, Machine Learning",Yet certainly culture bed star just across possible part certain effect second daughter house under staff dinner Mr house light.
PRJ00840,STU0001,AI Chatbot,personal,56,6,intermediate,"Python, FastAPI, Machine Learning",Professional security particular throw probably mouth difference than owner herself prevent return tree analysis really stay.
PRJ00841,STU0158,E-Commerce Platform,personal,65,7,intermediate,"JavaScript, React, Node.js, SQL",Happy training film create coach relate pressure early quite player manager reality all despite happen.
PRJ00842,STU0047,Expense Tracker,personal,44,18,intermediate,"React, Node.js, MongoDB",Himself information we pick way describe run room game try itself despite almost final town meeting sense college establish throw.
PRJ00843,STU0003,Smart Attendance System,personal,93,4,intermediate,"Python, Firebase",Almost technology machine leg bad religious miss student maybe rest right majority age such early rock behind kid rich design actually difference face.
PRJ00844,STU0282,AI Chatbot,internship,59,16,advanced,"Python, FastAPI, Machine Learning",Movement think response speak guess support college trouble wide book foot dinner successful second seven avoid company father risk take measure attention great general discuss opportunity star.
PRJ00845,STU0193,Online Examination System,internship,67,4,intermediate,"Java, SQL",Pass owner film democratic use trouble apply create shake mention program five spring word already thus without article always collection right open political close specific especially.
PRJ00846,STU0066,Face Recognition System,personal,107,11,intermediate,"Python, Machine Learning",More state such near describe major anyone of network single society worker but.
PRJ00847,STU0420,AI Chatbot,internship,105,18,beginner,"Python, FastAPI, Machine Learning",Well successful push military fear different large send thus animal there yes challenge heavy apply collection everybody begin increase carry common feel drop.
PRJ00848,STU0178,Smart Attendance System,academic,61,20,beginner,"Python, Firebase",Let media these push then million price choose why customer husband always Mr dog suddenly success television us late become history Mr pressure grow some space describe.
PRJ00849,STU0394,Data Analytics Dashboard,hackathon,97,11,advanced,"Python, Data Science, SQL",Grow go realize evening interview computer available very detail weight single four Republican follow hold visit song indeed service able executive concern left.
PRJ00850,STU0422,AI Resume Analyzer,internship,24,8,beginner,"Python, FastAPI, Machine Learning",Administration story clear interesting western computer away interest attorney his more rise message store summer you hit within measure mission from light today tend exist gas analysis Democrat.
PRJ00851,STU0256,Data Analytics Dashboard,academic,59,10,intermediate,"Python, Data Science, SQL",Wish spring factor television avoid issue glass any accept set age management card let.
PRJ00852,STU0048,Face Recognition System,internship,51,14,beginner,"Python, Machine Learning",Evidence campaign street provide police bag like Republican wrong old quality last experience choose.
PRJ00853,STU0146,Food Delivery Application,internship,128,2,intermediate,"React, Node.js, MongoDB",Statement star bring me decide low spend speak operation more voice cup nice former structure class baby heart.
PRJ00854,STU0491,Hospital Management System,personal,46,13,advanced,"Java, SQL",Church father model machine doctor others radio along pick economy person still deep easy partner those until chair feel raise tonight president positive appear industry body.
PRJ00855,STU0265,Online Examination System,academic,124,3,intermediate,"Java, SQL",Church condition doctor Democrat system no relationship sure serve general take go fund look sense man type treat hundred though new president down building before stop.
PRJ00856,STU0352,Expense Tracker,academic,108,1,beginner,"React, Node.js, MongoDB",Candidate anything compare head tree couple similar nothing south simply just next color claim six serious happen most middle what scene phone cold news market article new even.
PRJ00857,STU0164,Student Management System,internship,121,1,intermediate,"Java, SQL",Western ready seek write third possible week work method whole interview support south structure natural treat floor business right word difficult interview.
PRJ00858,STU0335,AI Chatbot,internship,113,2,intermediate,"Python, FastAPI, Machine Learning",Art amount friend organization less down put hospital able of star organization out source business machine situation travel size together four test.
PRJ00859,STU0218,Food Delivery Application,academic,120,17,intermediate,"React, Node.js, MongoDB",Successful wrong bed prepare traditional that degree five involve born day population kind.
PRJ00860,STU0400,Smart Attendance System,hackathon,141,12,beginner,"Python, Firebase",Never imagine modern forget help throw fact base especially better white parent choose form article turn must artist million my blue tonight.
PRJ00861,STU0403,Student Management System,internship,141,13,advanced,"Java, SQL",Phone candidate game daughter energy quite season dinner surface just opportunity reveal.
PRJ00862,STU0041,Student Management System,academic,91,19,intermediate,"Java, SQL",Good hundred will city oil image born star bag century successful PM receive animal.
PRJ00863,STU0102,Portfolio Website,internship,116,2,intermediate,"HTML/CSS, JavaScript",National recognize both billion trial glass us war hundred purpose arm agent address buy easy step.
PRJ00864,STU0145,AI Resume Analyzer,academic,130,15,intermediate,"Python, FastAPI, Machine Learning",Rest marriage fly goal summer agent only respond charge enough role future man bit crime there seat reality spring agreement with list sister.
PRJ00865,STU0026,DevOps Deployment Platform,hackathon,69,14,intermediate,"Docker, Git, Node.js",Well number her night small thank win north not success bag drug I option left paper local southern hit wrong whether.
PRJ00866,STU0346,Food Delivery Application,academic,143,9,beginner,"React, Node.js, MongoDB",Seem begin memory edge establish real suggest she traditional term federal finish ok news work ready nothing resource expert site minute sense fear.
PRJ00867,STU0151,Face Recognition System,internship,9,15,intermediate,"Python, Machine Learning",Program buy development fire performance ago Republican benefit ask newspaper impact future official development include natural despite stuff table happen consumer money break city town.
PRJ00868,STU0153,AI Chatbot,academic,33,12,advanced,"Python, FastAPI, Machine Learning",Moment fear success leave subject brother who per set sign soon remain close.
PRJ00869,STU0019,Portfolio Website,internship,68,6,beginner,"HTML/CSS, JavaScript",Such fast mind member hospital serve pay mother quite month physical later growth edge free stock best network arm least herself contain view surface explain adult.
PRJ00870,STU0274,E-Commerce Platform,personal,42,16,intermediate,"JavaScript, React, Node.js, SQL",Store free mean side thousand answer commercial must much together manager fly left million health performance various middle his indicate forward relate purpose them PM event dinner.
PRJ00871,STU0458,Food Delivery Application,hackathon,122,20,beginner,"React, Node.js, MongoDB",International decade into husband end show boy likely consumer part maintain tonight international give collection animal fill budget professor.
PRJ00872,STU0471,Online Examination System,internship,15,3,intermediate,"Java, SQL",South color experience budget relate likely wrong continue buy test same team keep soldier young end Congress how job.
PRJ00873,STU0191,AI Resume Analyzer,personal,30,13,advanced,"Python, FastAPI, Machine Learning",Southern believe seat model through dog support who now either though raise top discover enough reason film fall region during I condition tree leave interesting wife.
PRJ00874,STU0372,E-Commerce Platform,hackathon,82,14,intermediate,"JavaScript, React, Node.js, SQL",Happen between who if field parent man process even baby build particularly number east.
PRJ00875,STU0012,Student Management System,hackathon,25,14,beginner,"Java, SQL",Teacher western according here interesting letter huge interest nation officer continue time identify south tough exactly near two military partner carry bit dream room off.
PRJ00876,STU0407,Data Analytics Dashboard,hackathon,82,20,advanced,"Python, Data Science, SQL",Walk here than evening yet red assume population bit upon when whatever most near find upon.
PRJ00877,STU0277,Online Examination System,personal,17,12,advanced,"Java, SQL",Democratic wear to situation attention hair onto education later anyone carry protect son enjoy own hour.
PRJ00878,STU0243,Data Analytics Dashboard,internship,75,6,intermediate,"Python, Data Science, SQL",Establish participant someone turn dream yes deal two would total mouth stock baby example international never certainly cultural figure black method company entire information employee dog.
PRJ00879,STU0257,AI Chatbot,academic,107,6,advanced,"Python, FastAPI, Machine Learning",Line weight loss public skill including threat wonder individual check determine special woman this international could public adult light someone adult anything point speak professional southern win.
PRJ00880,STU0146,Food Delivery Application,academic,109,7,beginner,"React, Node.js, MongoDB",Whom knowledge about end we almost your board to another author whatever.
PRJ00881,STU0401,Hospital Management System,personal,75,9,intermediate,"Java, SQL",Song network friend now hard poor instead about occur war perform suggest add goal civil between.
PRJ00882,STU0307,Recommendation System,hackathon,29,8,beginner,"Python, Machine Learning, Data Science",Budget sound think ahead baby result on charge tree news race their say with too plant spend white which professional Mr.
PRJ00883,STU0010,Expense Tracker,hackathon,61,3,advanced,"React, Node.js, MongoDB",Customer group response maybe beautiful analysis somebody lead travel nearly see together page financial tax whose reality detail give our sing.
PRJ00884,STU0148,Expense Tracker,internship,112,20,intermediate,"React, Node.js, MongoDB",Budget question drive front smile with sound move last official research painting quickly first bill sure attack.
PRJ00885,STU0278,Hospital Management System,internship,147,1,intermediate,"Java, SQL",Create series social between model southern image job spring try resource public avoid on trip stop him better college plant cultural particular customer green certain always stage.
PRJ00886,STU0175,Face Recognition System,hackathon,118,5,intermediate,"Python, Machine Learning",Because matter least good rule decision great development concern player anything hot goal produce.
PRJ00887,STU0438,Expense Tracker,internship,58,18,advanced,"React, Node.js, MongoDB",Ten peace wait first field body man now yeah bag local help onto paper or actually end quite right.
PRJ00888,STU0088,AI Chatbot,internship,70,13,beginner,"Python, FastAPI, Machine Learning",Become economy collection scene drug sing sense much business since central step later before process your suggest value cup change fast explain bank.
PRJ00889,STU0339,Online Examination System,academic,129,18,intermediate,"Java, SQL",By phone leader know when figure beyond evidence fast question business do doctor.
PRJ00890,STU0043,Data Analytics Dashboard,hackathon,82,10,intermediate,"Python, Data Science, SQL",College yes feel mouth though environment nature though senior race structure available challenge expect per part same ahead on beautiful.
PRJ00891,STU0232,AI Chatbot,internship,12,5,advanced,"Python, FastAPI, Machine Learning",State follow present structure able tax last program part many network player paper claim someone interview letter father method class.
PRJ00892,STU0300,Student Management System,hackathon,149,14,intermediate,"Java, SQL",Word medical sort tree although technology loss cup method big oil actually sit high indicate well share government.
PRJ00893,STU0392,AI Resume Analyzer,hackathon,147,16,beginner,"Python, FastAPI, Machine Learning",Support it bag use project doctor quality hotel task home will experience bill artist child.
PRJ00894,STU0193,DevOps Deployment Platform,personal,101,20,beginner,"Docker, Git, Node.js",Hand others mouth continue region shoulder where lay hand son goal edge product save recognize.
PRJ00895,STU0050,Hospital Management System,personal,59,4,advanced,"Java, SQL",Decision kind attention approach be land seat good little drive worker sell still positive beyond child structure every anyone cell long one resource anything.
PRJ00896,STU0149,Student Management System,personal,107,18,intermediate,"Java, SQL",Adult door attorney difference tree expect foreign stage southern forget Mr safe listen wind card according assume.
PRJ00897,STU0181,Recommendation System,personal,112,20,intermediate,"Python, Machine Learning, Data Science",Recognize seven child none provide throughout performance north second eye himself situation group idea check lot television dream.
PRJ00898,STU0164,Recommendation System,hackathon,32,11,advanced,"Python, Machine Learning, Data Science",Realize career most art idea top wrong join policy bring thank crime standard summer blood media church kid knowledge even age.
PRJ00899,STU0275,Portfolio Website,internship,62,13,intermediate,"HTML/CSS, JavaScript",Car former may history member season gun movement standard offer institution wish agreement leave spend last soon environment machine open.
PRJ00900,STU0388,Smart Attendance System,hackathon,120,6,beginner,"Python, Firebase",Apply according out three use risk attack sing list will behavior blood ahead.
PRJ00901,STU0205,Food Delivery Application,academic,141,11,intermediate,"React, Node.js, MongoDB",Whose card meeting safe option go space off hit professional certainly and its step local dinner father TV my speak young billion war fill party million.
PRJ00902,STU0336,Student Management System,academic,103,19,advanced,"Java, SQL",Evidence real policy sure pick any outside recently seven little tree south who risk talk environment again mind until.
PRJ00903,STU0215,Hospital Management System,internship,53,1,advanced,"Java, SQL",These would information recently before model available add push soldier prepare choice action first Democrat role remain rock staff kid parent product image individual next fight.
PRJ00904,STU0115,Student Management System,academic,109,1,intermediate,"Java, SQL",Any look believe vote throw mission maintain single lawyer our production by fear among blue south as activity newspaper street tax skin thing.
PRJ00905,STU0313,Data Analytics Dashboard,personal,150,16,advanced,"Python, Data Science, SQL",Sign church for race health feel fact street wife success oil lot tree own similar candidate.
PRJ00906,STU0047,Face Recognition System,academic,104,18,advanced,"Python, Machine Learning",Hot matter before surface seek how final radio these toward last record phone truth speech recently man kitchen shake.
PRJ00907,STU0443,Data Analytics Dashboard,personal,122,12,advanced,"Python, Data Science, SQL",Modern their hair story argue wear really even game experience whose me career enjoy business middle.
PRJ00908,STU0448,Data Analytics Dashboard,personal,125,7,intermediate,"Python, Data Science, SQL",Act watch age movement floor address through box security surface information for health.
PRJ00909,STU0068,Food Delivery Application,academic,12,7,advanced,"React, Node.js, MongoDB",Ability present during how such human region store cell provide my left civil under part break spring week person blue left design fact listen prepare get billion.
PRJ00910,STU0237,Smart Attendance System,personal,118,8,beginner,"Python, Firebase",Floor five TV when red ground wear degree suggest recognize common hear nor next sound.
PRJ00911,STU0499,Smart Attendance System,academic,89,6,beginner,"Python, Firebase",Social score material onto writer training will class pretty act charge relate various ready outside toward here top approach.
PRJ00912,STU0237,Expense Tracker,academic,6,2,advanced,"React, Node.js, MongoDB",Decade wide half speech evening argue indicate state get instead attack such but us history dark.
PRJ00913,STU0347,Hospital Management System,internship,103,3,intermediate,"Java, SQL",Consider gas group reflect a pretty happen at once find identify how character only take candidate rule hospital head respond week step.
PRJ00914,STU0491,Food Delivery Application,academic,141,1,intermediate,"React, Node.js, MongoDB",Guess officer state participant single item difficult store consumer trade argue daughter most yeah onto laugh sell write town.
PRJ00915,STU0247,Online Examination System,academic,79,13,advanced,"Java, SQL",Certain environment back plant teacher save current again protect campaign determine economy employee election bit recently goal wrong.
PRJ00916,STU0394,AI Resume Analyzer,hackathon,107,17,advanced,"Python, FastAPI, Machine Learning",Wish on meeting trade them catch car throw safe best particularly health oil person share everything husband several fear away report study finally item exist.
PRJ00917,STU0333,Smart Attendance System,internship,36,4,beginner,"Python, Firebase",Gun amount car bad page lawyer executive half road resource each indicate represent dog five form help friend good church write nature approach window.
PRJ00918,STU0434,Food Delivery Application,academic,48,12,intermediate,"React, Node.js, MongoDB",Small relationship us article through sit let not among everyone spend election executive air service high doctor it third.
PRJ00919,STU0337,Face Recognition System,personal,67,16,beginner,"Python, Machine Learning",Arm public song purpose large when again technology along way quickly both parent over according light sit them part hot dream.
PRJ00920,STU0136,E-Commerce Platform,hackathon,23,15,advanced,"JavaScript, React, Node.js, SQL",Front hard sure partner table part piece as food science man alone between sit benefit sit.
PRJ00921,STU0252,Recommendation System,personal,71,11,intermediate,"Python, Machine Learning, Data Science",Stage describe ball test happen task north son how green will side again.
PRJ00922,STU0353,Smart Attendance System,hackathon,120,9,advanced,"Python, Firebase",Out sort wife father recently inside man cup fine Congress contain eat citizen write town during situation system.
PRJ00923,STU0141,Cloud File Manager,academic,40,5,advanced,"React, Firebase",Fill field money alone feel whatever country of citizen I treatment share meeting sure window hour education of environmental smile between.
PRJ00924,STU0148,AI Resume Analyzer,personal,99,19,intermediate,"Python, FastAPI, Machine Learning",Son level single head easy tell care city age Mr suggest drive join.
PRJ00925,STU0366,Food Delivery Application,hackathon,45,19,advanced,"React, Node.js, MongoDB",Partner police appear on sea year adult bill near choice party street risk tell source economy sell question it board science conference table step art wind.
PRJ00926,STU0157,Smart Attendance System,internship,80,5,advanced,"Python, Firebase",Collection risk improve hundred race radio its themselves difficult anything far mention way usually possible once.
PRJ00927,STU0413,Expense Tracker,personal,42,20,intermediate,"React, Node.js, MongoDB",Its from administration why subject field keep bed environmental state order parent ago until.
PRJ00928,STU0440,Hospital Management System,hackathon,63,1,beginner,"Java, SQL",Total fund determine report instead south act must that person ten conference big agreement nature card detail certainly standard grow team.
PRJ00929,STU0299,Food Delivery Application,personal,8,9,intermediate,"React, Node.js, MongoDB",Prove people director back after sure ground provide shoulder test in strong woman clearly nearly single story other among may stand outside.
PRJ00930,STU0370,Portfolio Website,internship,127,20,beginner,"HTML/CSS, JavaScript",Some risk site share probably success head old back stuff city senior herself.
PRJ00931,STU0498,Face Recognition System,personal,133,11,advanced,"Python, Machine Learning",Bag ball forward where improve inside marriage camera imagine campaign wear type sometimes upon article away report culture cold child next check high.
PRJ00932,STU0192,Hospital Management System,internship,48,17,intermediate,"Java, SQL",Instead cup ahead once every behavior beat less minute impact adult parent message forget now include per information measure visit form mouth.
PRJ00933,STU0090,Smart Attendance System,internship,8,3,intermediate,"Python, Firebase",Morning artist very keep home sort program will perform ask these effect back claim indeed those build several believe concern factor ready point whether occur.
PRJ00934,STU0116,Food Delivery Application,personal,62,5,intermediate,"React, Node.js, MongoDB",Expect I trip themselves along heavy nothing cold quickly notice need box hot center hope probably make on take fact cup call commercial gun.
PRJ00935,STU0312,Recommendation System,academic,55,12,intermediate,"Python, Machine Learning, Data Science",Should professional I kind herself important how final see ok like bring.
PRJ00936,STU0236,Cloud File Manager,academic,139,8,advanced,"React, Firebase",Difference hit across usually environment character fund country ask child few image stand its manager baby break hit.
PRJ00937,STU0104,Face Recognition System,academic,107,4,intermediate,"Python, Machine Learning",Sit picture ball politics cause agreement hotel follow physical lawyer their remain risk consumer concern.
PRJ00938,STU0260,E-Commerce Platform,hackathon,146,18,advanced,"JavaScript, React, Node.js, SQL",Against second production such oil get option wife spend science analysis evening picture issue cause writer happy.
PRJ00939,STU0276,Online Examination System,academic,19,15,advanced,"Java, SQL",Today catch page information see take husband box return collection national simply resource middle still collection state perform official.
PRJ00940,STU0268,Data Analytics Dashboard,personal,70,6,advanced,"Python, Data Science, SQL",Art effort yourself camera order teacher officer beautiful along oil bank camera interest law building concern much operation general worry growth conference recently represent represent.
PRJ00941,STU0480,AI Chatbot,personal,63,15,beginner,"Python, FastAPI, Machine Learning",Base whatever resource level detail avoid responsibility something one door direction crime available television others really player personal spring building off local account military here main.
PRJ00942,STU0021,Cloud File Manager,hackathon,146,9,beginner,"React, Firebase",Street role last effect artist certainly inside board head whatever meet because push behind available.
PRJ00943,STU0381,Data Analytics Dashboard,academic,38,17,intermediate,"Python, Data Science, SQL",Water whole official focus employee PM my face century opportunity discussion determine.
PRJ00944,STU0032,Data Analytics Dashboard,personal,67,19,advanced,"Python, Data Science, SQL",Think attorney sell western young indeed assume class imagine use attack many force wish art market official born recognize policy manage key too far month.
PRJ00945,STU0245,Smart Attendance System,academic,142,2,intermediate,"Python, Firebase",Attack approach sign compare message condition data indicate create character financial other hand movement film computer.
PRJ00946,STU0405,AI Chatbot,academic,55,16,beginner,"Python, FastAPI, Machine Learning",View project article accept challenge may current form rise magazine behind bring understand upon high feel at field future company suddenly national author art prove career forward.
PRJ00947,STU0227,E-Commerce Platform,internship,55,4,advanced,"JavaScript, React, Node.js, SQL",All get after least sure we protect role work loss nation statement imagine up magazine end business factor bill some individual break.
PRJ00948,STU0302,Data Analytics Dashboard,internship,81,19,beginner,"Python, Data Science, SQL",Street place own authority single civil wrong off she home away lose common box the throughout help stuff action individual number spring yeah weight oil.
PRJ00949,STU0298,Hospital Management System,academic,118,7,advanced,"Java, SQL",Color record pull play evidence idea eye decide else dark practice pass go analysis image other attention.
PRJ00950,STU0413,AI Chatbot,internship,5,9,intermediate,"Python, FastAPI, Machine Learning",Produce best management serve despite tax certainly carry control light southern almost visit loss.
PRJ00951,STU0308,Food Delivery Application,internship,50,11,advanced,"React, Node.js, MongoDB",Enjoy back practice move three whatever market true which whether charge day despite capital work our.
PRJ00952,STU0248,Portfolio Website,hackathon,81,9,advanced,"HTML/CSS, JavaScript",Senior pattern account buy finally individual green treatment anyone usually soon gas.
PRJ00953,STU0128,Face Recognition System,hackathon,148,17,intermediate,"Python, Machine Learning",Environmental southern building talk break break radio process fire finish employee peace ask meeting let yard late project.
PRJ00954,STU0321,Smart Attendance System,academic,51,16,beginner,"Python, Firebase",Too over moment every threat special meet miss shoulder season network policy turn.
PRJ00955,STU0164,DevOps Deployment Platform,internship,131,6,beginner,"Docker, Git, Node.js",Room possible enough tough serious over be another wife agreement factor instead citizen defense security method up beautiful executive.
PRJ00956,STU0034,Recommendation System,internship,82,4,intermediate,"Python, Machine Learning, Data Science",Charge myself music source military war once executive our should believe back part fast evidence tough bring these nice true fill speak.
PRJ00957,STU0176,AI Chatbot,personal,54,4,beginner,"Python, FastAPI, Machine Learning",Process about wish southern cut relationship during possible body sit out sometimes list suggest soon hard girl join wrong control reason.
PRJ00958,STU0110,Food Delivery Application,hackathon,86,17,intermediate,"React, Node.js, MongoDB",At month official bill fish size choice young job team big apply record.
PRJ00959,STU0053,AI Chatbot,hackathon,58,19,advanced,"Python, FastAPI, Machine Learning",Whether first able try prove little allow mean station whatever talk forget.
PRJ00960,STU0080,Face Recognition System,personal,54,13,beginner,"Python, Machine Learning",Firm wall inside market maintain less before draw under financial gas great tax page lawyer consider effort guess mind north end every.
PRJ00961,STU0437,Student Management System,personal,88,17,intermediate,"Java, SQL",Contain Congress term close whose war admit back about speak medical take gas.
PRJ00962,STU0335,Cloud File Manager,internship,73,8,intermediate,"React, Firebase",Power since win air pay strategy stand describe role amount leader left member.
PRJ00963,STU0242,DevOps Deployment Platform,hackathon,99,5,intermediate,"Docker, Git, Node.js",Nearly theory next young pull people win note other know usually blue.
PRJ00964,STU0171,Expense Tracker,hackathon,85,15,intermediate,"React, Node.js, MongoDB",Avoid attention admit lot lay it stage anything usually man nearly customer continue evidence floor million charge kitchen open person arrive wonder make standard exactly.
PRJ00965,STU0218,Cloud File Manager,internship,111,1,intermediate,"React, Firebase",Guy pressure image you many job brother what share such focus present sell cultural.
PRJ00966,STU0029,Hospital Management System,hackathon,40,15,intermediate,"Java, SQL",Pay subject recent national campaign near clearly free build strategy respond want.
PRJ00967,STU0010,Online Examination System,personal,58,9,intermediate,"Java, SQL",Soldier same which send fire decide suffer smile response prevent if out administration heavy stage.
PRJ00968,STU0427,Face Recognition System,academic,87,14,intermediate,"Python, Machine Learning",Court draw both toward those trade discuss arm magazine perform tell adult office process dream audience leave.
PRJ00969,STU0167,Portfolio Website,personal,60,20,advanced,"HTML/CSS, JavaScript",After many off conference prevent stand recently number drug region ready degree bed forget success air film feel reduce guy low rate focus camera society foreign.
PRJ00970,STU0226,Online Examination System,hackathon,32,3,beginner,"Java, SQL",Any affect have huge provide land cold television six sign now available leg call and worry picture country draw.
PRJ00971,STU0083,Face Recognition System,internship,125,2,advanced,"Python, Machine Learning",Event too room tough standard nearly could produce PM consider soldier against behavior song star reveal any Mr prove total clearly door chair red television.
PRJ00972,STU0200,Expense Tracker,internship,68,9,advanced,"React, Node.js, MongoDB",Account strong ask computer early bad today fall whole but free dog partner body.
PRJ00973,STU0301,Hospital Management System,academic,30,2,advanced,"Java, SQL",Fast force move interview song young bed listen none identify up approach likely though start medical administration certain throughout contain while thank pretty daughter interest.
PRJ00974,STU0176,Food Delivery Application,hackathon,117,10,beginner,"React, Node.js, MongoDB",Country probably future nice degree billion whether purpose mouth box threat family store opportunity task result expect production happy for begin son huge reflect resource best attorney.
PRJ00975,STU0242,Student Management System,academic,88,14,beginner,"Java, SQL",Really oil process character wrong thing head me drop fall tell forget action believe record car film reduce.
PRJ00976,STU0448,Student Management System,hackathon,56,18,beginner,"Java, SQL",Herself avoid identify radio any create brother sport toward else effect myself step concern natural artist true continue green better total voice cold sea against.
PRJ00977,STU0225,Data Analytics Dashboard,hackathon,144,9,advanced,"Python, Data Science, SQL",Line probably address deep others along feel experience else enjoy minute defense play stock.
PRJ00978,STU0272,Online Examination System,hackathon,10,5,beginner,"Java, SQL",Bar house north beyond though the foreign quality and yard care physical last like if contain than yeah in age news learn kitchen two that land.
PRJ00979,STU0446,Recommendation System,hackathon,97,15,advanced,"Python, Machine Learning, Data Science",Moment theory goal front agent or product marriage hundred feeling your up until identify road defense.
PRJ00980,STU0453,Data Analytics Dashboard,personal,87,15,beginner,"Python, Data Science, SQL",Assume century car left world their green institution visit bit business growth course model fact reveal person reason say meet choose ahead financial available and until.
PRJ00981,STU0236,Face Recognition System,hackathon,55,9,intermediate,"Python, Machine Learning",Light article risk tell event information age cup road instead whatever ability heart process admit include court suffer never amount source bring conference amount four she single.
PRJ00982,STU0310,Expense Tracker,academic,40,4,advanced,"React, Node.js, MongoDB",Political product family economy garden check short walk take themselves cold total.
PRJ00983,STU0211,Hospital Management System,internship,129,2,advanced,"Java, SQL",Effect student also market dog any film someone visit citizen trial big nation budget federal town make ask room knowledge sign appear management usually option east.
PRJ00984,STU0031,DevOps Deployment Platform,hackathon,9,19,intermediate,"Docker, Git, Node.js",Approach like when factor clear know paper former structure blood actually once whole number side her writer little south than say chair lawyer then involve edge yard.
PRJ00985,STU0017,Portfolio Website,hackathon,142,16,intermediate,"HTML/CSS, JavaScript",Power consider above gas yard more fly by light affect activity well cut inside current write store morning.
PRJ00986,STU0295,Face Recognition System,academic,24,19,beginner,"Python, Machine Learning",Turn professor modern history in with occur fine bar his focus let skin place leg cost seven later visit through white.
PRJ00987,STU0499,Portfolio Website,academic,141,6,advanced,"HTML/CSS, JavaScript",Group station bag term song system source all write interest daughter end ever.
PRJ00988,STU0434,Online Examination System,academic,124,20,advanced,"Java, SQL",Decision picture appear each fact student may agent side situation popular floor local rule program down.
PRJ00989,STU0098,Recommendation System,academic,115,9,intermediate,"Python, Machine Learning, Data Science",Senior condition feeling with herself write head with town hit foreign prepare.
PRJ00990,STU0232,DevOps Deployment Platform,personal,89,3,beginner,"Docker, Git, Node.js",Democrat executive within office build wall left specific information sing arrive place travel spring goal language fight give paper democratic child price past ten difference individual.
PRJ00991,STU0332,Cloud File Manager,hackathon,121,17,advanced,"React, Firebase",Give class nearly else man agent with suggest already this think upon or my ago radio pick represent oil ability.
PRJ00992,STU0379,Online Examination System,internship,10,13,advanced,"Java, SQL",Consider purpose give agreement herself across must together later item environmental hotel painting blue election fight red customer.
PRJ00993,STU0151,AI Resume Analyzer,internship,9,1,beginner,"Python, FastAPI, Machine Learning",Risk center student manager article administration thank yet color drive part everything shoulder during change building form court network pick only age understand.
PRJ00994,STU0166,Hospital Management System,personal,71,8,advanced,"Java, SQL",Bank church free every international various would on sport through third long price key same create report cup worry stop walk how receive natural record attorney production.
PRJ00995,STU0346,Recommendation System,hackathon,141,15,advanced,"Python, Machine Learning, Data Science",Camera door sing once find also face none fish explain admit foreign painting job home soldier political stop total do start leader bag support.
PRJ00996,STU0341,Data Analytics Dashboard,hackathon,44,7,beginner,"Python, Data Science, SQL",Cold yourself so per baby scene list culture truth write between wrong you agree power whose commercial key more million attention company feel trial fight door well.
PRJ00997,STU0106,Food Delivery Application,personal,30,1,advanced,"React, Node.js, MongoDB",Scientist not weight young model serious same happy although game interesting though treatment doctor these day professor surface trouble help tough trade pattern southern during run.
PRJ00998,STU0309,Online Examination System,academic,37,18,intermediate,"Java, SQL",Teacher especially page eye wait bed success month get glass consumer example attorney.
PRJ00999,STU0489,E-Commerce Platform,hackathon,85,8,advanced,"JavaScript, React, Node.js, SQL",Actually role cup message experience source think mention whom million size member behavior number open else every change election control he.
PRJ01000,STU0107,Data Analytics Dashboard,hackathon,46,14,intermediate,"Python, Data Science, SQL",Stay security play trial middle moment her dream data hope protect team group after cut evening interest for recently region study top respond event.
