commit_id,project_id,student_id,commit_type,files_changed,lines_changed,commit_date
COM000001,PRJ00239,STU0006,bugfix,92,14,2024-09-30
COM000002,PRJ00141,STU0198,documentation,33,428,2025-05-06
COM000003,PRJ00971,STU0083,documentation,8,228,2025-03-24
COM000004,PRJ00889,STU0339,deployment,55,195,2025-10-16
COM000005,PRJ00051,STU0280,documentation,114,205,2025-02-02
COM000006,PRJ00204,STU0460,bugfix,99,303,2024-11-25
COM000007,PRJ00835,STU0216,feature,25,497,2026-01-24
COM000008,PRJ00180,STU0386,testing,150,371,2025-10-06
COM000009,PRJ00529,STU0269,feature,43,388,2025-06-26
COM000010,PRJ00215,STU0197,feature,127,380,2025-03-12
COM000011,PRJ00620,STU0401,refactor,83,213,2025-10-22
COM000012,PRJ00196,STU0150,bugfix,25,410,2025-12-27
COM000013,PRJ00520,STU0113,refactor,124,131,2026-02-18
COM000014,PRJ00521,STU0403,feature,118,9,2026-01-14
COM000015,PRJ00008,STU0265,documentation,109,205,2024-10-23
COM000016,PRJ00985,STU0017,feature,92,185,2025-12-17
COM000017,PRJ00969,STU0167,refactor,18,223,2024-10-14
COM000018,PRJ00969,STU0167,deployment,78,118,2025-03-06
COM000019,PRJ00719,STU0364,feature,101,449,2026-04-20
COM000020,PRJ00483,STU0011,feature,72,374,2025-04-30
COM000021,PRJ00663,STU0348,refactor,13,73,2025-02-17
COM000022,PRJ00868,STU0153,bugfix,47,290,2024-12-09
COM000023,PRJ00010,STU0327,bugfix,134,80,2024-10-21
COM000024,PRJ00144,STU0127,deployment,122,391,2024-10-01
COM000025,PRJ00040,STU0266,feature,55,444,2026-01-22
COM000026,PRJ00758,STU0380,deployment,77,191,2026-06-06
COM000027,PRJ00633,STU0228,documentation,42,215,2025-05-30
COM000028,PRJ00177,STU0259,bugfix,134,495,2024-11-03
COM000029,PRJ00156,STU0091,deployment,48,187,2026-02-13
COM000030,PRJ00901,STU0205,feature,43,16,2026-04-11
COM000031,PRJ00510,STU0244,bugfix,80,207,2024-12-21
COM000032,PRJ00641,STU0154,refactor,69,319,2025-07-20
COM000033,PRJ00329,STU0395,feature,8,170,2025-12-09
COM000034,PRJ00030,STU0071,documentation,10,377,2024-11-10
COM000035,PRJ00893,STU0392,bugfix,106,24,2025-02-25
COM000036,PRJ00553,STU0160,documentation,136,87,2025-01-07
COM000037,PRJ00162,STU0300,feature,5,179,2025-02-05
COM000038,PRJ00919,STU0337,bugfix,25,215,2026-02-06
COM000039,PRJ00068,STU0169,feature,123,238,2026-03-04
COM000040,PRJ00426,STU0475,testing,114,69,2024-09-09
COM000041,PRJ00878,STU0243,testing,2,160,2026-03-08
COM000042,PRJ00488,STU0253,documentation,67,66,2026-06-21
COM000043,PRJ00331,STU0044,deployment,140,188,2026-01-29
COM000044,PRJ00980,STU0453,testing,26,245,2025-05-20
COM000045,PRJ00505,STU0079,deployment,148,101,2025-10-31
COM000046,PRJ00129,STU0102,bugfix,133,67,2025-12-16
COM000047,PRJ00825,STU0133,bugfix,59,338,2024-09-09
COM000048,PRJ00085,STU0276,deployment,26,368,2025-10-27
COM000049,PRJ00414,STU0353,refactor,28,128,2024-09-19
COM000050,PRJ00232,STU0484,refactor,49,374,2026-04-03
COM000051,PRJ00676,STU0163,refactor,86,364,2025-02-06
COM000052,PRJ00998,STU0309,documentation,135,265,2025-03-31
COM000053,PRJ00592,STU0055,refactor,35,168,2026-03-30
COM000054,PRJ00433,STU0283,refactor,39,297,2026-02-17
COM000055,PRJ00755,STU0107,feature,100,324,2025-11-11
COM000056,PRJ00050,STU0039,bugfix,48,8,2024-10-25
COM000057,PRJ00147,STU0297,deployment,10,428,2025-02-07
COM000058,PRJ00814,STU0321,bugfix,43,204,2024-10-19
COM000059,PRJ00331,STU0044,feature,148,247,2025-09-07
COM000060,PRJ00496,STU0299,refactor,50,322,2024-10-13
COM000061,PRJ00891,STU0232,testing,105,232,2024-08-25
COM000062,PRJ00220,STU0442,documentation,69,280,2025-03-15
COM000063,PRJ00451,STU0057,feature,73,336,2026-03-17
COM000064,PRJ00787,STU0124,testing,88,173,2024-08-26
COM000065,PRJ00914,STU0491,bugfix,67,175,2025-12-27
COM000066,PRJ00827,STU0301,documentation,142,234,2024-11-04
COM000067,PRJ00680,STU0118,feature,89,391,2024-12-08
COM000068,PRJ00532,STU0235,refactor,18,401,2025-11-06
COM000069,PRJ00375,STU0327,documentation,8,494,2026-04-14
COM000070,PRJ00557,STU0401,bugfix,26,117,2025-04-11
COM000071,PRJ00999,STU0489,documentation,30,62,2024-10-28
COM000072,PRJ00564,STU0430,deployment,77,65,2025-09-03
COM000073,PRJ00895,STU0050,refactor,80,232,2025-03-21
COM000074,PRJ00447,STU0376,testing,23,495,2025-05-02
COM000075,PRJ00888,STU0088,testing,48,204,2025-10-19
COM000076,PRJ00840,STU0001,testing,51,73,2026-04-17
COM000077,PRJ00861,STU0403,deployment,58,398,2024-12-30
COM000078,PRJ00018,STU0500,bugfix,92,270,2024-08-17
COM000079,PRJ00616,STU0038,bugfix,146,441,2025-01-22
COM000080,PRJ00544,STU0495,testing,14,410,2026-02-27
COM000081,PRJ00546,STU0112,refactor,140,118,2025-11-01
COM000082,PRJ00711,STU0260,testing,44,192,2024-11-23
COM000083,PRJ00163,STU0032,feature,44,326,2025-06-25
COM000084,PRJ00650,STU0382,testing,59,432,2024-12-25
COM000085,PRJ00953,STU0128,deployment,40,277,2024-09-29
COM000086,PRJ00965,STU0218,testing,110,440,2026-02-13
COM000087,PRJ00208,STU0333,refactor,14,492,2025-11-28
COM000088,PRJ00993,STU0151,documentation,77,200,2024-08-19
COM000089,PRJ00923,STU0141,testing,109,458,2025-11-11
COM000090,PRJ00488,STU0253,documentation,84,70,2024-12-12
COM000091,PRJ00739,STU0376,refactor,2,39,2026-05-19
COM000092,PRJ00258,STU0430,deployment,144,343,2024-12-05
COM000093,PRJ00320,STU0138,bugfix,19,31,2025-11-06
COM000094,PRJ00774,STU0360,documentation,37,74,2026-06-12
COM000095,PRJ00493,STU0445,bugfix,64,201,2025-12-22
COM000096,PRJ00806,STU0087,bugfix,109,201,2025-06-21
COM000097,PRJ00606,STU0321,bugfix,65,428,2026-07-02
COM000098,PRJ00359,STU0055,feature,59,494,2025-01-13
COM000099,PRJ00972,STU0200,refactor,37,458,2024-09-01
COM000100,PRJ00412,STU0459,feature,40,106,2025-11-30
COM000101,PRJ00455,STU0040,bugfix,72,390,2026-04-21
COM000102,PRJ00336,STU0013,feature,32,267,2025-05-10
COM000103,PRJ00319,STU0325,testing,28,396,2025-01-12
COM000104,PRJ00644,STU0221,testing,122,119,2025-08-20
COM000105,PRJ00677,STU0125,documentation,78,421,2025-12-09
COM000106,PRJ00128,STU0219,testing,118,79,2025-11-07
COM000107,PRJ00073,STU0201,deployment,89,449,2025-11-17
COM000108,PRJ00279,STU0500,feature,99,430,2026-01-28
COM000109,PRJ00913,STU0347,refactor,30,321,2026-07-18
COM000110,PRJ00478,STU0146,documentation,45,449,2026-05-23
COM000111,PRJ00727,STU0211,deployment,126,389,2026-07-26
COM000112,PRJ00299,STU0039,bugfix,135,53,2025-03-19
COM000113,PRJ00091,STU0129,deployment,94,124,2025-08-26
COM000114,PRJ00891,STU0232,deployment,128,429,2025-12-14
COM000115,PRJ00719,STU0364,documentation,109,30,2024-10-01
COM000116,PRJ00654,STU0292,feature,73,432,2024-12-29
COM000117,PRJ00742,STU0140,deployment,72,464,2026-02-24
COM000118,PRJ00258,STU0430,deployment,132,169,2025-05-11
COM000119,PRJ00430,STU0478,deployment,66,183,2025-01-18
COM000120,PRJ00086,STU0391,feature,27,366,2026-04-23
COM000121,PRJ00826,STU0265,documentation,64,300,2025-01-10
COM000122,PRJ00507,STU0143,bugfix,113,341,2026-01-13
COM000123,PRJ00273,STU0203,feature,126,288,2025-07-27
COM000124,PRJ00622,STU0350,testing,98,311,2025-02-18
COM000125,PRJ00532,STU0235,deployment,99,22,2025-08-13
COM000126,PRJ00617,STU0307,feature,27,295,2025-11-19
COM000127,PRJ00098,STU0357,feature,63,185,2026-07-26
COM000128,PRJ00595,STU0434,deployment,109,418,2025-11-14
COM000129,PRJ00404,STU0109,deployment,12,178,2025-12-21
COM000130,PRJ00663,STU0348,documentation,119,294,2024-10-09
COM000131,PRJ00885,STU0278,testing,11,482,2025-01-25
COM000132,PRJ00409,STU0091,deployment,112,343,2025-02-27
COM000133,PRJ00930,STU0370,feature,57,291,2026-06-06
COM000134,PRJ00186,STU0115,feature,86,51,2025-01-25
COM000135,PRJ00300,STU0274,documentation,9,374,2024-12-30
COM000136,PRJ00468,STU0250,refactor,93,420,2025-10-07
COM000137,PRJ00700,STU0295,refactor,92,499,2025-02-03
COM000138,PRJ00989,STU0098,bugfix,72,229,2025-01-31
COM000139,PRJ00803,STU0215,feature,85,235,2026-08-05
COM000140,PRJ00716,STU0078,deployment,69,394,2025-03-25
COM000141,PRJ00813,STU0094,bugfix,55,286,2025-06-26
COM000142,PRJ00790,STU0074,testing,84,380,2026-06-14
COM000143,PRJ00411,STU0343,refactor,46,433,2025-11-10
COM000144,PRJ00512,STU0078,feature,87,181,2026-02-19
COM000145,PRJ00632,STU0481,testing,60,163,2025-10-02
COM000146,PRJ00849,STU0394,refactor,27,469,2026-01-16
COM000147,PRJ00740,STU0053,feature,105,161,2026-06-23
COM000148,PRJ00637,STU0467,documentation,49,388,2026-01-14
COM000149,PRJ00392,STU0391,bugfix,69,439,2024-09-20
COM000150,PRJ00725,STU0091,documentation,91,173,2025-07-23
COM000151,PRJ00826,STU0265,documentation,94,387,2025-05-09
COM000152,PRJ00164,STU0268,bugfix,84,9,2025-02-20
COM000153,PRJ00115,STU0380,bugfix,150,159,2025-09-12
COM000154,PRJ00931,STU0498,testing,145,152,2026-03-11
COM000155,PRJ00775,STU0170,testing,139,92,2025-11-22
COM000156,PRJ00408,STU0445,testing,21,102,2025-07-15
COM000157,PRJ00096,STU0391,feature,105,437,2025-08-04
COM000158,PRJ00270,STU0416,bugfix,89,273,2025-01-14
COM000159,PRJ00363,STU0173,documentation,36,472,2025-01-09
COM000160,PRJ00395,STU0433,feature,77,315,2025-05-09
COM000161,PRJ00584,STU0184,feature,84,116,2025-12-18
COM000162,PRJ00454,STU0408,feature,64,281,2024-11-23
COM000163,PRJ00159,STU0462,deployment,72,14,2025-03-07
COM000164,PRJ00507,STU0143,bugfix,58,126,2025-08-13
COM000165,PRJ00897,STU0181,bugfix,114,332,2026-02-22
COM000166,PRJ00832,STU0234,bugfix,39,7,2025-01-14
COM000167,PRJ00304,STU0357,bugfix,7,440,2025-03-30
COM000168,PRJ00627,STU0302,documentation,114,213,2026-01-31
COM000169,PRJ00570,STU0480,testing,147,99,2025-02-12
COM000170,PRJ00423,STU0155,bugfix,134,298,2025-06-06
COM000171,PRJ00410,STU0042,deployment,149,455,2024-11-30
COM000172,PRJ00924,STU0148,documentation,68,362,2025-02-01
COM000173,PRJ00816,STU0329,refactor,69,221,2025-02-02
COM000174,PRJ00380,STU0209,refactor,62,164,2024-09-11
COM000175,PRJ00554,STU0350,refactor,21,491,2025-08-09
COM000176,PRJ00710,STU0412,bugfix,84,441,2026-08-10
COM000177,PRJ00848,STU0178,deployment,65,408,2024-11-09
COM000178,PRJ00552,STU0205,testing,34,50,2024-11-21
COM000179,PRJ00940,STU0268,testing,123,275,2025-10-03
COM000180,PRJ00322,STU0048,feature,60,369,2025-06-07
COM000181,PRJ00357,STU0029,deployment,143,421,2026-06-28
COM000182,PRJ00230,STU0374,documentation,70,295,2024-11-25
COM000183,PRJ00857,STU0164,feature,119,317,2026-03-28
COM000184,PRJ00449,STU0431,documentation,113,34,2024-09-15
COM000185,PRJ00977,STU0225,bugfix,7,287,2025-11-23
COM000186,PRJ00460,STU0275,testing,16,459,2024-09-24
COM000187,PRJ00356,STU0428,documentation,39,33,2025-11-08
COM000188,PRJ00699,STU0452,refactor,18,489,2025-04-27
COM000189,PRJ00737,STU0081,refactor,147,130,2024-12-10
COM000190,PRJ00971,STU0083,deployment,9,366,2025-11-23
COM000191,PRJ00613,STU0016,documentation,112,361,2026-02-18
COM000192,PRJ00783,STU0402,bugfix,103,111,2024-10-28
COM000193,PRJ00678,STU0384,documentation,81,276,2025-05-25
COM000194,PRJ00714,STU0429,deployment,79,170,2026-01-25
COM000195,PRJ00239,STU0006,testing,132,485,2025-09-12
COM000196,PRJ00417,STU0078,bugfix,140,349,2024-12-28
COM000197,PRJ00601,STU0323,refactor,3,498,2026-01-19
COM000198,PRJ00625,STU0460,feature,93,301,2025-12-22
COM000199,PRJ00123,STU0125,feature,18,272,2024-12-18
COM000200,PRJ00424,STU0256,deployment,43,376,2025-07-16
COM000201,PRJ00200,STU0388,bugfix,47,428,2024-08-31
COM000202,PRJ00186,STU0115,feature,128,374,2024-10-27
COM000203,PRJ00123,STU0125,refactor,24,49,2025-06-13
COM000204,PRJ00969,STU0167,documentation,148,359,2025-04-14
COM000205,PRJ00972,STU0200,deployment,101,413,2025-09-15
COM000206,PRJ00418,STU0059,documentation,123,71,2025-03-20
COM000207,PRJ00868,STU0153,refactor,48,50,2024-11-03
COM000208,PRJ00319,STU0325,refactor,47,363,2025-08-05
COM000209,PRJ00441,STU0066,refactor,129,47,2025-12-24
COM000210,PRJ00189,STU0001,refactor,104,103,2025-11-07
COM000211,PRJ00233,STU0037,refactor,22,174,2025-12-02
COM000212,PRJ00463,STU0103,feature,136,132,2025-12-25
COM000213,PRJ00021,STU0054,testing,17,286,2026-06-21
COM000214,PRJ00061,STU0225,deployment,97,49,2025-11-24
COM000215,PRJ00173,STU0497,feature,137,7,2025-08-27
COM000216,PRJ00005,STU0050,refactor,100,157,2024-12-04
COM000217,PRJ00029,STU0091,testing,146,192,2025-08-20
COM000218,PRJ00880,STU0146,feature,46,97,2026-05-23
COM000219,PRJ00652,STU0152,testing,129,94,2026-03-13
COM000220,PRJ00549,STU0489,bugfix,90,50,2025-03-12
COM000221,PRJ00894,STU0193,deployment,41,308,2025-09-07
COM000222,PRJ00384,STU0083,testing,47,457,2026-05-26
COM000223,PRJ00452,STU0135,deployment,47,260,2025-07-08
COM000224,PRJ00153,STU0108,documentation,9,319,2026-03-26
COM000225,PRJ00040,STU0266,testing,32,414,2026-05-15
COM000226,PRJ00957,STU0176,refactor,76,56,2026-01-22
COM000227,PRJ00358,STU0376,deployment,48,303,2025-05-28
COM000228,PRJ00531,STU0180,bugfix,27,255,2025-01-20
COM000229,PRJ00198,STU0439,testing,41,314,2025-07-13
COM000230,PRJ00943,STU0381,refactor,118,476,2026-06-12
COM000231,PRJ00675,STU0409,testing,101,402,2025-08-28
COM000232,PRJ00459,STU0131,feature,143,34,2026-04-01
COM000233,PRJ00347,STU0066,bugfix,95,73,2025-06-02
COM000234,PRJ00246,STU0291,documentation,50,407,2026-06-02
COM000235,PRJ00414,STU0353,feature,93,31,2026-06-13
COM000236,PRJ00939,STU0276,documentation,27,435,2025-05-28
COM000237,PRJ00533,STU0397,feature,84,467,2026-05-21
COM000238,PRJ00540,STU0214,testing,149,360,2024-09-27
COM000239,PRJ00545,STU0034,testing,102,388,2025-11-23
COM000240,PRJ00560,STU0015,deployment,53,145,2026-07-06
COM000241,PRJ00329,STU0395,bugfix,116,391,2026-05-08
COM000242,PRJ00203,STU0084,refactor,111,207,2024-12-29
COM000243,PRJ00446,STU0279,documentation,23,252,2025-03-21
COM000244,PRJ00025,STU0184,documentation,28,165,2025-09-21
COM000245,PRJ00575,STU0349,documentation,101,157,2025-08-13
COM000246,PRJ00510,STU0244,refactor,16,271,2025-07-31
COM000247,PRJ00852,STU0048,feature,50,485,2025-10-17
COM000248,PRJ00092,STU0237,refactor,148,278,2025-10-16
COM000249,PRJ00178,STU0427,deployment,82,379,2025-12-16
COM000250,PRJ00050,STU0039,testing,9,25,2025-02-23
COM000251,PRJ00990,STU0232,refactor,100,97,2024-10-18
COM000252,PRJ00361,STU0040,testing,15,422,2026-01-25
COM000253,PRJ00846,STU0066,deployment,113,379,2026-03-06
COM000254,PRJ00521,STU0403,testing,47,261,2026-01-25
COM000255,PRJ00380,STU0209,deployment,13,467,2024-12-15
COM000256,PRJ00220,STU0442,feature,119,487,2026-02-15
COM000257,PRJ00191,STU0309,bugfix,83,38,2026-06-28
COM000258,PRJ00732,STU0210,bugfix,128,106,2025-04-10
COM000259,PRJ00585,STU0263,deployment,5,24,2026-03-11
COM000260,PRJ00945,STU0245,documentation,54,461,2024-10-25
COM000261,PRJ00706,STU0190,feature,76,3,2025-11-11
COM000262,PRJ00927,STU0413,bugfix,86,91,2026-03-16
COM000263,PRJ00400,STU0343,bugfix,97,470,2026-01-26
COM000264,PRJ00858,STU0335,documentation,13,80,2026-07-03
COM000265,PRJ00146,STU0234,testing,65,319,2025-12-05
COM000266,PRJ00685,STU0086,refactor,110,349,2026-06-02
COM000267,PRJ00585,STU0263,deployment,81,105,2026-04-13
COM000268,PRJ00963,STU0242,deployment,71,210,2025-12-11
COM000269,PRJ00707,STU0065,feature,108,422,2025-08-23
COM000270,PRJ00424,STU0256,documentation,73,432,2024-10-13
COM000271,PRJ00923,STU0141,bugfix,126,130,2026-02-15
COM000272,PRJ00615,STU0419,feature,103,22,2025-03-28
COM000273,PRJ00713,STU0478,documentation,34,340,2026-06-23
COM000274,PRJ00707,STU0065,bugfix,20,327,2026-06-22
COM000275,PRJ00118,STU0192,feature,42,462,2025-04-18
COM000276,PRJ00811,STU0180,documentation,19,94,2025-07-31
COM000277,PRJ00550,STU0300,refactor,44,484,2025-12-06
COM000278,PRJ00758,STU0380,refactor,103,146,2026-06-03
COM000279,PRJ00550,STU0300,refactor,74,439,2025-08-04
COM000280,PRJ00584,STU0184,refactor,29,390,2024-12-30
COM000281,PRJ00123,STU0125,documentation,53,487,2026-05-19
COM000282,PRJ00089,STU0328,testing,129,103,2026-04-19
COM000283,PRJ00131,STU0041,testing,11,241,2025-01-27
COM000284,PRJ00491,STU0166,feature,30,118,2025-06-05
COM000285,PRJ00039,STU0086,documentation,49,43,2024-09-14
COM000286,PRJ00781,STU0065,deployment,19,124,2025-08-14
COM000287,PRJ00447,STU0376,testing,96,225,2026-07-26
COM000288,PRJ00757,STU0031,bugfix,115,306,2026-07-05
COM000289,PRJ00788,STU0243,feature,130,393,2025-11-29
COM000290,PRJ00998,STU0309,bugfix,55,372,2025-11-25
COM000291,PRJ00326,STU0466,feature,147,8,2025-05-06
COM000292,PRJ00972,STU0200,bugfix,89,441,2025-03-10
COM000293,PRJ00974,STU0176,refactor,46,180,2025-10-04
COM000294,PRJ00474,STU0126,bugfix,16,201,2025-08-19
COM000295,PRJ00390,STU0296,bugfix,76,259,2026-07-31
COM000296,PRJ00066,STU0291,bugfix,49,322,2024-10-25
COM000297,PRJ00200,STU0388,refactor,114,13,2025-04-08
COM000298,PRJ00893,STU0392,documentation,19,432,2026-05-12
COM000299,PRJ00252,STU0044,testing,137,148,2025-12-26
COM000300,PRJ00571,STU0001,bugfix,38,281,2025-11-24
COM000301,PRJ00988,STU0434,refactor,16,58,2025-08-27
COM000302,PRJ00702,STU0115,feature,106,266,2025-01-31
COM000303,PRJ00548,STU0071,feature,45,371,2024-09-21
COM000304,PRJ00956,STU0034,refactor,96,20,2025-05-27
COM000305,PRJ00147,STU0297,feature,61,4,2026-01-30
COM000306,PRJ00391,STU0364,feature,146,30,2025-01-07
COM000307,PRJ00834,STU0206,documentation,147,62,2025-07-18
COM000308,PRJ00878,STU0243,bugfix,11,289,2025-08-15
COM000309,PRJ00559,STU0182,feature,7,333,2025-05-21
COM000310,PRJ00844,STU0282,documentation,148,331,2026-07-19
COM000311,PRJ00396,STU0212,refactor,101,231,2025-08-02
COM000312,PRJ00933,STU0090,deployment,62,350,2024-09-11
COM000313,PRJ00503,STU0097,testing,66,177,2025-11-27
COM000314,PRJ00652,STU0152,documentation,124,471,2026-06-13
COM000315,PRJ00921,STU0252,bugfix,118,275,2024-11-10
COM000316,PRJ00901,STU0205,refactor,59,74,2026-04-22
COM000317,PRJ00294,STU0050,deployment,46,494,2024-10-03
COM000318,PRJ00991,STU0332,documentation,67,452,2024-09-04
COM000319,PRJ00165,STU0493,refactor,7,222,2025-01-24
COM000320,PRJ00825,STU0133,refactor,38,22,2026-07-21
COM000321,PRJ00471,STU0086,documentation,140,437,2025-06-03
COM000322,PRJ00233,STU0037,documentation,34,431,2025-09-24
COM000323,PRJ00642,STU0197,refactor,55,483,2025-11-11
COM000324,PRJ00416,STU0040,documentation,108,236,2025-11-21
COM000325,PRJ00752,STU0115,documentation,115,488,2025-02-09
COM000326,PRJ00398,STU0437,documentation,95,173,2025-07-16
COM000327,PRJ00334,STU0423,deployment,104,69,2026-01-13
COM000328,PRJ00741,STU0145,testing,54,126,2026-04-26
COM000329,PRJ00223,STU0436,deployment,50,292,2025-10-07
COM000330,PRJ00200,STU0388,deployment,95,461,2024-11-27
COM000331,PRJ00475,STU0400,testing,106,192,2025-12-17
COM000332,PRJ00660,STU0090,refactor,56,202,2025-10-27
COM000333,PRJ00145,STU0362,documentation,29,278,2026-05-17
COM000334,PRJ00668,STU0460,documentation,78,464,2026-02-01
COM000335,PRJ00853,STU0146,testing,107,27,2025-05-17
COM000336,PRJ00205,STU0334,bugfix,88,283,2025-09-18
COM000337,PRJ00912,STU0237,bugfix,100,480,2026-02-05
COM000338,PRJ00530,STU0156,documentation,48,483,2025-02-02
COM000339,PRJ00454,STU0408,feature,54,198,2026-07-13
COM000340,PRJ00582,STU0018,deployment,46,140,2025-09-11
COM000341,PRJ00764,STU0384,deployment,146,394,2025-04-16
COM000342,PRJ00160,STU0445,deployment,104,295,2025-06-29
COM000343,PRJ00801,STU0243,bugfix,40,211,2025-03-10
COM000344,PRJ00325,STU0036,documentation,64,445,2024-09-19
COM000345,PRJ00757,STU0031,bugfix,126,162,2025-08-09
COM000346,PRJ00626,STU0224,testing,137,377,2026-04-07
COM000347,PRJ00644,STU0221,feature,26,403,2024-09-11
COM000348,PRJ00067,STU0033,feature,7,5,2024-11-28
COM000349,PRJ00943,STU0381,feature,86,437,2026-04-01
COM000350,PRJ00093,STU0487,refactor,93,104,2025-06-17
COM000351,PRJ00762,STU0248,bugfix,56,158,2025-10-24
COM000352,PRJ00861,STU0403,feature,94,320,2024-12-03
COM000353,PRJ00932,STU0192,refactor,116,244,2024-12-13
COM000354,PRJ00347,STU0066,deployment,46,149,2026-01-27
COM000355,PRJ00311,STU0363,feature,145,82,2024-11-23
COM000356,PRJ00923,STU0141,bugfix,43,213,2026-08-12
COM000357,PRJ00122,STU0417,testing,106,82,2026-08-02
COM000358,PRJ00576,STU0012,testing,122,359,2026-08-11
COM000359,PRJ00288,STU0219,deployment,65,500,2025-04-28
COM000360,PRJ00117,STU0220,deployment,39,466,2025-10-03
COM000361,PRJ00456,STU0466,feature,12,70,2026-03-03
COM000362,PRJ00902,STU0336,documentation,123,195,2026-07-24
COM000363,PRJ00489,STU0233,bugfix,7,301,2025-09-04
COM000364,PRJ00705,STU0492,refactor,114,300,2026-07-05
COM000365,PRJ00586,STU0369,bugfix,116,458,2025-11-08
COM000366,PRJ00021,STU0054,documentation,147,177,2026-03-19
COM000367,PRJ00907,STU0443,refactor,23,454,2026-01-13
COM000368,PRJ00379,STU0385,feature,47,70,2024-10-03
COM000369,PRJ00640,STU0429,refactor,102,470,2024-10-02
COM000370,PRJ00154,STU0418,feature,52,493,2025-01-15
COM000371,PRJ00650,STU0382,refactor,76,365,2025-07-30
COM000372,PRJ00812,STU0045,feature,92,309,2024-12-31
COM000373,PRJ00819,STU0453,documentation,6,319,2025-02-09
COM000374,PRJ00913,STU0347,testing,108,87,2026-02-19
COM000375,PRJ00374,STU0006,refactor,51,263,2024-11-30
COM000376,PRJ00287,STU0209,testing,8,251,2025-09-30
COM000377,PRJ00327,STU0373,bugfix,15,333,2026-02-07
COM000378,PRJ00245,STU0133,deployment,80,135,2025-06-26
COM000379,PRJ00460,STU0275,documentation,88,21,2025-11-06
COM000380,PRJ00280,STU0145,deployment,119,338,2024-10-31
COM000381,PRJ00083,STU0467,refactor,143,17,2026-06-07
COM000382,PRJ00134,STU0276,testing,4,377,2025-09-11
COM000383,PRJ00588,STU0248,feature,79,195,2025-02-18
COM000384,PRJ00205,STU0334,documentation,99,199,2025-01-05
COM000385,PRJ00037,STU0408,deployment,71,357,2026-03-05
COM000386,PRJ00385,STU0149,refactor,95,412,2025-12-01
COM000387,PRJ00525,STU0073,documentation,106,363,2025-05-16
COM000388,PRJ00351,STU0197,bugfix,90,369,2026-01-19
COM000389,PRJ00268,STU0004,testing,51,251,2026-03-15
COM000390,PRJ00289,STU0027,refactor,23,468,2025-02-07
COM000391,PRJ00461,STU0461,deployment,23,413,2025-02-21
COM000392,PRJ00683,STU0061,refactor,132,459,2025-04-20
COM000393,PRJ00117,STU0220,feature,34,413,2025-04-01
COM000394,PRJ00781,STU0065,feature,64,39,2026-01-22
COM000395,PRJ00182,STU0369,refactor,18,79,2025-09-12
COM000396,PRJ00586,STU0369,bugfix,24,443,2025-10-03
COM000397,PRJ00078,STU0229,feature,5,378,2026-01-14
COM000398,PRJ00827,STU0301,refactor,20,80,2026-04-10
COM000399,PRJ00597,STU0358,deployment,119,324,2025-02-23
COM000400,PRJ00895,STU0050,refactor,29,314,2026-04-10
COM000401,PRJ00125,STU0004,feature,37,103,2025-03-24
COM000402,PRJ00941,STU0480,deployment,22,96,2025-10-04
COM000403,PRJ00094,STU0088,deployment,25,2,2026-06-17
COM000404,PRJ00444,STU0082,deployment,61,108,2025-03-03
COM000405,PRJ00052,STU0061,deployment,22,199,2024-12-11
COM000406,PRJ00329,STU0395,deployment,137,99,2025-04-21
COM000407,PRJ00488,STU0253,bugfix,128,310,2025-08-01
COM000408,PRJ00724,STU0497,bugfix,122,148,2025-01-28
COM000409,PRJ00750,STU0146,deployment,17,227,2025-10-29
COM000410,PRJ00190,STU0217,testing,3,41,2025-05-30
COM000411,PRJ00181,STU0015,bugfix,69,74,2024-09-29
COM000412,PRJ00900,STU0388,testing,149,499,2025-03-11
COM000413,PRJ00194,STU0146,deployment,33,360,2025-12-09
COM000414,PRJ00780,STU0111,feature,50,96,2026-07-05
COM000415,PRJ00869,STU0019,refactor,60,84,2025-07-10
COM000416,PRJ00405,STU0020,deployment,77,308,2024-09-30
COM000417,PRJ00423,STU0155,testing,75,112,2025-10-05
COM000418,PRJ00437,STU0124,refactor,90,377,2025-12-28
COM000419,PRJ00247,STU0399,testing,3,336,2024-10-22
COM000420,PRJ00912,STU0237,deployment,66,145,2026-05-27
COM000421,PRJ00773,STU0092,bugfix,18,32,2024-08-15
COM000422,PRJ00065,STU0301,documentation,90,463,2025-07-24
COM000423,PRJ00751,STU0373,feature,112,41,2026-01-03
COM000424,PRJ00691,STU0379,deployment,116,7,2026-04-10
COM000425,PRJ00763,STU0040,deployment,24,164,2024-10-25
COM000426,PRJ00603,STU0443,refactor,18,292,2025-09-11
COM000427,PRJ00269,STU0192,deployment,83,231,2026-04-12
COM000428,PRJ00367,STU0140,deployment,124,190,2025-09-01
COM000429,PRJ00512,STU0078,refactor,127,161,2026-03-08
COM000430,PRJ00560,STU0015,deployment,50,117,2024-08-20
COM000431,PRJ00602,STU0458,bugfix,12,354,2025-02-28
COM000432,PRJ00362,STU0381,documentation,121,451,2025-12-12
COM000433,PRJ00473,STU0093,refactor,105,238,2025-01-05
COM000434,PRJ00890,STU0043,documentation,117,79,2026-06-16
COM000435,PRJ00146,STU0234,deployment,100,215,2024-10-27
COM000436,PRJ00973,STU0301,feature,37,404,2025-04-07
COM000437,PRJ00325,STU0036,documentation,40,205,2026-01-21
COM000438,PRJ00375,STU0327,feature,113,406,2025-08-26
COM000439,PRJ00838,STU0340,deployment,46,78,2024-08-22
COM000440,PRJ00608,STU0119,bugfix,57,49,2024-08-28
COM000441,PRJ00017,STU0420,documentation,122,77,2026-06-18
COM000442,PRJ00278,STU0007,refactor,52,12,2025-01-16
COM000443,PRJ00510,STU0244,documentation,42,156,2025-11-12
COM000444,PRJ00850,STU0422,testing,73,117,2026-04-13
COM000445,PRJ00195,STU0353,documentation,129,222,2025-04-08
COM000446,PRJ00446,STU0279,bugfix,126,497,2026-06-30
COM000447,PRJ00682,STU0071,feature,92,493,2025-11-15
COM000448,PRJ00109,STU0320,feature,84,362,2025-02-12
COM000449,PRJ00489,STU0233,testing,76,73,2024-09-29
COM000450,PRJ00241,STU0449,testing,128,412,2026-05-27
COM000451,PRJ00222,STU0106,documentation,127,7,2025-01-04
COM000452,PRJ00980,STU0453,refactor,42,174,2026-03-17
COM000453,PRJ00646,STU0111,refactor,111,314,2026-08-02
COM000454,PRJ00125,STU0004,testing,35,272,2026-07-18
COM000455,PRJ00289,STU0027,refactor,97,414,2025-09-15
COM000456,PRJ00706,STU0190,bugfix,96,290,2024-09-16
COM000457,PRJ00994,STU0166,documentation,18,10,2026-03-09
COM000458,PRJ00458,STU0248,refactor,108,127,2024-10-25
COM000459,PRJ00215,STU0197,refactor,61,466,2025-03-07
COM000460,PRJ00893,STU0392,refactor,123,403,2026-06-12
COM000461,PRJ00288,STU0219,testing,89,296,2026-02-12
COM000462,PRJ00813,STU0094,refactor,51,462,2025-06-27
COM000463,PRJ00131,STU0041,refactor,148,498,2025-11-14
COM000464,PRJ00934,STU0116,bugfix,62,417,2024-09-16
COM000465,PRJ00840,STU0001,bugfix,127,289,2025-04-11
COM000466,PRJ00482,STU0232,feature,82,262,2025-07-24
COM000467,PRJ00902,STU0336,feature,100,385,2026-05-25
COM000468,PRJ00152,STU0326,testing,84,42,2026-06-19
COM000469,PRJ00542,STU0291,documentation,120,309,2024-10-14
COM000470,PRJ00923,STU0141,deployment,70,35,2025-05-20
COM000471,PRJ00461,STU0461,documentation,51,406,2025-09-29
COM000472,PRJ00789,STU0041,refactor,38,187,2026-03-23
COM000473,PRJ00869,STU0019,feature,123,127,2026-04-04
COM000474,PRJ00229,STU0309,deployment,2,168,2026-03-04
COM000475,PRJ00365,STU0006,testing,125,288,2025-10-21
COM000476,PRJ00150,STU0130,refactor,83,249,2024-12-11
COM000477,PRJ00322,STU0048,testing,139,103,2024-12-06
COM000478,PRJ00844,STU0282,deployment,50,491,2026-01-31
COM000479,PRJ00946,STU0405,testing,32,152,2025-10-04
COM000480,PRJ00752,STU0115,feature,51,269,2025-07-14
COM000481,PRJ00819,STU0453,testing,74,128,2025-12-15
COM000482,PRJ00810,STU0326,documentation,110,359,2025-07-22
COM000483,PRJ00839,STU0411,feature,78,134,2024-12-14
COM000484,PRJ00210,STU0353,bugfix,77,13,2024-12-17
COM000485,PRJ00030,STU0071,deployment,109,41,2025-12-16
COM000486,PRJ00378,STU0385,documentation,39,229,2024-10-16
COM000487,PRJ00641,STU0154,documentation,144,81,2025-06-20
COM000488,PRJ00609,STU0473,documentation,82,56,2026-03-11
COM000489,PRJ00960,STU0080,refactor,118,142,2025-01-08
COM000490,PRJ00203,STU0084,deployment,118,146,2025-07-04
COM000491,PRJ00167,STU0419,testing,34,166,2025-04-21
COM000492,PRJ00980,STU0453,feature,33,27,2025-10-19
COM000493,PRJ00889,STU0339,refactor,143,245,2025-12-04
COM000494,PRJ00378,STU0385,bugfix,82,426,2025-06-18
COM000495,PRJ00738,STU0467,documentation,142,14,2024-12-03
COM000496,PRJ00644,STU0221,documentation,84,203,2026-01-20
COM000497,PRJ00183,STU0325,refactor,10,330,2025-01-28
COM000498,PRJ00290,STU0483,refactor,146,388,2024-09-21
COM000499,PRJ00583,STU0240,feature,132,29,2024-08-17
COM000500,PRJ00741,STU0145,deployment,35,255,2025-07-22
COM000501,PRJ00066,STU0291,feature,37,78,2026-03-20
COM000502,PRJ00105,STU0098,testing,43,482,2025-04-03
COM000503,PRJ00731,STU0373,bugfix,25,387,2025-07-15
COM000504,PRJ00369,STU0500,refactor,88,42,2026-02-15
COM000505,PRJ00423,STU0155,refactor,19,253,2024-08-23
COM000506,PRJ00411,STU0343,testing,17,269,2026-05-11
COM000507,PRJ00427,STU0284,deployment,103,356,2026-05-21
COM000508,PRJ00159,STU0462,testing,24,417,2025-06-12
COM000509,PRJ00213,STU0329,documentation,42,60,2024-12-05
COM000510,PRJ00782,STU0310,refactor,60,123,2025-09-13
COM000511,PRJ00058,STU0371,deployment,144,13,2025-08-28
COM000512,PRJ00054,STU0418,deployment,59,246,2026-02-09
COM000513,PRJ00044,STU0218,feature,58,389,2025-04-17
COM000514,PRJ00239,STU0006,bugfix,37,257,2026-03-04
COM000515,PRJ00328,STU0011,refactor,101,388,2025-11-20
COM000516,PRJ00650,STU0382,deployment,103,10,2026-01-09
COM000517,PRJ00523,STU0319,refactor,128,13,2025-11-26
COM000518,PRJ00686,STU0477,deployment,108,282,2025-07-05
COM000519,PRJ00070,STU0014,feature,53,302,2024-12-17
COM000520,PRJ00037,STU0408,bugfix,60,299,2026-04-17
COM000521,PRJ00504,STU0390,feature,91,360,2025-07-29
COM000522,PRJ00083,STU0467,testing,96,261,2026-06-30
COM000523,PRJ00921,STU0252,bugfix,103,109,2025-10-02
COM000524,PRJ00156,STU0091,testing,3,469,2026-01-16
COM000525,PRJ00643,STU0023,deployment,74,137,2025-08-08
COM000526,PRJ00570,STU0480,refactor,132,199,2025-01-04
COM000527,PRJ00164,STU0268,bugfix,67,172,2025-01-07
COM000528,PRJ00201,STU0145,refactor,68,202,2025-02-11
COM000529,PRJ00123,STU0125,deployment,75,232,2024-12-06
COM000530,PRJ00030,STU0071,documentation,133,395,2026-03-14
COM000531,PRJ00416,STU0040,bugfix,49,58,2026-05-13
COM000532,PRJ00043,STU0232,documentation,29,381,2025-04-20
COM000533,PRJ00956,STU0034,bugfix,53,389,2025-12-25
COM000534,PRJ00584,STU0184,deployment,78,427,2024-09-11
COM000535,PRJ00707,STU0065,deployment,56,454,2026-04-05
COM000536,PRJ00608,STU0119,refactor,94,238,2025-01-17
COM000537,PRJ00056,STU0422,deployment,60,291,2025-05-20
COM000538,PRJ00912,STU0237,refactor,57,262,2025-07-27
COM000539,PRJ00025,STU0184,refactor,5,111,2024-10-14
COM000540,PRJ00850,STU0422,bugfix,87,106,2024-11-14
COM000541,PRJ00512,STU0078,deployment,101,369,2025-10-22
COM000542,PRJ00336,STU0013,documentation,102,309,2025-01-02
COM000543,PRJ00772,STU0269,bugfix,127,246,2025-09-26
COM000544,PRJ00575,STU0349,testing,75,408,2024-11-18
COM000545,PRJ00684,STU0295,bugfix,21,316,2026-06-22
COM000546,PRJ00110,STU0155,feature,9,318,2025-08-16
COM000547,PRJ00052,STU0061,feature,72,477,2025-08-20
COM000548,PRJ00001,STU0321,refactor,115,196,2025-12-15
COM000549,PRJ00747,STU0381,testing,42,50,2026-07-16
COM000550,PRJ00055,STU0438,refactor,57,331,2025-06-30
COM000551,PRJ00196,STU0150,documentation,97,39,2024-11-14
COM000552,PRJ00287,STU0209,documentation,7,153,2025-09-04
COM000553,PRJ00789,STU0041,feature,32,155,2025-03-20
COM000554,PRJ00146,STU0234,refactor,118,477,2025-08-25
COM000555,PRJ00955,STU0164,bugfix,32,471,2025-05-29
COM000556,PRJ00652,STU0152,deployment,9,451,2026-01-05
COM000557,PRJ00954,STU0321,documentation,46,8,2026-07-23
COM000558,PRJ00116,STU0389,feature,62,234,2025-05-24
COM000559,PRJ00891,STU0232,testing,144,140,2024-09-30
COM000560,PRJ00277,STU0406,feature,146,246,2024-08-28
COM000561,PRJ00065,STU0301,deployment,41,111,2025-12-24
COM000562,PRJ00067,STU0033,documentation,98,16,2025-01-05
COM000563,PRJ00039,STU0086,documentation,112,426,2024-11-19
COM000564,PRJ00477,STU0408,documentation,46,499,2026-05-08
COM000565,PRJ00014,STU0398,testing,13,337,2025-04-30
COM000566,PRJ00065,STU0301,refactor,74,369,2025-09-01
COM000567,PRJ00491,STU0166,bugfix,70,13,2025-07-21
COM000568,PRJ00688,STU0444,refactor,50,121,2026-02-14
COM000569,PRJ00707,STU0065,documentation,2,333,2024-12-14
COM000570,PRJ00046,STU0266,testing,113,287,2025-08-15
COM000571,PRJ00975,STU0242,deployment,127,406,2025-10-28
COM000572,PRJ00238,STU0466,deployment,14,147,2026-04-07
COM000573,PRJ00373,STU0145,feature,96,234,2026-01-29
COM000574,PRJ00841,STU0158,documentation,141,84,2025-11-27
COM000575,PRJ00383,STU0048,deployment,97,372,2024-12-25
COM000576,PRJ00565,STU0055,testing,39,165,2026-07-16
COM000577,PRJ00753,STU0190,deployment,90,209,2026-07-21
COM000578,PRJ00179,STU0247,testing,104,191,2026-04-03
COM000579,PRJ00479,STU0288,refactor,76,76,2025-07-03
COM000580,PRJ00834,STU0206,deployment,128,346,2025-06-01
COM000581,PRJ00556,STU0291,documentation,94,493,2025-10-11
COM000582,PRJ00443,STU0411,feature,66,454,2025-08-04
COM000583,PRJ00141,STU0198,refactor,93,331,2025-06-23
COM000584,PRJ00478,STU0146,documentation,140,442,2024-12-03
COM000585,PRJ00697,STU0297,bugfix,12,176,2024-09-05
COM000586,PRJ00519,STU0359,deployment,39,307,2025-09-08
COM000587,PRJ00350,STU0276,testing,42,436,2025-05-19
COM000588,PRJ00818,STU0290,testing,37,418,2026-07-04
COM000589,PRJ00812,STU0045,bugfix,103,42,2025-09-29
COM000590,PRJ00844,STU0282,documentation,30,257,2025-06-24
COM000591,PRJ00558,STU0227,feature,135,54,2026-06-17
COM000592,PRJ00590,STU0490,feature,67,479,2025-11-16
COM000593,PRJ00564,STU0430,deployment,44,379,2026-05-23
COM000594,PRJ00233,STU0037,deployment,87,251,2025-09-26
COM000595,PRJ00120,STU0379,refactor,97,281,2026-05-20
COM000596,PRJ00960,STU0080,documentation,135,337,2025-12-12
COM000597,PRJ00840,STU0001,documentation,58,296,2025-03-27
COM000598,PRJ00360,STU0016,deployment,106,353,2025-08-20
COM000599,PRJ00770,STU0351,feature,59,328,2024-10-08
COM000600,PRJ00660,STU0090,documentation,41,428,2025-02-16
COM000601,PRJ00711,STU0260,bugfix,2,458,2025-07-29
COM000602,PRJ00813,STU0094,testing,29,254,2025-08-25
COM000603,PRJ00148,STU0330,feature,80,124,2025-12-13
COM000604,PRJ00774,STU0360,documentation,79,423,2025-09-22
COM000605,PRJ00215,STU0197,testing,26,488,2025-05-27
COM000606,PRJ00835,STU0216,bugfix,8,9,2026-03-22
COM000607,PRJ00032,STU0410,refactor,32,107,2026-01-28
COM000608,PRJ00191,STU0309,deployment,20,35,2025-09-13
COM000609,PRJ00260,STU0128,documentation,32,217,2026-07-18
COM000610,PRJ00968,STU0427,refactor,105,6,2025-02-17
COM000611,PRJ00715,STU0301,testing,78,176,2025-06-13
COM000612,PRJ00398,STU0437,refactor,55,156,2026-07-10
COM000613,PRJ00439,STU0172,testing,124,326,2026-01-16
COM000614,PRJ00630,STU0161,testing,12,348,2025-07-31
COM000615,PRJ00504,STU0390,feature,129,164,2025-03-19
COM000616,PRJ00360,STU0016,feature,67,359,2025-01-09
COM000617,PRJ00485,STU0021,documentation,139,395,2024-10-09
COM000618,PRJ00101,STU0009,documentation,91,486,2024-12-18
COM000619,PRJ00995,STU0346,deployment,127,14,2025-05-18
COM000620,PRJ00390,STU0296,feature,126,389,2026-07-16
COM000621,PRJ00928,STU0440,feature,123,130,2025-09-07
COM000622,PRJ00557,STU0401,feature,23,126,2026-05-14
COM000623,PRJ00742,STU0140,deployment,26,233,2026-06-24
COM000624,PRJ00389,STU0161,deployment,88,124,2024-12-30
COM000625,PRJ00619,STU0260,documentation,10,166,2026-05-11
COM000626,PRJ00318,STU0337,testing,117,111,2025-03-02
COM000627,PRJ00629,STU0030,documentation,26,6,2025-11-29
COM000628,PRJ00701,STU0085,bugfix,9,479,2025-06-12
COM000629,PRJ00519,STU0359,documentation,19,258,2026-03-24
COM000630,PRJ00186,STU0115,documentation,72,357,2025-01-15
COM000631,PRJ00579,STU0141,documentation,139,335,2024-08-27
COM000632,PRJ00742,STU0140,feature,66,300,2024-11-24
COM000633,PRJ00121,STU0330,deployment,134,252,2026-06-16
COM000634,PRJ00179,STU0247,documentation,77,438,2025-02-03
COM000635,PRJ00167,STU0419,feature,76,308,2025-05-30
COM000636,PRJ00340,STU0459,documentation,30,352,2026-03-23
COM000637,PRJ00159,STU0462,feature,52,247,2026-03-14
COM000638,PRJ00498,STU0271,bugfix,3,199,2024-08-19
COM000639,PRJ00795,STU0478,deployment,47,396,2025-12-01
COM000640,PRJ00386,STU0107,feature,79,94,2025-01-12
COM000641,PRJ00229,STU0309,refactor,128,118,2026-03-15
COM000642,PRJ00731,STU0373,documentation,31,52,2026-02-28
COM000643,PRJ00169,STU0446,bugfix,35,380,2025-02-13
COM000644,PRJ00970,STU0226,testing,146,13,2024-09-27
COM000645,PRJ00449,STU0431,documentation,95,407,2024-11-08
COM000646,PRJ00716,STU0078,documentation,7,363,2024-09-29
COM000647,PRJ00538,STU0348,deployment,96,326,2024-12-26
COM000648,PRJ00557,STU0401,feature,109,243,2025-01-22
COM000649,PRJ00035,STU0326,refactor,113,286,2026-04-30
COM000650,PRJ00719,STU0364,documentation,19,34,2025-10-20
COM000651,PRJ00090,STU0205,refactor,93,244,2025-07-14
COM000652,PRJ00411,STU0343,testing,64,465,2026-04-04
COM000653,PRJ00951,STU0308,bugfix,32,13,2025-02-19
COM000654,PRJ00166,STU0310,feature,148,96,2025-09-23
COM000655,PRJ00681,STU0474,bugfix,116,338,2024-12-19
COM000656,PRJ00560,STU0015,refactor,144,135,2025-10-06
COM000657,PRJ00490,STU0015,feature,49,299,2025-11-23
COM000658,PRJ00424,STU0256,feature,145,21,2025-12-26
COM000659,PRJ00238,STU0466,bugfix,39,154,2024-11-29
COM000660,PRJ00137,STU0080,deployment,102,6,2025-04-09
COM000661,PRJ00381,STU0301,feature,132,404,2026-07-23
COM000662,PRJ00013,STU0224,feature,136,341,2025-09-13
COM000663,PRJ00273,STU0203,testing,137,5,2025-10-13
COM000664,PRJ00311,STU0363,bugfix,83,472,2026-06-08
COM000665,PRJ00250,STU0209,documentation,56,97,2024-11-06
COM000666,PRJ00680,STU0118,documentation,124,246,2025-03-03
COM000667,PRJ00220,STU0442,feature,46,199,2025-08-31
COM000668,PRJ00567,STU0262,deployment,140,440,2026-01-30
COM000669,PRJ00824,STU0496,feature,39,342,2025-04-18
COM000670,PRJ00131,STU0041,testing,39,441,2026-03-15
COM000671,PRJ00779,STU0338,feature,124,263,2025-02-18
COM000672,PRJ00075,STU0446,testing,44,127,2025-04-03
COM000673,PRJ00642,STU0197,documentation,94,481,2026-06-23
COM000674,PRJ00231,STU0134,refactor,106,31,2026-06-26
COM000675,PRJ00771,STU0242,documentation,12,446,2026-04-01
COM000676,PRJ00329,STU0395,documentation,9,99,2024-10-05
COM000677,PRJ00688,STU0444,deployment,97,201,2025-04-11
COM000678,PRJ00461,STU0461,testing,59,384,2025-02-27
COM000679,PRJ00930,STU0370,bugfix,124,315,2025-10-22
COM000680,PRJ00973,STU0301,testing,106,331,2024-10-31
COM000681,PRJ00893,STU0392,deployment,42,124,2025-11-11
COM000682,PRJ00614,STU0172,testing,75,255,2025-11-02
COM000683,PRJ00792,STU0334,feature,112,308,2026-03-26
COM000684,PRJ00032,STU0410,documentation,18,288,2025-08-08
COM000685,PRJ00087,STU0259,deployment,39,396,2026-02-12
COM000686,PRJ00657,STU0030,feature,96,143,2025-12-26
COM000687,PRJ00403,STU0169,refactor,120,333,2025-11-04
COM000688,PRJ00827,STU0301,refactor,79,429,2026-01-30
COM000689,PRJ00549,STU0489,testing,85,471,2026-03-01
COM000690,PRJ00316,STU0151,documentation,132,250,2025-12-20
COM000691,PRJ00396,STU0212,deployment,145,473,2026-04-27
COM000692,PRJ00699,STU0452,testing,148,71,2026-03-17
COM000693,PRJ00481,STU0256,refactor,25,355,2025-02-19
COM000694,PRJ00502,STU0031,refactor,138,265,2026-04-28
COM000695,PRJ00632,STU0481,deployment,18,129,2024-12-14
COM000696,PRJ00645,STU0391,refactor,71,448,2025-08-05
COM000697,PRJ00296,STU0122,testing,133,117,2025-09-04
COM000698,PRJ00321,STU0374,refactor,63,290,2025-08-17
COM000699,PRJ00196,STU0150,refactor,80,99,2025-03-13
COM000700,PRJ00846,STU0066,refactor,134,347,2025-03-29
COM000701,PRJ00422,STU0498,refactor,69,307,2026-07-14
COM000702,PRJ00435,STU0482,deployment,50,394,2025-05-29
COM000703,PRJ00628,STU0024,bugfix,77,98,2025-10-24
COM000704,PRJ00704,STU0106,deployment,94,365,2025-02-24
COM000705,PRJ00556,STU0291,testing,84,105,2026-05-22
COM000706,PRJ00818,STU0290,documentation,150,267,2025-07-17
COM000707,PRJ00178,STU0427,feature,76,327,2024-08-30
COM000708,PRJ00253,STU0493,bugfix,88,94,2025-05-01
COM000709,PRJ00909,STU0068,deployment,129,192,2025-06-19
COM000710,PRJ00252,STU0044,documentation,125,368,2025-01-01
COM000711,PRJ00278,STU0007,testing,119,276,2026-05-22
COM000712,PRJ00350,STU0276,bugfix,67,311,2026-01-01
COM000713,PRJ00074,STU0245,refactor,33,495,2026-03-11
COM000714,PRJ00386,STU0107,testing,102,2,2024-09-20
COM000715,PRJ00069,STU0054,bugfix,67,476,2024-09-05
COM000716,PRJ00507,STU0143,documentation,142,299,2025-08-13
COM000717,PRJ00841,STU0158,refactor,132,291,2026-04-09
COM000718,PRJ00431,STU0052,bugfix,70,27,2025-07-10
COM000719,PRJ00438,STU0079,deployment,127,305,2026-05-06
COM000720,PRJ00111,STU0088,documentation,113,199,2026-07-10
COM000721,PRJ00321,STU0374,feature,37,93,2025-08-15
COM000722,PRJ00126,STU0325,refactor,15,22,2025-01-25
COM000723,PRJ00868,STU0153,feature,73,56,2026-03-04
COM000724,PRJ00562,STU0192,testing,70,66,2026-04-21
COM000725,PRJ00803,STU0215,feature,110,105,2025-07-28
COM000726,PRJ00041,STU0356,deployment,147,31,2025-02-24
COM000727,PRJ00011,STU0372,feature,88,320,2026-02-24
COM000728,PRJ00737,STU0081,refactor,74,221,2024-11-29
COM000729,PRJ00247,STU0399,bugfix,58,317,2025-04-18
COM000730,PRJ00619,STU0260,testing,70,476,2025-01-17
COM000731,PRJ00566,STU0354,refactor,62,78,2025-11-29
COM000732,PRJ00024,STU0095,testing,83,391,2026-01-18
COM000733,PRJ00226,STU0296,bugfix,100,105,2025-08-05
COM000734,PRJ00555,STU0284,testing,6,489,2025-08-10
COM000735,PRJ00165,STU0493,feature,148,380,2024-11-02
COM000736,PRJ00629,STU0030,refactor,126,64,2026-07-31
COM000737,PRJ00098,STU0357,bugfix,106,114,2024-12-06
COM000738,PRJ00248,STU0182,documentation,44,457,2025-06-02
COM000739,PRJ00178,STU0427,bugfix,73,55,2026-02-28
COM000740,PRJ00004,STU0029,bugfix,80,223,2024-10-17
COM000741,PRJ00594,STU0473,testing,100,229,2025-08-24
COM000742,PRJ00219,STU0276,bugfix,27,434,2025-01-07
COM000743,PRJ00084,STU0358,documentation,115,227,2026-04-12
COM000744,PRJ00154,STU0418,deployment,100,436,2025-11-11
COM000745,PRJ00630,STU0161,documentation,7,278,2026-04-24
COM000746,PRJ00784,STU0074,refactor,54,452,2025-04-20
COM000747,PRJ00690,STU0460,documentation,113,405,2025-07-08
COM000748,PRJ00897,STU0181,testing,89,165,2024-10-26
COM000749,PRJ00022,STU0328,documentation,131,316,2024-09-04
COM000750,PRJ00398,STU0437,documentation,54,191,2025-03-22
COM000751,PRJ00148,STU0330,deployment,21,308,2024-11-22
COM000752,PRJ00858,STU0335,deployment,98,87,2026-01-11
COM000753,PRJ00807,STU0207,documentation,55,112,2025-11-20
COM000754,PRJ00322,STU0048,refactor,105,141,2026-05-28
COM000755,PRJ00255,STU0098,deployment,76,461,2025-10-18
COM000756,PRJ00237,STU0281,documentation,122,492,2026-03-30
COM000757,PRJ00025,STU0184,deployment,146,125,2025-10-20
COM000758,PRJ00661,STU0020,deployment,18,232,2025-03-24
COM000759,PRJ00731,STU0373,feature,101,293,2024-08-23
COM000760,PRJ00354,STU0491,refactor,99,11,2024-08-18
COM000761,PRJ00503,STU0097,documentation,116,466,2025-03-20
COM000762,PRJ00435,STU0482,feature,113,131,2026-03-10
COM000763,PRJ00357,STU0029,bugfix,70,188,2025-01-13
COM000764,PRJ00934,STU0116,refactor,124,81,2025-09-12
COM000765,PRJ00173,STU0497,bugfix,134,307,2025-08-04
COM000766,PRJ00544,STU0495,bugfix,11,196,2024-12-29
COM000767,PRJ00374,STU0006,feature,60,47,2025-05-27
COM000768,PRJ00725,STU0091,bugfix,25,316,2025-05-19
COM000769,PRJ00713,STU0478,testing,14,129,2025-06-26
COM000770,PRJ00082,STU0213,testing,67,232,2026-07-09
COM000771,PRJ00153,STU0108,refactor,38,440,2026-02-14
COM000772,PRJ00447,STU0376,refactor,49,118,2026-06-06
COM000773,PRJ00420,STU0019,refactor,44,267,2025-01-16
COM000774,PRJ00069,STU0054,bugfix,25,318,2026-02-26
COM000775,PRJ00054,STU0418,testing,47,148,2026-03-18
COM000776,PRJ00562,STU0192,documentation,110,459,2026-05-14
COM000777,PRJ00172,STU0097,bugfix,6,414,2024-12-22
COM000778,PRJ00985,STU0017,bugfix,21,35,2025-01-31
COM000779,PRJ00792,STU0334,feature,70,419,2024-11-12
COM000780,PRJ00802,STU0314,bugfix,138,64,2024-10-07
COM000781,PRJ00798,STU0140,documentation,143,390,2025-01-22
COM000782,PRJ00378,STU0385,deployment,47,79,2026-06-25
COM000783,PRJ00547,STU0003,bugfix,64,403,2025-06-05
COM000784,PRJ00009,STU0305,refactor,45,393,2025-06-30
COM000785,PRJ00279,STU0500,testing,7,257,2024-12-12
COM000786,PRJ00517,STU0113,feature,102,70,2024-08-21
COM000787,PRJ00172,STU0097,feature,122,80,2025-03-19
COM000788,PRJ00867,STU0151,bugfix,63,442,2026-05-18
COM000789,PRJ00624,STU0219,refactor,148,401,2024-10-18
COM000790,PRJ00286,STU0010,documentation,64,233,2025-12-24
COM000791,PRJ00180,STU0386,deployment,30,366,2026-03-05
COM000792,PRJ00255,STU0098,bugfix,12,35,2026-06-23
COM000793,PRJ00387,STU0255,bugfix,2,148,2026-03-11
COM000794,PRJ00472,STU0210,testing,127,347,2026-05-29
COM000795,PRJ00773,STU0092,documentation,142,278,2024-12-21
COM000796,PRJ00744,STU0259,documentation,136,239,2026-03-28
COM000797,PRJ00986,STU0295,deployment,135,182,2025-02-07
COM000798,PRJ00806,STU0087,testing,149,368,2026-06-06
COM000799,PRJ00858,STU0335,deployment,105,385,2026-08-03
COM000800,PRJ00258,STU0430,testing,106,86,2026-02-27
COM000801,PRJ00516,STU0266,documentation,34,413,2025-06-08
COM000802,PRJ00038,STU0108,bugfix,20,308,2024-11-26
COM000803,PRJ00377,STU0025,refactor,31,310,2026-03-19
COM000804,PRJ00926,STU0157,documentation,99,193,2026-05-26
COM000805,PRJ00307,STU0197,refactor,8,162,2025-12-07
COM000806,PRJ00499,STU0396,bugfix,6,111,2025-07-06
COM000807,PRJ00446,STU0279,deployment,39,231,2026-02-03
COM000808,PRJ00886,STU0175,testing,37,333,2026-02-28
COM000809,PRJ00813,STU0094,refactor,103,126,2025-09-21
COM000810,PRJ00146,STU0234,feature,60,463,2025-05-10
COM000811,PRJ00450,STU0043,refactor,126,205,2026-06-14
COM000812,PRJ00478,STU0146,deployment,121,191,2026-05-25
COM000813,PRJ00904,STU0115,bugfix,120,67,2026-02-20
COM000814,PRJ00426,STU0475,feature,64,486,2026-06-30
COM000815,PRJ00150,STU0130,deployment,27,152,2025-04-05
COM000816,PRJ00384,STU0083,feature,91,239,2026-02-17
COM000817,PRJ00932,STU0192,documentation,112,40,2026-03-13
COM000818,PRJ00613,STU0016,refactor,92,421,2025-09-18
COM000819,PRJ00525,STU0073,testing,124,21,2025-09-01
COM000820,PRJ00957,STU0176,documentation,19,181,2025-12-02
COM000821,PRJ00340,STU0459,bugfix,81,473,2024-09-26
COM000822,PRJ00519,STU0359,bugfix,4,52,2026-07-22
COM000823,PRJ00150,STU0130,deployment,145,139,2026-06-08
COM000824,PRJ00062,STU0448,feature,132,112,2025-02-24
COM000825,PRJ00646,STU0111,testing,97,13,2026-03-15
COM000826,PRJ00460,STU0275,documentation,87,409,2026-03-24
COM000827,PRJ00628,STU0024,documentation,90,319,2026-02-10
COM000828,PRJ00335,STU0262,refactor,96,27,2025-08-27
COM000829,PRJ00821,STU0187,testing,33,453,2025-05-15
COM000830,PRJ00449,STU0431,documentation,112,391,2025-05-23
COM000831,PRJ00527,STU0181,feature,142,374,2026-06-25
COM000832,PRJ00767,STU0205,testing,131,35,2025-07-24
COM000833,PRJ00992,STU0379,bugfix,98,170,2025-03-29
COM000834,PRJ00677,STU0125,deployment,114,375,2025-03-23
COM000835,PRJ00740,STU0053,deployment,70,74,2025-02-14
COM000836,PRJ00146,STU0234,bugfix,25,316,2026-04-19
COM000837,PRJ00394,STU0439,refactor,102,113,2025-06-13
COM000838,PRJ00043,STU0232,feature,79,7,2025-05-07
COM000839,PRJ00977,STU0225,bugfix,51,215,2026-02-10
COM000840,PRJ00583,STU0240,bugfix,108,410,2024-08-26
COM000841,PRJ00846,STU0066,bugfix,111,281,2025-06-11
COM000842,PRJ00582,STU0018,refactor,55,1,2025-05-17
COM000843,PRJ00068,STU0169,bugfix,11,136,2025-01-21
COM000844,PRJ00745,STU0426,documentation,18,113,2025-08-12
COM000845,PRJ00480,STU0417,bugfix,128,59,2025-09-21
COM000846,PRJ00082,STU0213,deployment,119,416,2026-05-31
COM000847,PRJ00921,STU0252,refactor,97,436,2025-09-18
COM000848,PRJ00481,STU0256,refactor,149,286,2024-10-27
COM000849,PRJ00562,STU0192,deployment,86,324,2024-10-21
COM000850,PRJ00681,STU0474,refactor,136,80,2025-10-15
COM000851,PRJ00684,STU0295,deployment,135,350,2026-08-04
COM000852,PRJ00286,STU0010,testing,64,116,2026-03-24
COM000853,PRJ00835,STU0216,feature,113,248,2025-01-22
COM000854,PRJ00279,STU0500,refactor,132,154,2025-02-03
COM000855,PRJ00511,STU0475,deployment,105,27,2025-12-19
COM000856,PRJ00975,STU0242,testing,78,411,2026-02-04
COM000857,PRJ00884,STU0148,refactor,29,422,2026-01-09
COM000858,PRJ00152,STU0326,testing,59,433,2026-07-16
COM000859,PRJ00803,STU0215,bugfix,65,238,2026-03-16
COM000860,PRJ00927,STU0413,bugfix,27,358,2024-10-09
COM000861,PRJ00556,STU0291,testing,94,212,2025-12-13
COM000862,PRJ00761,STU0492,documentation,109,291,2025-11-19
COM000863,PRJ00340,STU0459,refactor,22,125,2024-11-09
COM000864,PRJ00167,STU0419,testing,125,486,2026-07-03
COM000865,PRJ00951,STU0308,deployment,18,397,2024-10-04
COM000866,PRJ00322,STU0048,feature,113,208,2026-01-02
COM000867,PRJ00835,STU0216,documentation,41,213,2025-11-05
COM000868,PRJ00485,STU0021,feature,87,481,2025-06-01
COM000869,PRJ00380,STU0209,feature,80,121,2026-02-20
COM000870,PRJ00499,STU0396,documentation,103,302,2024-11-17
COM000871,PRJ00220,STU0442,documentation,112,435,2026-03-03
COM000872,PRJ00241,STU0449,refactor,64,313,2025-04-24
COM000873,PRJ00824,STU0496,bugfix,88,82,2026-06-09
COM000874,PRJ00613,STU0016,refactor,98,437,2024-12-19
COM000875,PRJ00085,STU0276,feature,23,43,2025-11-28
COM000876,PRJ00816,STU0329,deployment,4,77,2025-02-13
COM000877,PRJ00554,STU0350,documentation,128,460,2025-04-24
COM000878,PRJ00095,STU0064,deployment,40,27,2024-08-15
COM000879,PRJ00003,STU0029,documentation,47,17,2025-03-07
COM000880,PRJ00137,STU0080,refactor,95,348,2024-11-01
COM000881,PRJ00703,STU0386,deployment,93,342,2026-05-15
COM000882,PRJ00586,STU0369,feature,12,85,2025-08-28
COM000883,PRJ00915,STU0247,refactor,86,52,2024-09-26
COM000884,PRJ00040,STU0266,testing,23,21,2026-06-16
COM000885,PRJ00630,STU0161,feature,51,405,2026-04-21
COM000886,PRJ00175,STU0338,documentation,127,56,2025-09-14
COM000887,PRJ00274,STU0102,testing,76,316,2026-03-12
COM000888,PRJ00857,STU0164,testing,20,426,2025-05-08
COM000889,PRJ00628,STU0024,refactor,37,34,2024-10-27
COM000890,PRJ00474,STU0126,testing,68,81,2026-05-12
COM000891,PRJ00659,STU0133,deployment,133,50,2026-03-24
COM000892,PRJ00509,STU0009,testing,59,353,2024-11-01
COM000893,PRJ00291,STU0094,feature,102,437,2026-02-11
COM000894,PRJ00347,STU0066,deployment,43,356,2025-03-09
COM000895,PRJ00485,STU0021,documentation,93,488,2024-10-23
COM000896,PRJ00522,STU0376,refactor,77,335,2025-06-06
COM000897,PRJ00723,STU0152,documentation,109,414,2026-04-06
COM000898,PRJ00953,STU0128,bugfix,81,342,2025-12-30
COM000899,PRJ00335,STU0262,bugfix,63,237,2025-06-18
COM000900,PRJ00153,STU0108,deployment,41,19,2024-09-21
COM000901,PRJ00082,STU0213,feature,32,76,2025-08-29
COM000902,PRJ00111,STU0088,documentation,34,77,2024-08-25
COM000903,PRJ00741,STU0145,feature,74,395,2026-04-30
COM000904,PRJ00341,STU0172,deployment,83,297,2024-12-24
COM000905,PRJ00245,STU0133,deployment,125,223,2026-05-30
COM000906,PRJ00420,STU0019,feature,143,374,2025-08-30
COM000907,PRJ00602,STU0458,refactor,55,459,2025-06-20
COM000908,PRJ00485,STU0021,deployment,10,187,2025-06-08
COM000909,PRJ00161,STU0194,documentation,51,177,2025-03-10
COM000910,PRJ00068,STU0169,feature,10,431,2025-09-14
COM000911,PRJ00874,STU0372,refactor,101,96,2024-11-02
COM000912,PRJ00833,STU0130,documentation,120,338,2026-05-01
COM000913,PRJ00990,STU0232,documentation,84,231,2025-04-07
COM000914,PRJ00137,STU0080,refactor,110,338,2026-02-16
COM000915,PRJ00323,STU0097,testing,49,4,2025-02-09
COM000916,PRJ00891,STU0232,bugfix,66,213,2024-12-22
COM000917,PRJ00096,STU0391,documentation,87,76,2025-12-21
COM000918,PRJ00044,STU0218,bugfix,63,263,2026-01-31
COM000919,PRJ00619,STU0260,documentation,73,465,2025-11-21
COM000920,PRJ00208,STU0333,deployment,48,214,2025-04-21
COM000921,PRJ00040,STU0266,feature,94,365,2025-07-18
COM000922,PRJ00352,STU0416,testing,97,173,2026-08-03
COM000923,PRJ00003,STU0029,feature,125,396,2026-02-02
COM000924,PRJ00845,STU0193,testing,53,109,2026-05-31
COM000925,PRJ00152,STU0326,refactor,131,141,2026-02-10
COM000926,PRJ00544,STU0495,documentation,137,303,2025-04-21
COM000927,PRJ00628,STU0024,testing,52,223,2025-08-10
COM000928,PRJ00789,STU0041,deployment,12,233,2025-10-24
COM000929,PRJ00988,STU0434,deployment,142,149,2025-11-23
COM000930,PRJ00552,STU0205,documentation,13,146,2026-06-21
COM000931,PRJ00341,STU0172,feature,106,302,2026-04-20
COM000932,PRJ00643,STU0023,feature,123,425,2026-01-27
COM000933,PRJ00900,STU0388,documentation,120,469,2025-05-24
COM000934,PRJ00906,STU0047,testing,148,119,2024-09-28
COM000935,PRJ00946,STU0405,refactor,59,231,2026-03-12
COM000936,PRJ00272,STU0102,refactor,11,419,2025-11-13
COM000937,PRJ00235,STU0404,deployment,150,131,2026-05-30
COM000938,PRJ00405,STU0020,refactor,3,272,2025-11-19
COM000939,PRJ00235,STU0404,feature,58,488,2024-09-10
COM000940,PRJ00842,STU0047,documentation,63,204,2025-04-10
COM000941,PRJ00003,STU0029,documentation,14,491,2025-04-25
COM000942,PRJ00078,STU0229,refactor,139,417,2026-05-21
COM000943,PRJ00922,STU0353,testing,108,9,2026-03-18
COM000944,PRJ00514,STU0196,deployment,80,394,2026-02-08
COM000945,PRJ00615,STU0419,deployment,15,255,2026-05-08
COM000946,PRJ00595,STU0434,bugfix,138,339,2025-10-02
COM000947,PRJ00566,STU0354,refactor,31,438,2025-12-16
COM000948,PRJ00241,STU0449,documentation,145,372,2026-02-21
COM000949,PRJ00337,STU0336,bugfix,141,336,2025-02-04
COM000950,PRJ00206,STU0487,feature,111,41,2026-05-14
COM000951,PRJ00337,STU0336,deployment,64,485,2025-10-03
COM000952,PRJ00492,STU0098,feature,27,67,2025-04-04
COM000953,PRJ00954,STU0321,deployment,68,87,2025-11-04
COM000954,PRJ00674,STU0323,refactor,67,213,2025-09-20
COM000955,PRJ00166,STU0310,documentation,54,374,2026-06-24
COM000956,PRJ00168,STU0030,refactor,26,392,2025-10-12
COM000957,PRJ00955,STU0164,refactor,81,278,2025-08-07
COM000958,PRJ00709,STU0135,testing,19,40,2025-06-07
COM000959,PRJ00160,STU0445,feature,2,489,2025-05-06
COM000960,PRJ00246,STU0291,feature,71,495,2025-07-14
COM000961,PRJ00184,STU0478,feature,117,173,2025-07-27
COM000962,PRJ00125,STU0004,testing,138,239,2025-07-04
COM000963,PRJ00524,STU0349,feature,125,343,2024-12-05
COM000964,PRJ00630,STU0161,refactor,23,183,2024-11-10
COM000965,PRJ00808,STU0076,feature,92,91,2024-12-03
COM000966,PRJ00398,STU0437,bugfix,141,484,2026-03-14
COM000967,PRJ00257,STU0477,deployment,6,467,2025-02-07
COM000968,PRJ00936,STU0236,testing,24,33,2024-11-28
COM000969,PRJ00167,STU0419,bugfix,89,83,2024-10-15
COM000970,PRJ00535,STU0338,deployment,138,100,2026-03-29
COM000971,PRJ00491,STU0166,deployment,91,16,2026-04-06
COM000972,PRJ00349,STU0472,documentation,112,54,2025-12-28
COM000973,PRJ00827,STU0301,testing,105,109,2025-03-30
COM000974,PRJ00172,STU0097,bugfix,125,397,2025-07-05
COM000975,PRJ00601,STU0323,deployment,19,500,2025-04-07
COM000976,PRJ00763,STU0040,bugfix,128,286,2025-12-22
COM000977,PRJ00790,STU0074,documentation,101,165,2025-11-04
COM000978,PRJ00658,STU0161,refactor,52,461,2025-06-29
COM000979,PRJ00043,STU0232,feature,117,97,2026-06-12
COM000980,PRJ00004,STU0029,testing,92,9,2025-10-18
COM000981,PRJ00681,STU0474,refactor,88,213,2025-03-01
COM000982,PRJ00768,STU0369,feature,82,442,2024-12-30
COM000983,PRJ00475,STU0400,feature,36,432,2025-12-06
COM000984,PRJ00099,STU0027,testing,135,288,2026-01-06
COM000985,PRJ00785,STU0459,feature,36,243,2026-01-23
COM000986,PRJ00507,STU0143,testing,143,372,2026-07-31
COM000987,PRJ00780,STU0111,refactor,32,320,2025-11-14
COM000988,PRJ00831,STU0084,feature,83,126,2024-12-14
COM000989,PRJ00320,STU0138,testing,110,151,2025-02-06
COM000990,PRJ00040,STU0266,feature,16,481,2024-12-23
COM000991,PRJ00308,STU0106,deployment,37,357,2025-05-26
COM000992,PRJ00265,STU0003,documentation,41,144,2026-02-11
COM000993,PRJ00349,STU0472,documentation,21,500,2025-12-19
COM000994,PRJ00544,STU0495,refactor,21,256,2025-01-17
COM000995,PRJ00316,STU0151,deployment,78,209,2026-07-03
COM000996,PRJ00024,STU0095,feature,74,168,2026-02-28
COM000997,PRJ00190,STU0217,deployment,25,446,2025-02-06
COM000998,PRJ00141,STU0198,testing,27,186,2026-05-30
COM000999,PRJ00117,STU0220,feature,69,394,2026-05-25
COM001000,PRJ00342,STU0352,refactor,33,94,2026-04-07
COM001001,PRJ00591,STU0016,bugfix,22,119,2025-05-15
COM001002,PRJ00051,STU0280,refactor,81,431,2026-03-15
COM001003,PRJ00779,STU0338,testing,140,468,2026-02-27
COM001004,PRJ00880,STU0146,feature,142,479,2025-12-23
COM001005,PRJ00592,STU0055,deployment,141,153,2026-03-07
COM001006,PRJ00929,STU0299,testing,78,52,2024-11-14
COM001007,PRJ00917,STU0333,documentation,12,160,2025-04-09
COM001008,PRJ00941,STU0480,documentation,25,337,2026-06-18
COM001009,PRJ00342,STU0352,refactor,15,71,2025-03-31
COM001010,PRJ00071,STU0106,feature,3,55,2025-06-20
COM001011,PRJ00913,STU0347,documentation,12,241,2025-02-19
COM001012,PRJ00829,STU0184,refactor,105,278,2025-05-28
COM001013,PRJ00110,STU0155,refactor,42,303,2025-02-27
COM001014,PRJ00963,STU0242,testing,65,42,2026-04-02
COM001015,PRJ00343,STU0470,bugfix,49,333,2025-06-04
COM001016,PRJ00941,STU0480,testing,28,323,2025-11-17
COM001017,PRJ00832,STU0234,feature,122,112,2024-12-25
COM001018,PRJ00747,STU0381,deployment,34,87,2026-01-03
COM001019,PRJ00756,STU0207,deployment,132,123,2025-12-10
COM001020,PRJ00418,STU0059,feature,135,449,2025-07-09
COM001021,PRJ00280,STU0145,testing,50,253,2024-08-27
COM001022,PRJ00561,STU0315,bugfix,17,221,2026-02-28
COM001023,PRJ00217,STU0417,testing,101,99,2026-04-01
COM001024,PRJ00845,STU0193,testing,76,177,2026-07-07
COM001025,PRJ00140,STU0329,documentation,107,467,2024-08-20
COM001026,PRJ00593,STU0408,refactor,70,128,2025-09-12
COM001027,PRJ00632,STU0481,feature,109,131,2025-12-01
COM001028,PRJ00664,STU0121,testing,129,1,2025-08-02
COM001029,PRJ00118,STU0192,documentation,50,383,2026-07-11
COM001030,PRJ00260,STU0128,deployment,34,296,2025-05-09
COM001031,PRJ00189,STU0001,deployment,150,62,2024-11-29
COM001032,PRJ00991,STU0332,deployment,65,68,2026-06-26
COM001033,PRJ00729,STU0134,feature,61,128,2025-12-22
COM001034,PRJ00763,STU0040,feature,20,351,2025-04-16
COM001035,PRJ00405,STU0020,bugfix,57,142,2026-01-05
COM001036,PRJ00983,STU0211,feature,149,2,2026-04-13
COM001037,PRJ00668,STU0460,bugfix,30,425,2025-01-11
COM001038,PRJ00713,STU0478,feature,107,55,2025-09-06
COM001039,PRJ00350,STU0276,bugfix,116,74,2025-05-13
COM001040,PRJ00151,STU0454,deployment,33,445,2025-09-09
COM001041,PRJ00378,STU0385,refactor,107,194,2025-12-30
COM001042,PRJ00676,STU0163,testing,72,228,2024-09-29
COM001043,PRJ00680,STU0118,bugfix,39,106,2025-07-11
COM001044,PRJ00399,STU0205,refactor,50,446,2026-05-16
COM001045,PRJ00682,STU0071,deployment,64,251,2025-04-01
COM001046,PRJ00501,STU0338,refactor,113,26,2025-07-23
COM001047,PRJ00259,STU0195,feature,112,238,2024-08-13
COM001048,PRJ00163,STU0032,feature,17,384,2026-04-27
COM001049,PRJ00470,STU0220,testing,76,105,2025-02-19
COM001050,PRJ00424,STU0256,feature,75,73,2024-09-06
COM001051,PRJ00291,STU0094,refactor,47,219,2024-11-18
COM001052,PRJ00788,STU0243,feature,123,403,2025-12-08
COM001053,PRJ00781,STU0065,testing,18,301,2025-04-27
COM001054,PRJ00466,STU0434,refactor,79,330,2026-03-15
COM001055,PRJ00230,STU0374,documentation,53,353,2025-03-08
COM001056,PRJ00885,STU0278,refactor,124,494,2025-01-30
COM001057,PRJ00400,STU0343,refactor,43,246,2026-05-04
COM001058,PRJ00226,STU0296,documentation,36,9,2024-08-22
COM001059,PRJ00800,STU0422,bugfix,126,197,2025-01-16
COM001060,PRJ00225,STU0154,testing,132,329,2025-09-05
COM001061,PRJ00957,STU0176,bugfix,30,138,2024-11-07
COM001062,PRJ00739,STU0376,refactor,135,131,2025-08-18
COM001063,PRJ00707,STU0065,feature,71,442,2025-04-19
COM001064,PRJ00675,STU0409,testing,81,383,2025-08-18
COM001065,PRJ00414,STU0353,feature,18,291,2026-03-21
COM001066,PRJ00981,STU0236,feature,63,461,2026-04-22
COM001067,PRJ00290,STU0483,refactor,64,388,2026-01-14
COM001068,PRJ00981,STU0236,deployment,144,439,2026-07-31
COM001069,PRJ00629,STU0030,testing,137,472,2024-12-22
COM001070,PRJ00188,STU0066,deployment,129,271,2026-03-15
COM001071,PRJ00004,STU0029,bugfix,7,168,2025-09-06
COM001072,PRJ00787,STU0124,deployment,143,215,2025-02-04
COM001073,PRJ00582,STU0018,refactor,2,247,2024-09-04
COM001074,PRJ00199,STU0281,bugfix,29,376,2026-05-12
COM001075,PRJ00314,STU0274,deployment,110,129,2024-09-13
COM001076,PRJ00713,STU0478,refactor,53,322,2024-11-19
COM001077,PRJ00412,STU0459,deployment,146,289,2026-05-02
COM001078,PRJ00366,STU0425,feature,99,242,2025-01-02
COM001079,PRJ00640,STU0429,bugfix,64,167,2026-07-22
COM001080,PRJ00047,STU0319,refactor,93,242,2025-09-17
COM001081,PRJ00778,STU0393,bugfix,138,171,2025-04-10
COM001082,PRJ00505,STU0079,bugfix,112,491,2025-06-21
COM001083,PRJ00576,STU0012,feature,21,53,2024-10-11
COM001084,PRJ00579,STU0141,bugfix,61,211,2025-04-03
COM001085,PRJ00888,STU0088,feature,54,240,2025-03-26
COM001086,PRJ00423,STU0155,testing,20,53,2024-12-20
COM001087,PRJ00698,STU0164,testing,114,368,2025-01-28
COM001088,PRJ00139,STU0482,bugfix,56,112,2025-11-13
COM001089,PRJ00380,STU0209,feature,11,132,2025-05-10
COM001090,PRJ00012,STU0409,testing,106,62,2024-11-30
COM001091,PRJ00288,STU0219,deployment,117,458,2025-06-05
COM001092,PRJ00215,STU0197,feature,89,473,2025-03-18
COM001093,PRJ00243,STU0051,testing,32,48,2026-06-19
COM001094,PRJ00825,STU0133,refactor,139,383,2025-01-24
COM001095,PRJ00645,STU0391,bugfix,13,244,2024-08-26
COM001096,PRJ00706,STU0190,refactor,140,86,2024-12-14
COM001097,PRJ00674,STU0323,deployment,3,475,2024-08-24
COM001098,PRJ00863,STU0102,documentation,57,408,2024-09-04
COM001099,PRJ00422,STU0498,refactor,27,46,2025-04-24
COM001100,PRJ00516,STU0266,testing,60,474,2025-12-07
COM001101,PRJ00590,STU0490,refactor,2,219,2024-08-13
COM001102,PRJ00714,STU0429,refactor,93,386,2026-06-25
COM001103,PRJ00464,STU0382,testing,44,14,2026-04-08
COM001104,PRJ00757,STU0031,feature,148,11,2026-08-06
COM001105,PRJ00684,STU0295,refactor,51,89,2026-07-27
COM001106,PRJ00843,STU0003,bugfix,61,378,2026-07-22
COM001107,PRJ00047,STU0319,deployment,47,101,2026-08-04
COM001108,PRJ00848,STU0178,bugfix,52,68,2024-09-16
COM001109,PRJ00303,STU0215,documentation,17,339,2026-01-12
COM001110,PRJ00461,STU0461,bugfix,36,17,2025-02-14
COM001111,PRJ00121,STU0330,deployment,54,188,2025-07-04
COM001112,PRJ00643,STU0023,refactor,112,79,2025-01-23
COM001113,PRJ00705,STU0492,feature,42,243,2025-10-26
COM001114,PRJ00388,STU0445,feature,45,192,2025-10-24
COM001115,PRJ00036,STU0405,testing,46,351,2026-02-14
COM001116,PRJ00864,STU0145,documentation,29,44,2025-01-29
COM001117,PRJ00783,STU0402,bugfix,56,38,2025-02-22
COM001118,PRJ00158,STU0096,documentation,29,223,2025-11-23
COM001119,PRJ00235,STU0404,deployment,44,137,2024-10-24
COM001120,PRJ00731,STU0373,testing,144,453,2025-04-01
COM001121,PRJ00694,STU0459,testing,86,454,2025-09-14
COM001122,PRJ00464,STU0382,bugfix,138,339,2024-09-28
COM001123,PRJ00581,STU0062,bugfix,116,218,2026-03-24
COM001124,PRJ00177,STU0259,testing,115,143,2025-09-18
COM001125,PRJ00324,STU0159,refactor,56,475,2026-01-09
COM001126,PRJ00752,STU0115,feature,52,208,2025-12-09
COM001127,PRJ00303,STU0215,documentation,139,239,2025-07-29
COM001128,PRJ00950,STU0413,feature,150,60,2025-02-02
COM001129,PRJ00816,STU0329,deployment,34,462,2025-08-31
COM001130,PRJ00056,STU0422,bugfix,138,487,2026-04-23
COM001131,PRJ00878,STU0243,feature,145,246,2025-07-01
COM001132,PRJ00405,STU0020,deployment,150,365,2026-08-05
COM001133,PRJ00756,STU0207,bugfix,15,266,2025-06-24
COM001134,PRJ00185,STU0381,testing,61,410,2025-06-07
COM001135,PRJ00130,STU0156,bugfix,14,261,2026-04-03
COM001136,PRJ00879,STU0257,testing,141,453,2025-05-06
COM001137,PRJ00076,STU0310,bugfix,139,283,2026-05-23
COM001138,PRJ00086,STU0391,refactor,136,276,2024-12-23
COM001139,PRJ00096,STU0391,refactor,68,171,2025-02-28
COM001140,PRJ00563,STU0207,bugfix,47,23,2026-02-14
COM001141,PRJ00438,STU0079,documentation,54,72,2024-11-01
COM001142,PRJ00823,STU0416,bugfix,24,266,2025-05-10
COM001143,PRJ00152,STU0326,testing,115,37,2025-12-29
COM001144,PRJ00433,STU0283,deployment,141,42,2025-06-18
COM001145,PRJ00756,STU0207,refactor,119,85,2025-09-01
COM001146,PRJ00698,STU0164,refactor,88,16,2026-04-18
COM001147,PRJ00034,STU0194,feature,8,397,2025-05-01
COM001148,PRJ00681,STU0474,deployment,8,442,2025-07-27
COM001149,PRJ00830,STU0172,deployment,9,43,2024-10-26
COM001150,PRJ00331,STU0044,bugfix,22,43,2025-05-31
COM001151,PRJ00705,STU0492,bugfix,125,488,2026-04-28
COM001152,PRJ00825,STU0133,feature,114,402,2026-01-29
COM001153,PRJ00916,STU0394,testing,97,30,2024-11-02
COM001154,PRJ00807,STU0207,deployment,8,369,2025-05-29
COM001155,PRJ00154,STU0418,refactor,82,195,2024-10-22
COM001156,PRJ00689,STU0206,feature,131,331,2026-01-27
COM001157,PRJ00297,STU0045,refactor,68,82,2024-08-17
COM001158,PRJ00088,STU0130,testing,39,308,2026-03-12
COM001159,PRJ00685,STU0086,testing,140,245,2024-09-05
COM001160,PRJ00295,STU0185,documentation,135,467,2025-05-04
COM001161,PRJ00787,STU0124,feature,40,90,2024-12-04
COM001162,PRJ00845,STU0193,refactor,130,319,2025-08-27
COM001163,PRJ00808,STU0076,feature,82,195,2025-10-15
COM001164,PRJ00481,STU0256,feature,131,223,2024-11-24
COM001165,PRJ00479,STU0288,feature,13,307,2024-10-08
COM001166,PRJ00051,STU0280,feature,68,454,2025-03-04
COM001167,PRJ00252,STU0044,documentation,90,326,2024-10-10
COM001168,PRJ00350,STU0276,feature,94,371,2025-01-06
COM001169,PRJ00529,STU0269,refactor,137,77,2025-10-14
COM001170,PRJ00415,STU0293,documentation,146,63,2026-02-11
COM001171,PRJ00242,STU0359,documentation,40,409,2024-12-16
COM001172,PRJ00276,STU0372,testing,60,165,2025-02-06
COM001173,PRJ00379,STU0385,deployment,14,188,2024-12-23
COM001174,PRJ00318,STU0337,bugfix,149,193,2026-08-05
COM001175,PRJ00748,STU0052,feature,143,366,2025-10-25
COM001176,PRJ00041,STU0356,deployment,122,28,2024-10-06
COM001177,PRJ00417,STU0078,bugfix,63,211,2025-05-26
COM001178,PRJ00617,STU0307,testing,144,236,2026-03-07
COM001179,PRJ00633,STU0228,refactor,6,396,2025-05-15
COM001180,PRJ00640,STU0429,deployment,136,95,2025-01-02
COM001181,PRJ00129,STU0102,feature,17,138,2025-01-24
COM001182,PRJ00822,STU0198,feature,33,444,2026-04-26
COM001183,PRJ00402,STU0375,refactor,137,64,2024-10-09
COM001184,PRJ00912,STU0237,testing,137,379,2026-06-27
COM001185,PRJ00006,STU0320,refactor,68,493,2024-12-15
COM001186,PRJ00878,STU0243,deployment,47,281,2024-10-16
COM001187,PRJ00972,STU0200,documentation,129,451,2024-11-18
COM001188,PRJ00954,STU0321,bugfix,134,100,2026-02-14
COM001189,PRJ00388,STU0445,deployment,50,271,2025-07-21
COM001190,PRJ00664,STU0121,feature,104,138,2025-11-15
COM001191,PRJ00249,STU0488,bugfix,18,73,2026-05-09
COM001192,PRJ00714,STU0429,documentation,77,372,2024-12-27
COM001193,PRJ00175,STU0338,testing,148,331,2025-12-26
COM001194,PRJ00686,STU0477,deployment,80,209,2025-01-19
COM001195,PRJ00305,STU0407,bugfix,7,125,2025-05-10
COM001196,PRJ00901,STU0205,documentation,35,189,2025-02-28
COM001197,PRJ00740,STU0053,deployment,137,221,2024-12-04
COM001198,PRJ00220,STU0442,feature,81,492,2026-04-24
COM001199,PRJ00797,STU0467,refactor,23,237,2025-12-21
COM001200,PRJ00895,STU0050,feature,101,150,2025-12-09
COM001201,PRJ00969,STU0167,deployment,101,81,2025-06-20
COM001202,PRJ00364,STU0031,refactor,76,444,2026-07-30
COM001203,PRJ00895,STU0050,feature,49,207,2025-05-16
COM001204,PRJ00808,STU0076,bugfix,96,175,2024-11-12
COM001205,PRJ00557,STU0401,deployment,49,151,2025-02-11
COM001206,PRJ00197,STU0424,deployment,7,343,2024-12-22
COM001207,PRJ00087,STU0259,documentation,98,158,2026-04-14
COM001208,PRJ00422,STU0498,refactor,76,263,2026-05-30
COM001209,PRJ00590,STU0490,testing,131,470,2025-12-12
COM001210,PRJ00941,STU0480,feature,59,375,2026-05-08
COM001211,PRJ00112,STU0474,refactor,63,285,2025-04-25
COM001212,PRJ00715,STU0301,testing,134,92,2025-06-02
COM001213,PRJ00851,STU0256,refactor,86,372,2025-11-01
COM001214,PRJ00996,STU0341,bugfix,121,313,2026-08-06
COM001215,PRJ00852,STU0048,deployment,17,345,2025-03-25
COM001216,PRJ00705,STU0492,refactor,11,149,2025-02-10
COM001217,PRJ00704,STU0106,deployment,16,437,2025-12-09
COM001218,PRJ00299,STU0039,bugfix,54,470,2025-02-15
COM001219,PRJ00222,STU0106,bugfix,92,100,2025-01-04
COM001220,PRJ00849,STU0394,testing,67,301,2025-08-01
COM001221,PRJ00323,STU0097,deployment,33,203,2026-02-04
COM001222,PRJ00746,STU0100,bugfix,38,413,2024-10-09
COM001223,PRJ00105,STU0098,feature,26,365,2026-07-23
COM001224,PRJ00615,STU0419,documentation,136,239,2026-05-15
COM001225,PRJ00739,STU0376,feature,141,25,2025-04-24
COM001226,PRJ00622,STU0350,bugfix,63,304,2026-07-19
COM001227,PRJ00094,STU0088,deployment,52,253,2025-12-21
COM001228,PRJ00222,STU0106,bugfix,105,330,2025-02-13
COM001229,PRJ00331,STU0044,bugfix,12,452,2024-08-13
COM001230,PRJ00417,STU0078,feature,21,490,2025-05-12
COM001231,PRJ00086,STU0391,testing,131,255,2025-01-28
COM001232,PRJ00777,STU0141,refactor,101,49,2025-01-26
COM001233,PRJ00473,STU0093,testing,106,399,2025-09-19
COM001234,PRJ00566,STU0354,deployment,136,457,2026-04-26
COM001235,PRJ00009,STU0305,feature,49,107,2025-07-21
COM001236,PRJ00841,STU0158,feature,9,301,2025-09-06
COM001237,PRJ00110,STU0155,refactor,108,58,2026-05-10
COM001238,PRJ00563,STU0207,bugfix,136,474,2024-10-30
COM001239,PRJ00014,STU0398,bugfix,98,171,2025-12-15
COM001240,PRJ00484,STU0068,deployment,129,136,2026-05-29
COM001241,PRJ00747,STU0381,refactor,32,492,2024-09-21
COM001242,PRJ00743,STU0419,documentation,2,452,2025-04-27
COM001243,PRJ00636,STU0362,deployment,56,201,2025-06-14
COM001244,PRJ00377,STU0025,testing,90,69,2025-04-01
COM001245,PRJ00908,STU0448,feature,21,160,2026-02-05
COM001246,PRJ00619,STU0260,feature,33,446,2025-03-27
COM001247,PRJ00539,STU0467,deployment,149,147,2025-01-04
COM001248,PRJ00112,STU0474,testing,76,116,2025-10-28
COM001249,PRJ00237,STU0281,documentation,137,245,2026-03-22
COM001250,PRJ00352,STU0416,feature,37,388,2024-09-30
COM001251,PRJ00418,STU0059,bugfix,45,418,2025-12-15
COM001252,PRJ00741,STU0145,bugfix,57,311,2025-08-01
COM001253,PRJ00617,STU0307,testing,39,38,2026-01-12
COM001254,PRJ00246,STU0291,documentation,72,172,2025-12-26
COM001255,PRJ00346,STU0219,documentation,21,48,2026-01-31
COM001256,PRJ00262,STU0112,feature,77,67,2026-03-31
COM001257,PRJ00533,STU0397,testing,106,482,2026-01-31
COM001258,PRJ00766,STU0412,feature,95,323,2026-01-20
COM001259,PRJ00022,STU0328,refactor,62,253,2024-11-22
COM001260,PRJ00959,STU0053,documentation,111,223,2025-01-28
COM001261,PRJ00990,STU0232,deployment,13,266,2026-04-30
COM001262,PRJ00711,STU0260,feature,31,383,2025-04-24
COM001263,PRJ00132,STU0226,documentation,6,481,2025-05-09
COM001264,PRJ00044,STU0218,bugfix,16,267,2025-08-18
COM001265,PRJ00907,STU0443,bugfix,94,200,2025-09-08
COM001266,PRJ00408,STU0445,testing,24,419,2025-03-14
COM001267,PRJ00893,STU0392,feature,100,79,2025-08-28
COM001268,PRJ00702,STU0115,documentation,20,165,2025-10-01
COM001269,PRJ00963,STU0242,deployment,56,52,2026-01-22
COM001270,PRJ00976,STU0448,bugfix,57,131,2026-06-11
COM001271,PRJ00920,STU0136,refactor,93,27,2026-03-31
COM001272,PRJ00838,STU0340,documentation,132,282,2025-01-03
COM001273,PRJ00188,STU0066,documentation,148,56,2025-06-10
COM001274,PRJ00498,STU0271,deployment,126,218,2026-06-25
COM001275,PRJ00782,STU0310,testing,38,319,2025-05-01
COM001276,PRJ00216,STU0051,testing,69,149,2025-01-04
COM001277,PRJ00768,STU0369,feature,31,124,2024-11-19
COM001278,PRJ00312,STU0274,testing,3,407,2026-02-07
COM001279,PRJ00541,STU0267,documentation,51,176,2026-03-22
COM001280,PRJ00306,STU0273,bugfix,124,442,2024-11-20
COM001281,PRJ00684,STU0295,testing,137,70,2025-09-17
COM001282,PRJ00418,STU0059,feature,56,120,2024-12-03
COM001283,PRJ00661,STU0020,refactor,33,28,2025-08-21
COM001284,PRJ00105,STU0098,deployment,96,232,2026-03-15
COM001285,PRJ00708,STU0362,deployment,6,311,2024-12-31
COM001286,PRJ00842,STU0047,feature,131,189,2025-08-11
COM001287,PRJ00579,STU0141,testing,18,412,2024-12-17
COM001288,PRJ00297,STU0045,refactor,148,94,2025-04-14
COM001289,PRJ00958,STU0110,feature,117,131,2024-09-04
COM001290,PRJ00597,STU0358,bugfix,105,388,2026-07-14
COM001291,PRJ00613,STU0016,deployment,148,320,2024-11-23
COM001292,PRJ00966,STU0029,deployment,109,393,2025-03-05
COM001293,PRJ00640,STU0429,testing,98,446,2025-09-12
COM001294,PRJ00800,STU0422,deployment,77,426,2026-05-21
COM001295,PRJ00566,STU0354,deployment,118,46,2025-11-08
COM001296,PRJ00911,STU0499,testing,77,75,2026-07-05
COM001297,PRJ00549,STU0489,refactor,150,197,2024-09-15
COM001298,PRJ00653,STU0186,testing,65,76,2024-11-25
COM001299,PRJ00339,STU0040,testing,28,151,2026-06-10
COM001300,PRJ00022,STU0328,testing,81,292,2025-09-19
COM001301,PRJ00634,STU0445,bugfix,46,456,2025-01-18
COM001302,PRJ00195,STU0353,feature,49,430,2024-10-16
COM001303,PRJ00800,STU0422,bugfix,77,400,2025-11-25
COM001304,PRJ00145,STU0362,documentation,105,289,2026-03-08
COM001305,PRJ00574,STU0095,feature,106,319,2026-01-07
COM001306,PRJ00717,STU0102,feature,144,243,2025-07-07
COM001307,PRJ00159,STU0462,documentation,32,235,2026-06-30
COM001308,PRJ00783,STU0402,documentation,9,329,2026-04-29
COM001309,PRJ00453,STU0433,bugfix,57,159,2025-05-05
COM001310,PRJ00576,STU0012,deployment,60,267,2025-02-14
COM001311,PRJ00622,STU0350,bugfix,85,344,2025-03-02
COM001312,PRJ00679,STU0041,testing,94,333,2025-12-18
COM001313,PRJ00250,STU0209,testing,37,337,2025-10-08
COM001314,PRJ00919,STU0337,testing,6,429,2024-11-13
COM001315,PRJ00839,STU0411,refactor,2,460,2026-05-20
COM001316,PRJ00353,STU0002,documentation,32,73,2025-10-31
COM001317,PRJ00924,STU0148,deployment,146,313,2025-01-01
COM001318,PRJ00445,STU0224,refactor,9,282,2025-05-18
COM001319,PRJ00824,STU0496,bugfix,105,303,2025-02-11
COM001320,PRJ00782,STU0310,refactor,141,347,2025-12-17
COM001321,PRJ00151,STU0454,documentation,70,48,2025-11-18
COM001322,PRJ00803,STU0215,testing,99,294,2025-12-30
COM001323,PRJ00388,STU0445,refactor,106,323,2024-12-12
COM001324,PRJ00075,STU0446,bugfix,5,288,2026-04-27
COM001325,PRJ00494,STU0485,documentation,27,345,2025-01-30
COM001326,PRJ00851,STU0256,deployment,39,393,2025-01-30
COM001327,PRJ00195,STU0353,testing,82,293,2025-10-28
COM001328,PRJ00345,STU0200,feature,66,432,2026-07-13
COM001329,PRJ00197,STU0424,refactor,104,278,2025-10-08
COM001330,PRJ00153,STU0108,bugfix,81,436,2026-06-17
COM001331,PRJ00522,STU0376,refactor,12,438,2025-03-24
COM001332,PRJ00031,STU0234,bugfix,124,386,2026-07-20
COM001333,PRJ00230,STU0374,feature,3,342,2025-09-23
COM001334,PRJ00873,STU0191,testing,113,308,2026-04-26
COM001335,PRJ00401,STU0274,documentation,18,29,2025-06-17
COM001336,PRJ00120,STU0379,documentation,130,104,2026-06-24
COM001337,PRJ00077,STU0351,feature,51,417,2026-07-21
COM001338,PRJ00627,STU0302,refactor,8,25,2024-11-15
COM001339,PRJ00969,STU0167,feature,98,271,2026-02-18
COM001340,PRJ00058,STU0371,testing,73,42,2025-07-29
COM001341,PRJ00301,STU0215,deployment,20,440,2025-05-17
COM001342,PRJ00756,STU0207,refactor,15,233,2025-07-22
COM001343,PRJ00418,STU0059,bugfix,135,101,2026-02-03
COM001344,PRJ00893,STU0392,testing,115,329,2026-03-22
COM001345,PRJ00422,STU0498,deployment,38,26,2024-11-03
COM001346,PRJ00748,STU0052,refactor,58,327,2025-11-15
COM001347,PRJ00287,STU0209,refactor,6,459,2026-05-01
COM001348,PRJ00508,STU0053,documentation,115,307,2026-02-09
COM001349,PRJ00289,STU0027,documentation,43,30,2025-12-22
COM001350,PRJ00732,STU0210,documentation,37,372,2026-05-08
COM001351,PRJ00413,STU0102,documentation,35,306,2026-06-17
COM001352,PRJ00141,STU0198,refactor,6,285,2026-06-30
COM001353,PRJ00818,STU0290,feature,127,372,2024-09-25
COM001354,PRJ00641,STU0154,documentation,100,473,2026-01-08
COM001355,PRJ00049,STU0013,bugfix,146,359,2026-06-06
COM001356,PRJ00955,STU0164,testing,19,394,2025-09-11
COM001357,PRJ00797,STU0467,refactor,7,204,2026-03-11
COM001358,PRJ00960,STU0080,testing,138,135,2025-10-19
COM001359,PRJ00069,STU0054,bugfix,52,104,2025-07-12
COM001360,PRJ00465,STU0473,bugfix,24,480,2025-05-10
COM001361,PRJ00136,STU0247,refactor,93,367,2026-05-30
COM001362,PRJ00953,STU0128,bugfix,53,177,2025-06-14
COM001363,PRJ00938,STU0260,documentation,29,240,2025-12-29
COM001364,PRJ00558,STU0227,feature,120,6,2025-01-14
COM001365,PRJ00210,STU0353,bugfix,28,41,2025-01-20
COM001366,PRJ00618,STU0139,bugfix,2,195,2025-10-21
COM001367,PRJ00116,STU0389,bugfix,110,122,2025-04-16
COM001368,PRJ00845,STU0193,testing,83,68,2025-11-22
COM001369,PRJ00479,STU0288,documentation,141,294,2026-05-05
COM001370,PRJ01000,STU0107,refactor,98,63,2025-06-13
COM001371,PRJ00195,STU0353,bugfix,116,39,2024-11-24
COM001372,PRJ00913,STU0347,deployment,141,152,2025-08-31
COM001373,PRJ00315,STU0167,refactor,14,372,2025-04-19
COM001374,PRJ00985,STU0017,bugfix,150,166,2026-05-28
COM001375,PRJ00049,STU0013,bugfix,103,151,2026-08-02
COM001376,PRJ00523,STU0319,feature,26,221,2025-05-08
COM001377,PRJ00283,STU0362,refactor,15,122,2026-07-21
COM001378,PRJ00463,STU0103,bugfix,66,426,2025-11-24
COM001379,PRJ00105,STU0098,documentation,122,274,2025-07-09
COM001380,PRJ00111,STU0088,bugfix,120,380,2026-03-07
COM001381,PRJ00810,STU0326,documentation,133,88,2025-01-29
COM001382,PRJ00938,STU0260,bugfix,21,8,2024-08-20
COM001383,PRJ00854,STU0491,bugfix,25,450,2025-05-11
COM001384,PRJ00504,STU0390,testing,139,424,2026-01-07
COM001385,PRJ00187,STU0046,feature,51,134,2025-10-09
COM001386,PRJ00532,STU0235,documentation,45,294,2024-10-15
COM001387,PRJ00560,STU0015,refactor,127,402,2024-10-12
COM001388,PRJ00749,STU0048,deployment,114,120,2025-04-21
COM001389,PRJ00777,STU0141,documentation,61,448,2026-02-09
COM001390,PRJ00843,STU0003,testing,64,449,2026-01-09
COM001391,PRJ00118,STU0192,testing,47,279,2026-05-01
COM001392,PRJ00698,STU0164,refactor,106,15,2025-02-28
COM001393,PRJ00347,STU0066,bugfix,148,385,2025-10-12
COM001394,PRJ00461,STU0461,deployment,7,253,2025-04-02
COM001395,PRJ00805,STU0437,deployment,141,369,2025-08-10
COM001396,PRJ00652,STU0152,documentation,105,349,2024-11-30
COM001397,PRJ00950,STU0413,feature,118,245,2026-01-11
COM001398,PRJ00717,STU0102,feature,105,441,2025-08-09
COM001399,PRJ00961,STU0437,documentation,62,461,2025-02-13
COM001400,PRJ00415,STU0293,testing,39,441,2026-01-29
COM001401,PRJ00812,STU0045,feature,95,392,2025-01-29
COM001402,PRJ00003,STU0029,documentation,140,74,2025-09-22
COM001403,PRJ00087,STU0259,deployment,45,93,2025-01-26
COM001404,PRJ00230,STU0374,deployment,91,168,2026-03-30
COM001405,PRJ00691,STU0379,bugfix,24,202,2025-05-16
COM001406,PRJ00696,STU0253,deployment,95,8,2024-08-30
COM001407,PRJ00796,STU0270,refactor,140,230,2026-05-08
COM001408,PRJ00960,STU0080,feature,69,208,2026-04-27
COM001409,PRJ00584,STU0184,bugfix,20,268,2024-11-07
COM001410,PRJ00667,STU0074,bugfix,20,293,2025-06-17
COM001411,PRJ00143,STU0353,refactor,147,204,2025-01-04
COM001412,PRJ00993,STU0151,documentation,12,286,2025-05-10
COM001413,PRJ00605,STU0183,testing,70,121,2024-08-12
COM001414,PRJ00441,STU0066,testing,140,148,2025-12-17
COM001415,PRJ00803,STU0215,testing,6,488,2025-10-04
COM001416,PRJ00163,STU0032,bugfix,11,436,2024-11-10
COM001417,PRJ00339,STU0040,feature,60,340,2026-01-30
COM001418,PRJ00862,STU0041,testing,112,500,2026-03-05
COM001419,PRJ00737,STU0081,testing,66,260,2024-11-11
COM001420,PRJ00993,STU0151,refactor,35,153,2025-11-02
COM001421,PRJ00904,STU0115,testing,88,434,2026-04-23
COM001422,PRJ00754,STU0415,testing,133,284,2026-06-30
COM001423,PRJ00645,STU0391,feature,23,146,2026-01-03
COM001424,PRJ00356,STU0428,documentation,141,260,2024-10-26
COM001425,PRJ00469,STU0140,feature,114,47,2025-07-15
COM001426,PRJ00366,STU0425,bugfix,62,459,2024-12-23
COM001427,PRJ00558,STU0227,documentation,116,200,2026-07-03
COM001428,PRJ00490,STU0015,bugfix,140,394,2026-03-16
COM001429,PRJ00996,STU0341,deployment,49,14,2024-12-14
COM001430,PRJ00957,STU0176,testing,117,141,2026-02-17
COM001431,PRJ00390,STU0296,feature,18,369,2024-11-29
COM001432,PRJ00643,STU0023,deployment,120,254,2025-10-28
COM001433,PRJ00626,STU0224,testing,128,197,2025-12-17
COM001434,PRJ00555,STU0284,bugfix,149,469,2025-08-18
COM001435,PRJ00447,STU0376,testing,129,368,2026-08-01
COM001436,PRJ00866,STU0346,bugfix,35,164,2024-12-27
COM001437,PRJ00529,STU0269,testing,52,253,2025-01-08
COM001438,PRJ00768,STU0369,feature,138,163,2025-03-13
COM001439,PRJ00698,STU0164,testing,2,205,2025-09-13
COM001440,PRJ00659,STU0133,bugfix,62,189,2025-08-19
COM001441,PRJ00054,STU0418,deployment,70,453,2025-12-29
COM001442,PRJ00031,STU0234,deployment,94,387,2026-07-06
COM001443,PRJ00400,STU0343,documentation,86,352,2025-11-27
COM001444,PRJ00468,STU0250,testing,11,16,2024-09-12
COM001445,PRJ00690,STU0460,feature,44,144,2026-06-04
COM001446,PRJ00922,STU0353,testing,47,399,2024-11-13
COM001447,PRJ00765,STU0020,refactor,97,138,2026-06-11
COM001448,PRJ00258,STU0430,bugfix,136,202,2025-04-25
COM001449,PRJ00472,STU0210,testing,102,101,2026-07-20
COM001450,PRJ00144,STU0127,refactor,77,96,2025-01-17
COM001451,PRJ00654,STU0292,bugfix,36,350,2025-11-03
COM001452,PRJ00546,STU0112,deployment,149,434,2025-03-23
COM001453,PRJ00276,STU0372,documentation,58,444,2026-07-21
COM001454,PRJ00964,STU0171,bugfix,141,492,2024-09-17
COM001455,PRJ00924,STU0148,testing,28,175,2024-11-29
COM001456,PRJ00415,STU0293,bugfix,68,41,2025-11-16
COM001457,PRJ00701,STU0085,deployment,85,96,2025-03-19
COM001458,PRJ00546,STU0112,refactor,125,92,2025-11-06
COM001459,PRJ00936,STU0236,refactor,101,86,2026-06-06
COM001460,PRJ00992,STU0379,testing,45,207,2025-04-17
COM001461,PRJ00969,STU0167,testing,58,445,2025-10-24
COM001462,PRJ00712,STU0398,bugfix,89,272,2025-12-18
COM001463,PRJ00623,STU0199,deployment,96,53,2025-10-21
COM001464,PRJ00229,STU0309,testing,29,287,2026-03-11
COM001465,PRJ00728,STU0260,documentation,96,188,2025-04-27
COM001466,PRJ00027,STU0102,deployment,127,266,2025-05-27
COM001467,PRJ00270,STU0416,documentation,145,167,2026-04-07
COM001468,PRJ00017,STU0420,testing,84,388,2026-05-01
COM001469,PRJ00500,STU0393,deployment,75,423,2026-06-12
COM001470,PRJ00268,STU0004,bugfix,3,100,2025-04-13
COM001471,PRJ00314,STU0274,deployment,32,450,2026-06-03
COM001472,PRJ00692,STU0231,testing,149,39,2025-11-12
COM001473,PRJ00949,STU0298,feature,125,307,2025-08-06
COM001474,PRJ00496,STU0299,bugfix,14,102,2025-03-15
COM001475,PRJ00535,STU0338,deployment,87,298,2025-01-14
COM001476,PRJ00242,STU0359,refactor,11,45,2025-07-25
COM001477,PRJ00859,STU0218,refactor,55,202,2025-07-06
COM001478,PRJ00315,STU0167,feature,85,151,2025-06-21
COM001479,PRJ00465,STU0473,feature,85,424,2025-08-16
COM001480,PRJ00336,STU0013,bugfix,29,111,2026-01-26
COM001481,PRJ00747,STU0381,bugfix,95,318,2025-03-13
COM001482,PRJ00908,STU0448,bugfix,109,244,2026-07-04
COM001483,PRJ00746,STU0100,testing,26,122,2024-10-18
COM001484,PRJ00818,STU0290,documentation,116,436,2026-06-06
COM001485,PRJ00325,STU0036,feature,6,492,2025-06-06
COM001486,PRJ00636,STU0362,refactor,40,357,2026-06-19
COM001487,PRJ00886,STU0175,deployment,29,146,2025-05-12
COM001488,PRJ00974,STU0176,feature,11,398,2026-06-05
COM001489,PRJ00363,STU0173,bugfix,118,197,2025-08-18
COM001490,PRJ00631,STU0204,testing,33,357,2024-09-22
COM001491,PRJ00606,STU0321,testing,123,288,2025-11-09
COM001492,PRJ00062,STU0448,testing,35,388,2026-05-26
COM001493,PRJ00490,STU0015,feature,71,185,2025-08-10
COM001494,PRJ00133,STU0391,bugfix,133,270,2024-08-30
COM001495,PRJ00572,STU0105,refactor,104,84,2025-08-11
COM001496,PRJ00912,STU0237,bugfix,86,286,2025-11-24
COM001497,PRJ00829,STU0184,documentation,108,30,2024-09-12
COM001498,PRJ00979,STU0446,refactor,131,213,2025-10-03
COM001499,PRJ00812,STU0045,documentation,139,227,2025-01-09
COM001500,PRJ00287,STU0209,refactor,44,71,2025-12-26
COM001501,PRJ00505,STU0079,deployment,88,262,2025-11-07
COM001502,PRJ00346,STU0219,deployment,73,278,2024-11-06
COM001503,PRJ00648,STU0488,refactor,110,494,2025-06-21
COM001504,PRJ00373,STU0145,refactor,75,92,2025-06-15
COM001505,PRJ00515,STU0207,bugfix,79,491,2025-12-01
COM001506,PRJ00630,STU0161,feature,23,416,2026-05-05
COM001507,PRJ00710,STU0412,documentation,87,14,2026-02-05
COM001508,PRJ00140,STU0329,feature,12,22,2025-05-16
COM001509,PRJ00160,STU0445,refactor,97,328,2025-03-25
COM001510,PRJ00236,STU0040,testing,61,38,2026-04-07
COM001511,PRJ00982,STU0310,bugfix,35,330,2026-01-22
COM001512,PRJ00899,STU0275,feature,85,445,2026-01-28
COM001513,PRJ00325,STU0036,feature,55,3,2026-03-09
COM001514,PRJ00332,STU0418,refactor,125,18,2024-09-02
COM001515,PRJ00535,STU0338,bugfix,110,285,2025-07-03
COM001516,PRJ00756,STU0207,bugfix,27,146,2026-01-26
COM001517,PRJ00311,STU0363,refactor,135,269,2024-12-16
COM001518,PRJ00632,STU0481,documentation,100,301,2026-02-14
COM001519,PRJ00635,STU0358,deployment,127,74,2026-05-07
COM001520,PRJ00512,STU0078,deployment,58,217,2026-07-30
COM001521,PRJ00460,STU0275,deployment,114,369,2024-12-31
COM001522,PRJ00973,STU0301,refactor,107,77,2026-02-27
COM001523,PRJ00765,STU0020,feature,35,188,2026-07-21
COM001524,PRJ00867,STU0151,testing,44,471,2024-09-10
COM001525,PRJ00378,STU0385,refactor,55,487,2026-03-10
COM001526,PRJ00982,STU0310,feature,136,112,2026-05-30
COM001527,PRJ00825,STU0133,bugfix,141,414,2025-09-17
COM001528,PRJ00836,STU0084,feature,36,98,2025-07-21
COM001529,PRJ00857,STU0164,feature,34,103,2025-09-05
COM001530,PRJ00622,STU0350,bugfix,3,321,2026-04-02
COM001531,PRJ00313,STU0475,testing,25,31,2024-09-07
COM001532,PRJ00387,STU0255,deployment,4,454,2026-03-27
COM001533,PRJ00093,STU0487,testing,64,213,2025-07-02
COM001534,PRJ00269,STU0192,documentation,42,105,2025-02-12
COM001535,PRJ00735,STU0171,testing,120,177,2025-08-18
COM001536,PRJ00025,STU0184,testing,44,393,2025-01-03
COM001537,PRJ00483,STU0011,documentation,134,362,2025-02-25
COM001538,PRJ00090,STU0205,deployment,118,91,2024-12-07
COM001539,PRJ00806,STU0087,bugfix,91,246,2025-07-07
COM001540,PRJ00476,STU0006,refactor,68,383,2025-05-29
COM001541,PRJ00997,STU0106,refactor,145,322,2025-06-14
COM001542,PRJ00273,STU0203,documentation,36,195,2025-10-18
COM001543,PRJ00159,STU0462,testing,10,167,2026-06-23
COM001544,PRJ00146,STU0234,testing,25,262,2026-04-15
COM001545,PRJ00837,STU0483,deployment,118,196,2026-06-26
COM001546,PRJ00922,STU0353,deployment,143,124,2025-07-23
COM001547,PRJ00748,STU0052,feature,102,28,2025-03-22
COM001548,PRJ00563,STU0207,bugfix,114,492,2026-01-13
COM001549,PRJ00124,STU0447,deployment,122,90,2025-02-10
COM001550,PRJ00065,STU0301,documentation,57,102,2026-07-24
COM001551,PRJ00454,STU0408,deployment,57,475,2024-09-20
COM001552,PRJ00579,STU0141,deployment,49,490,2026-06-27
COM001553,PRJ00858,STU0335,feature,85,94,2024-09-24
COM001554,PRJ00177,STU0259,bugfix,149,490,2026-02-06
COM001555,PRJ00581,STU0062,testing,56,380,2025-03-06
COM001556,PRJ00422,STU0498,bugfix,27,376,2024-12-05
COM001557,PRJ00438,STU0079,refactor,21,328,2026-01-29
COM001558,PRJ00311,STU0363,bugfix,143,282,2024-10-28
COM001559,PRJ00148,STU0330,bugfix,44,167,2026-03-15
COM001560,PRJ00669,STU0016,refactor,64,405,2026-04-29
COM001561,PRJ00592,STU0055,testing,54,164,2025-10-29
COM001562,PRJ00570,STU0480,refactor,70,214,2025-05-14
COM001563,PRJ00126,STU0325,documentation,120,378,2026-02-23
COM001564,PRJ00762,STU0248,documentation,58,83,2026-07-16
COM001565,PRJ00828,STU0302,documentation,76,127,2025-04-01
COM001566,PRJ00965,STU0218,feature,148,171,2025-06-17
COM001567,PRJ00268,STU0004,refactor,149,416,2024-10-28
COM001568,PRJ00976,STU0448,documentation,31,93,2024-11-01
COM001569,PRJ00915,STU0247,documentation,114,2,2025-04-16
COM001570,PRJ00192,STU0276,testing,46,226,2025-07-26
COM001571,PRJ00072,STU0030,bugfix,16,170,2025-08-20
COM001572,PRJ00253,STU0493,deployment,121,389,2026-03-02
COM001573,PRJ00540,STU0214,documentation,30,110,2025-11-07
COM001574,PRJ00503,STU0097,deployment,85,71,2026-06-28
COM001575,PRJ00594,STU0473,testing,134,125,2025-01-06
COM001576,PRJ00134,STU0276,bugfix,9,416,2025-06-30
COM001577,PRJ00692,STU0231,feature,36,407,2025-08-23
COM001578,PRJ00374,STU0006,documentation,15,281,2025-06-11
COM001579,PRJ00193,STU0429,bugfix,11,453,2025-05-28
COM001580,PRJ00046,STU0266,refactor,143,251,2026-03-13
COM001581,PRJ00622,STU0350,deployment,121,266,2024-12-21
COM001582,PRJ00516,STU0266,testing,147,225,2025-09-07
COM001583,PRJ00358,STU0376,deployment,55,355,2026-06-27
COM001584,PRJ00758,STU0380,deployment,97,342,2026-07-22
COM001585,PRJ00527,STU0181,refactor,49,122,2026-03-30
COM001586,PRJ00653,STU0186,testing,102,474,2026-02-13
COM001587,PRJ00063,STU0428,feature,53,9,2026-04-29
COM001588,PRJ00285,STU0206,refactor,62,473,2025-04-23
COM001589,PRJ00398,STU0437,deployment,22,418,2025-03-04
COM001590,PRJ00587,STU0402,testing,84,57,2025-07-27
COM001591,PRJ00472,STU0210,feature,90,428,2025-12-23
COM001592,PRJ00893,STU0392,bugfix,55,447,2026-01-05
COM001593,PRJ00746,STU0100,testing,25,12,2026-07-19
COM001594,PRJ00798,STU0140,bugfix,149,86,2024-11-29
COM001595,PRJ00798,STU0140,deployment,91,340,2024-12-20
COM001596,PRJ00025,STU0184,feature,79,102,2026-07-12
COM001597,PRJ00490,STU0015,refactor,132,99,2024-10-30
COM001598,PRJ00059,STU0301,testing,52,467,2026-05-05
COM001599,PRJ00006,STU0320,testing,108,241,2026-01-26
COM001600,PRJ00085,STU0276,bugfix,129,48,2025-04-11
COM001601,PRJ00624,STU0219,feature,39,204,2024-09-01
COM001602,PRJ00050,STU0039,deployment,40,375,2024-11-04
COM001603,PRJ00156,STU0091,feature,55,81,2025-01-18
COM001604,PRJ00121,STU0330,deployment,119,210,2024-09-13
COM001605,PRJ00478,STU0146,deployment,37,28,2025-01-25
COM001606,PRJ00118,STU0192,testing,24,60,2026-06-09
COM001607,PRJ00116,STU0389,documentation,105,54,2026-02-23
COM001608,PRJ00133,STU0391,bugfix,12,62,2025-09-22
COM001609,PRJ00633,STU0228,deployment,10,229,2026-08-11
COM001610,PRJ00140,STU0329,deployment,89,339,2025-11-25
COM001611,PRJ00761,STU0492,testing,114,478,2024-11-18
COM001612,PRJ00255,STU0098,bugfix,56,19,2024-08-28
COM001613,PRJ00301,STU0215,testing,51,221,2025-11-18
COM001614,PRJ00390,STU0296,refactor,55,275,2024-10-24
COM001615,PRJ00014,STU0398,deployment,47,234,2026-03-29
COM001616,PRJ00667,STU0074,deployment,79,398,2024-12-24
COM001617,PRJ00534,STU0266,feature,40,392,2026-06-23
COM001618,PRJ00804,STU0364,refactor,47,52,2026-03-29
COM001619,PRJ00093,STU0487,refactor,7,405,2025-08-03
COM001620,PRJ00572,STU0105,deployment,103,321,2024-09-25
COM001621,PRJ00538,STU0348,bugfix,88,441,2025-05-31
COM001622,PRJ00009,STU0305,testing,85,69,2025-03-09
COM001623,PRJ00154,STU0418,testing,75,193,2024-11-23
COM001624,PRJ00132,STU0226,feature,51,359,2025-03-18
COM001625,PRJ00868,STU0153,refactor,91,370,2025-10-17
COM001626,PRJ00390,STU0296,feature,2,413,2026-06-12
COM001627,PRJ00954,STU0321,bugfix,147,306,2026-06-03
COM001628,PRJ00354,STU0491,bugfix,129,422,2025-02-02
COM001629,PRJ00018,STU0500,feature,60,497,2026-03-07
COM001630,PRJ00465,STU0473,feature,38,142,2025-02-04
COM001631,PRJ00196,STU0150,documentation,93,282,2026-02-20
COM001632,PRJ00335,STU0262,testing,95,199,2025-02-11
COM001633,PRJ00315,STU0167,bugfix,56,434,2025-06-07
COM001634,PRJ00028,STU0090,refactor,21,455,2026-01-19
COM001635,PRJ00761,STU0492,bugfix,8,73,2026-03-13
COM001636,PRJ00494,STU0485,feature,110,64,2025-07-18
COM001637,PRJ00371,STU0412,testing,43,246,2026-06-14
COM001638,PRJ00237,STU0281,testing,128,143,2025-01-31
COM001639,PRJ00062,STU0448,bugfix,17,227,2024-12-08
COM001640,PRJ00737,STU0081,deployment,23,221,2025-02-02
COM001641,PRJ00437,STU0124,testing,7,212,2025-09-18
COM001642,PRJ00234,STU0337,bugfix,34,441,2024-09-01
COM001643,PRJ00289,STU0027,testing,29,176,2024-10-17
COM001644,PRJ00328,STU0011,refactor,42,424,2026-01-29
COM001645,PRJ00900,STU0388,deployment,3,114,2026-06-09
COM001646,PRJ00719,STU0364,deployment,75,17,2024-11-15
COM001647,PRJ00256,STU0177,feature,33,9,2026-06-02
COM001648,PRJ00631,STU0204,refactor,105,490,2024-10-05
COM001649,PRJ00509,STU0009,testing,117,189,2025-12-17
COM001650,PRJ00434,STU0180,refactor,18,190,2026-03-24
COM001651,PRJ00454,STU0408,testing,91,191,2025-12-29
COM001652,PRJ00292,STU0147,documentation,46,485,2026-04-21
COM001653,PRJ00253,STU0493,refactor,124,431,2025-02-12
COM001654,PRJ00109,STU0320,bugfix,66,237,2026-02-14
COM001655,PRJ00445,STU0224,feature,30,23,2024-12-05
COM001656,PRJ00569,STU0328,feature,32,409,2025-05-30
COM001657,PRJ00803,STU0215,testing,33,20,2025-11-06
COM001658,PRJ00213,STU0329,feature,107,284,2026-03-01
COM001659,PRJ00236,STU0040,feature,117,205,2024-10-29
COM001660,PRJ00283,STU0362,feature,127,83,2026-05-15
COM001661,PRJ00434,STU0180,testing,12,279,2026-03-31
COM001662,PRJ00014,STU0398,testing,26,416,2026-06-23
COM001663,PRJ00745,STU0426,deployment,95,230,2024-11-10
COM001664,PRJ00110,STU0155,bugfix,9,445,2024-11-29
COM001665,PRJ00738,STU0467,feature,89,361,2025-03-13
COM001666,PRJ00063,STU0428,documentation,23,101,2024-11-26
COM001667,PRJ00521,STU0403,feature,106,232,2025-04-08
COM001668,PRJ00105,STU0098,bugfix,15,237,2026-08-07
COM001669,PRJ00730,STU0218,bugfix,87,41,2024-10-26
COM001670,PRJ00993,STU0151,feature,75,185,2026-02-28
COM001671,PRJ00994,STU0166,testing,72,252,2025-08-01
COM001672,PRJ00308,STU0106,bugfix,104,90,2025-05-12
COM001673,PRJ00117,STU0220,deployment,52,13,2025-06-06
COM001674,PRJ00018,STU0500,testing,113,94,2026-06-16
COM001675,PRJ00358,STU0376,testing,137,347,2026-07-06
COM001676,PRJ00364,STU0031,documentation,111,361,2025-07-05
COM001677,PRJ00440,STU0099,testing,66,255,2024-10-12
COM001678,PRJ00031,STU0234,bugfix,32,288,2025-05-04
COM001679,PRJ00006,STU0320,refactor,52,344,2026-02-26
COM001680,PRJ00823,STU0416,bugfix,105,81,2026-03-18
COM001681,PRJ00843,STU0003,documentation,67,430,2025-10-27
COM001682,PRJ00448,STU0335,documentation,113,422,2025-01-09
COM001683,PRJ00153,STU0108,feature,92,300,2024-11-06
COM001684,PRJ00066,STU0291,testing,63,426,2025-08-14
COM001685,PRJ00142,STU0395,deployment,123,10,2025-08-19
COM001686,PRJ00033,STU0452,feature,70,207,2025-04-01
COM001687,PRJ00425,STU0181,documentation,27,160,2025-11-26
COM001688,PRJ00989,STU0098,refactor,8,387,2025-11-30
COM001689,PRJ00070,STU0014,feature,14,229,2025-05-19
COM001690,PRJ00603,STU0443,documentation,121,64,2024-10-29
COM001691,PRJ00936,STU0236,refactor,11,11,2025-04-15
COM001692,PRJ00767,STU0205,deployment,69,300,2025-01-12
COM001693,PRJ00242,STU0359,testing,143,35,2026-01-24
COM001694,PRJ00841,STU0158,deployment,146,388,2025-11-17
COM001695,PRJ00717,STU0102,deployment,71,294,2024-10-11
COM001696,PRJ00004,STU0029,refactor,65,342,2025-09-19
COM001697,PRJ00725,STU0091,feature,83,402,2025-08-05
COM001698,PRJ00177,STU0259,feature,67,313,2025-08-24
COM001699,PRJ00624,STU0219,testing,11,414,2024-12-03
COM001700,PRJ00604,STU0098,refactor,129,476,2025-12-24
COM001701,PRJ00935,STU0312,documentation,137,253,2025-04-19
COM001702,PRJ00655,STU0237,bugfix,18,102,2025-02-21
COM001703,PRJ00475,STU0400,testing,114,351,2026-02-10
COM001704,PRJ00124,STU0447,documentation,99,309,2025-12-05
COM001705,PRJ00570,STU0480,deployment,76,53,2025-10-30
COM001706,PRJ00421,STU0308,documentation,27,77,2025-01-10
COM001707,PRJ00222,STU0106,documentation,75,488,2026-02-04
COM001708,PRJ00051,STU0280,documentation,124,293,2026-06-26
COM001709,PRJ00273,STU0203,bugfix,61,426,2026-07-07
COM001710,PRJ00179,STU0247,refactor,113,94,2025-12-20
COM001711,PRJ00216,STU0051,deployment,133,343,2024-08-24
COM001712,PRJ00606,STU0321,testing,76,299,2025-09-30
COM001713,PRJ00583,STU0240,feature,116,414,2025-07-07
COM001714,PRJ00016,STU0337,feature,69,85,2025-08-29
COM001715,PRJ00905,STU0313,documentation,37,14,2026-03-23
COM001716,PRJ00220,STU0442,documentation,15,264,2025-11-12
COM001717,PRJ00472,STU0210,testing,45,55,2025-04-13
COM001718,PRJ00092,STU0237,documentation,16,431,2026-01-03
COM001719,PRJ00163,STU0032,deployment,9,323,2024-11-30
COM001720,PRJ00823,STU0416,deployment,68,49,2025-05-02
COM001721,PRJ00871,STU0458,testing,23,121,2024-10-11
COM001722,PRJ00379,STU0385,deployment,148,263,2025-06-14
COM001723,PRJ00610,STU0447,testing,116,462,2025-12-19
COM001724,PRJ00151,STU0454,feature,23,500,2024-10-17
COM001725,PRJ00456,STU0466,feature,139,258,2024-11-06
COM001726,PRJ00641,STU0154,testing,76,476,2025-08-16
COM001727,PRJ00678,STU0384,testing,9,418,2025-05-23
COM001728,PRJ00841,STU0158,feature,141,476,2025-05-05
COM001729,PRJ00409,STU0091,refactor,79,274,2024-11-10
COM001730,PRJ00142,STU0395,bugfix,32,232,2025-11-14
COM001731,PRJ00970,STU0226,refactor,135,263,2025-07-14
COM001732,PRJ00756,STU0207,bugfix,148,226,2026-06-14
COM001733,PRJ00996,STU0341,testing,97,225,2024-12-11
COM001734,PRJ00955,STU0164,feature,140,89,2025-05-23
COM001735,PRJ00064,STU0352,feature,68,277,2026-06-09
COM001736,PRJ00048,STU0210,documentation,123,164,2024-10-15
COM001737,PRJ00485,STU0021,deployment,25,425,2025-01-10
COM001738,PRJ00863,STU0102,bugfix,50,195,2025-10-15
COM001739,PRJ00577,STU0380,feature,78,305,2024-11-14
COM001740,PRJ00413,STU0102,feature,23,479,2025-05-22
COM001741,PRJ00162,STU0300,testing,129,346,2025-11-06
COM001742,PRJ00837,STU0483,testing,71,406,2025-05-18
COM001743,PRJ00170,STU0063,testing,110,287,2025-06-15
COM001744,PRJ00926,STU0157,testing,40,238,2026-03-05
COM001745,PRJ00744,STU0259,documentation,150,483,2025-06-27
COM001746,PRJ00687,STU0013,documentation,14,137,2026-01-06
COM001747,PRJ00045,STU0282,testing,92,118,2025-05-28
COM001748,PRJ00731,STU0373,feature,68,464,2024-12-22
COM001749,PRJ00810,STU0326,feature,150,217,2025-11-08
COM001750,PRJ00116,STU0389,refactor,111,23,2026-04-15
COM001751,PRJ00507,STU0143,testing,65,91,2025-07-15
COM001752,PRJ00500,STU0393,refactor,143,286,2026-03-08
COM001753,PRJ00230,STU0374,refactor,98,182,2025-09-12
COM001754,PRJ00110,STU0155,documentation,150,409,2026-07-09
COM001755,PRJ00880,STU0146,deployment,103,94,2025-01-31
COM001756,PRJ00300,STU0274,deployment,13,454,2025-02-26
COM001757,PRJ00620,STU0401,documentation,74,428,2025-01-02
COM001758,PRJ00625,STU0460,documentation,100,280,2026-05-27
COM001759,PRJ00255,STU0098,deployment,69,480,2026-04-04
COM001760,PRJ00627,STU0302,documentation,8,137,2026-02-16
COM001761,PRJ00464,STU0382,testing,81,78,2026-02-13
COM001762,PRJ00067,STU0033,documentation,4,79,2024-12-31
COM001763,PRJ00575,STU0349,refactor,28,198,2024-12-29
COM001764,PRJ00146,STU0234,bugfix,93,297,2025-09-10
COM001765,PRJ00779,STU0338,bugfix,106,141,2024-12-02
COM001766,PRJ00556,STU0291,testing,34,1,2024-08-23
COM001767,PRJ00515,STU0207,testing,58,137,2026-04-23
COM001768,PRJ00548,STU0071,documentation,138,357,2025-03-03
COM001769,PRJ00514,STU0196,bugfix,12,451,2026-01-31
COM001770,PRJ00447,STU0376,bugfix,68,203,2026-02-15
COM001771,PRJ00492,STU0098,bugfix,136,228,2026-02-07
COM001772,PRJ00617,STU0307,testing,19,218,2024-08-29
COM001773,PRJ00023,STU0123,testing,18,46,2024-10-20
COM001774,PRJ00308,STU0106,feature,56,425,2026-01-27
COM001775,PRJ00116,STU0389,testing,65,184,2026-04-11
COM001776,PRJ00678,STU0384,testing,43,421,2024-12-02
COM001777,PRJ00895,STU0050,bugfix,106,56,2025-07-17
COM001778,PRJ00239,STU0006,bugfix,123,369,2024-10-07
COM001779,PRJ00418,STU0059,feature,89,96,2025-12-05
COM001780,PRJ00255,STU0098,feature,67,165,2025-04-02
COM001781,PRJ00570,STU0480,testing,26,206,2025-06-07
COM001782,PRJ00341,STU0172,deployment,7,466,2025-11-12
COM001783,PRJ00170,STU0063,refactor,73,385,2025-09-27
COM001784,PRJ00310,STU0363,documentation,39,135,2025-08-11
COM001785,PRJ00128,STU0219,testing,26,220,2025-02-15
COM001786,PRJ00326,STU0466,deployment,10,447,2026-08-06
COM001787,PRJ00198,STU0439,deployment,76,141,2025-12-17
COM001788,PRJ00029,STU0091,testing,108,206,2025-09-05
COM001789,PRJ00866,STU0346,feature,122,387,2025-09-12
COM001790,PRJ00759,STU0290,documentation,18,396,2025-07-03
COM001791,PRJ00529,STU0269,bugfix,68,305,2025-01-06
COM001792,PRJ00552,STU0205,testing,141,323,2026-07-17
COM001793,PRJ00043,STU0232,testing,140,490,2024-08-25
COM001794,PRJ00930,STU0370,deployment,2,444,2026-01-16
COM001795,PRJ00411,STU0343,documentation,143,75,2024-08-17
COM001796,PRJ00100,STU0476,refactor,22,227,2026-06-18
COM001797,PRJ00278,STU0007,documentation,134,435,2025-10-25
COM001798,PRJ00108,STU0109,bugfix,85,319,2025-08-22
COM001799,PRJ00190,STU0217,documentation,98,485,2024-12-06
COM001800,PRJ00272,STU0102,testing,110,316,2025-04-02
COM001801,PRJ00680,STU0118,testing,65,358,2024-12-22
COM001802,PRJ00999,STU0489,testing,103,357,2025-10-13
COM001803,PRJ00634,STU0445,testing,114,160,2025-05-29
COM001804,PRJ00953,STU0128,testing,99,291,2024-12-27
COM001805,PRJ00320,STU0138,deployment,25,168,2025-10-10
COM001806,PRJ00349,STU0472,testing,68,161,2026-02-14
COM001807,PRJ00823,STU0416,deployment,14,57,2024-11-04
COM001808,PRJ00128,STU0219,testing,36,370,2025-11-23
COM001809,PRJ00614,STU0172,deployment,48,30,2026-01-18
COM001810,PRJ00866,STU0346,deployment,124,185,2024-12-08
COM001811,PRJ00253,STU0493,deployment,99,456,2025-04-15
COM001812,PRJ00712,STU0398,feature,91,59,2024-09-12
COM001813,PRJ00073,STU0201,documentation,22,217,2025-04-24
COM001814,PRJ00700,STU0295,deployment,17,117,2025-02-27
COM001815,PRJ00853,STU0146,testing,139,386,2024-11-10
COM001816,PRJ00790,STU0074,testing,103,107,2024-10-15
COM001817,PRJ00432,STU0342,refactor,65,211,2025-04-08
COM001818,PRJ01000,STU0107,deployment,34,52,2025-11-22
COM001819,PRJ00528,STU0057,testing,68,168,2025-01-10
COM001820,PRJ00382,STU0149,testing,16,195,2026-04-17
COM001821,PRJ00498,STU0271,feature,14,13,2024-11-28
COM001822,PRJ00609,STU0473,deployment,148,155,2024-12-11
COM001823,PRJ00827,STU0301,bugfix,78,272,2025-07-22
COM001824,PRJ00995,STU0346,testing,66,92,2026-03-02
COM001825,PRJ00049,STU0013,refactor,98,193,2025-12-14
COM001826,PRJ00699,STU0452,refactor,144,315,2025-09-08
COM001827,PRJ00446,STU0279,documentation,129,211,2025-04-03
COM001828,PRJ00052,STU0061,refactor,113,135,2025-10-27
COM001829,PRJ00166,STU0310,feature,81,162,2025-03-25
COM001830,PRJ00434,STU0180,refactor,127,388,2026-05-11
COM001831,PRJ00454,STU0408,refactor,139,457,2024-10-26
COM001832,PRJ00030,STU0071,testing,117,401,2025-01-06
COM001833,PRJ00976,STU0448,refactor,83,494,2024-12-02
COM001834,PRJ00227,STU0276,bugfix,131,413,2025-11-23
COM001835,PRJ00624,STU0219,feature,110,67,2025-03-28
COM001836,PRJ00249,STU0488,refactor,68,410,2024-08-14
COM001837,PRJ00415,STU0293,documentation,35,438,2025-02-19
COM001838,PRJ00649,STU0294,bugfix,109,173,2026-08-05
COM001839,PRJ00718,STU0223,refactor,15,56,2026-02-17
COM001840,PRJ00407,STU0405,deployment,87,310,2025-10-28
COM001841,PRJ00623,STU0199,refactor,60,474,2026-02-05
COM001842,PRJ00055,STU0438,feature,110,83,2025-07-30
COM001843,PRJ00877,STU0277,bugfix,32,90,2026-03-07
COM001844,PRJ00156,STU0091,refactor,48,494,2024-11-09
COM001845,PRJ00781,STU0065,documentation,111,494,2025-12-19
COM001846,PRJ00903,STU0215,documentation,123,160,2025-11-12
COM001847,PRJ00411,STU0343,bugfix,82,314,2024-12-11
COM001848,PRJ00069,STU0054,documentation,9,54,2026-01-28
COM001849,PRJ00081,STU0359,bugfix,73,364,2025-09-11
COM001850,PRJ00103,STU0086,feature,97,467,2025-03-08
COM001851,PRJ00996,STU0341,testing,66,274,2025-10-22
COM001852,PRJ00817,STU0195,testing,101,31,2025-12-15
COM001853,PRJ00007,STU0451,testing,5,56,2024-10-12
COM001854,PRJ00486,STU0425,testing,134,203,2025-01-18
COM001855,PRJ00493,STU0445,deployment,128,287,2025-03-14
COM001856,PRJ00131,STU0041,bugfix,22,89,2026-05-30
COM001857,PRJ00592,STU0055,testing,93,228,2025-04-10
COM001858,PRJ00954,STU0321,feature,71,229,2025-05-01
COM001859,PRJ00139,STU0482,deployment,106,406,2025-04-04
COM001860,PRJ00270,STU0416,bugfix,110,39,2025-09-10
COM001861,PRJ00151,STU0454,deployment,30,471,2026-01-12
COM001862,PRJ00169,STU0446,feature,54,271,2024-09-03
COM001863,PRJ00258,STU0430,bugfix,124,176,2025-07-04
COM001864,PRJ00234,STU0337,documentation,90,357,2025-12-14
COM001865,PRJ00603,STU0443,deployment,100,444,2024-09-04
COM001866,PRJ00771,STU0242,testing,14,237,2025-04-26
COM001867,PRJ00568,STU0288,refactor,45,189,2025-11-30
COM001868,PRJ00272,STU0102,testing,46,159,2025-04-22
COM001869,PRJ00131,STU0041,feature,144,356,2024-08-27
COM001870,PRJ00770,STU0351,bugfix,130,167,2026-03-15
COM001871,PRJ00900,STU0388,refactor,94,409,2026-04-14
COM001872,PRJ00771,STU0242,refactor,14,17,2025-03-23
COM001873,PRJ00693,STU0069,documentation,67,157,2025-07-10
COM001874,PRJ00669,STU0016,refactor,75,334,2025-09-12
COM001875,PRJ00479,STU0288,refactor,39,446,2025-03-31
COM001876,PRJ00202,STU0068,feature,30,72,2026-04-10
COM001877,PRJ00968,STU0427,bugfix,41,479,2025-04-24
COM001878,PRJ00731,STU0373,documentation,75,395,2025-12-22
COM001879,PRJ00551,STU0243,testing,127,350,2025-11-21
COM001880,PRJ00963,STU0242,testing,23,231,2026-08-03
COM001881,PRJ00449,STU0431,documentation,54,125,2025-01-17
COM001882,PRJ00681,STU0474,refactor,44,251,2026-06-16
COM001883,PRJ00174,STU0249,feature,51,445,2025-10-04
COM001884,PRJ00853,STU0146,testing,139,195,2024-12-24
COM001885,PRJ00702,STU0115,bugfix,20,460,2025-12-06
COM001886,PRJ00487,STU0386,refactor,5,336,2024-12-19
COM001887,PRJ00556,STU0291,feature,19,311,2026-05-12
COM001888,PRJ00803,STU0215,documentation,65,424,2025-08-14
COM001889,PRJ00043,STU0232,refactor,86,366,2026-06-28
COM001890,PRJ00651,STU0410,bugfix,10,198,2026-07-08
COM001891,PRJ00624,STU0219,bugfix,85,369,2026-01-17
COM001892,PRJ00559,STU0182,testing,39,137,2025-11-27
COM001893,PRJ00640,STU0429,bugfix,86,435,2025-03-06
COM001894,PRJ00236,STU0040,refactor,5,19,2024-09-16
COM001895,PRJ00879,STU0257,deployment,28,264,2026-02-21
COM001896,PRJ00071,STU0106,deployment,103,226,2026-05-17
COM001897,PRJ00486,STU0425,testing,75,264,2025-04-20
COM001898,PRJ00927,STU0413,feature,110,177,2024-11-26
COM001899,PRJ00177,STU0259,refactor,67,131,2025-11-19
COM001900,PRJ00939,STU0276,deployment,94,134,2025-09-13
COM001901,PRJ00269,STU0192,documentation,15,423,2025-08-20
COM001902,PRJ00545,STU0034,bugfix,138,451,2025-06-13
COM001903,PRJ00371,STU0412,deployment,18,244,2024-12-26
COM001904,PRJ00618,STU0139,testing,57,231,2025-05-20
COM001905,PRJ00722,STU0249,testing,29,8,2024-11-22
COM001906,PRJ00658,STU0161,deployment,84,124,2025-12-23
COM001907,PRJ00660,STU0090,testing,33,76,2026-03-31
COM001908,PRJ00550,STU0300,documentation,130,263,2024-12-01
COM001909,PRJ00677,STU0125,refactor,139,377,2025-10-17
COM001910,PRJ00396,STU0212,testing,147,297,2025-11-02
COM001911,PRJ00436,STU0451,testing,137,264,2024-09-18
COM001912,PRJ00796,STU0270,bugfix,17,157,2026-04-28
COM001913,PRJ00323,STU0097,documentation,150,360,2026-07-01
COM001914,PRJ00137,STU0080,documentation,28,141,2026-03-28
COM001915,PRJ00860,STU0400,documentation,37,130,2026-07-14
COM001916,PRJ00386,STU0107,bugfix,11,415,2026-03-16
COM001917,PRJ00092,STU0237,deployment,140,383,2024-11-15
COM001918,PRJ00987,STU0499,documentation,66,90,2025-03-11
COM001919,PRJ00275,STU0282,bugfix,54,426,2025-03-31
COM001920,PRJ00571,STU0001,deployment,59,304,2024-09-09
COM001921,PRJ00461,STU0461,bugfix,135,121,2025-07-07
COM001922,PRJ00244,STU0093,testing,28,78,2025-08-31
COM001923,PRJ01000,STU0107,feature,142,256,2025-04-20
COM001924,PRJ00031,STU0234,documentation,42,484,2026-06-28
COM001925,PRJ00903,STU0215,testing,55,89,2025-05-07
COM001926,PRJ00530,STU0156,testing,14,365,2025-06-24
COM001927,PRJ00592,STU0055,testing,56,86,2025-08-24
COM001928,PRJ00150,STU0130,feature,13,418,2024-09-23
COM001929,PRJ00120,STU0379,feature,49,118,2026-01-30
COM001930,PRJ00180,STU0386,feature,6,33,2026-03-15
COM001931,PRJ00709,STU0135,testing,100,237,2024-10-20
COM001932,PRJ00445,STU0224,documentation,31,24,2025-10-28
COM001933,PRJ00932,STU0192,feature,132,431,2025-03-06
COM001934,PRJ00647,STU0444,testing,144,471,2025-05-05
COM001935,PRJ00822,STU0198,deployment,125,367,2024-10-05
COM001936,PRJ00396,STU0212,feature,4,281,2024-10-17
COM001937,PRJ00086,STU0391,refactor,50,191,2025-07-17
COM001938,PRJ00393,STU0250,feature,75,32,2024-11-25
COM001939,PRJ00940,STU0268,deployment,62,460,2025-08-19
COM001940,PRJ00567,STU0262,refactor,83,333,2024-12-25
COM001941,PRJ00250,STU0209,deployment,23,302,2026-04-02
COM001942,PRJ00523,STU0319,feature,125,142,2024-11-29
COM001943,PRJ00432,STU0342,testing,37,100,2024-09-11
COM001944,PRJ00323,STU0097,refactor,106,444,2025-06-15
COM001945,PRJ00603,STU0443,refactor,27,18,2025-01-02
COM001946,PRJ00004,STU0029,bugfix,6,235,2026-02-04
COM001947,PRJ00856,STU0352,documentation,48,2,2024-08-25
COM001948,PRJ00379,STU0385,refactor,86,488,2025-11-02
COM001949,PRJ00761,STU0492,testing,99,225,2025-09-20
COM001950,PRJ00855,STU0265,feature,86,11,2025-03-10
COM001951,PRJ00925,STU0366,deployment,13,224,2024-11-14
COM001952,PRJ00444,STU0082,deployment,101,217,2025-05-15
COM001953,PRJ00276,STU0372,feature,20,7,2024-08-20
COM001954,PRJ00927,STU0413,deployment,102,470,2025-12-17
COM001955,PRJ00380,STU0209,refactor,24,363,2026-01-12
COM001956,PRJ00093,STU0487,deployment,59,145,2025-02-09
COM001957,PRJ00002,STU0194,documentation,140,166,2026-05-08
COM001958,PRJ00103,STU0086,documentation,70,396,2025-12-25
COM001959,PRJ00634,STU0445,documentation,12,268,2025-09-11
COM001960,PRJ00630,STU0161,feature,96,396,2025-09-29
COM001961,PRJ00576,STU0012,bugfix,112,215,2025-12-03
COM001962,PRJ00562,STU0192,bugfix,77,284,2025-01-03
COM001963,PRJ00145,STU0362,documentation,138,372,2024-10-08
COM001964,PRJ00582,STU0018,testing,105,82,2026-05-16
COM001965,PRJ00398,STU0437,testing,119,402,2026-05-16
COM001966,PRJ00016,STU0337,testing,61,277,2025-01-19
COM001967,PRJ00444,STU0082,testing,144,267,2026-02-22
COM001968,PRJ00920,STU0136,deployment,146,61,2025-02-22
COM001969,PRJ00484,STU0068,testing,126,401,2026-07-12
COM001970,PRJ00630,STU0161,feature,95,16,2026-03-28
COM001971,PRJ00380,STU0209,testing,111,93,2025-03-07
COM001972,PRJ00372,STU0054,documentation,21,292,2025-01-19
COM001973,PRJ00466,STU0434,documentation,7,355,2025-06-13
COM001974,PRJ00609,STU0473,bugfix,34,12,2025-05-12
COM001975,PRJ00966,STU0029,feature,35,221,2024-11-08
COM001976,PRJ00903,STU0215,deployment,93,233,2024-12-15
COM001977,PRJ00870,STU0274,deployment,135,296,2025-12-27
COM001978,PRJ00573,STU0201,bugfix,99,8,2026-01-14
COM001979,PRJ00310,STU0363,feature,143,438,2026-03-10
COM001980,PRJ00006,STU0320,testing,96,479,2026-06-20
COM001981,PRJ00143,STU0353,feature,120,185,2026-04-18
COM001982,PRJ00344,STU0442,testing,82,498,2026-03-14
COM001983,PRJ00981,STU0236,feature,119,250,2026-01-12
COM001984,PRJ00468,STU0250,refactor,25,344,2025-10-19
COM001985,PRJ00766,STU0412,bugfix,126,152,2025-08-21
COM001986,PRJ00395,STU0433,testing,49,402,2025-10-20
COM001987,PRJ00077,STU0351,feature,140,345,2025-09-03
COM001988,PRJ00817,STU0195,deployment,143,75,2025-04-18
COM001989,PRJ00288,STU0219,feature,105,482,2026-03-06
COM001990,PRJ00142,STU0395,documentation,70,91,2025-07-21
COM001991,PRJ00167,STU0419,bugfix,124,172,2024-10-28
COM001992,PRJ00525,STU0073,testing,21,231,2026-06-14
COM001993,PRJ00055,STU0438,deployment,69,370,2025-06-10
COM001994,PRJ00749,STU0048,refactor,70,470,2024-12-20
COM001995,PRJ00136,STU0247,feature,143,178,2024-09-09
COM001996,PRJ00698,STU0164,refactor,97,249,2025-09-10
COM001997,PRJ00854,STU0491,feature,83,223,2025-07-25
COM001998,PRJ00799,STU0357,testing,34,2,2025-04-04
COM001999,PRJ00866,STU0346,testing,38,65,2026-01-01
COM002000,PRJ00865,STU0026,refactor,129,426,2026-04-16
COM002001,PRJ00001,STU0321,deployment,149,10,2025-06-09
COM002002,PRJ00961,STU0437,deployment,14,33,2025-04-09
COM002003,PRJ00648,STU0488,documentation,58,474,2025-08-04
COM002004,PRJ00722,STU0249,refactor,106,141,2025-10-03
COM002005,PRJ00974,STU0176,feature,119,88,2025-01-11
COM002006,PRJ00217,STU0417,bugfix,73,434,2025-03-11
COM002007,PRJ00886,STU0175,documentation,47,258,2025-12-21
COM002008,PRJ00167,STU0419,testing,85,455,2025-05-17
COM002009,PRJ00739,STU0376,refactor,3,30,2026-06-17
COM002010,PRJ00092,STU0237,documentation,135,334,2026-03-29
COM002011,PRJ00969,STU0167,testing,48,83,2026-05-15
COM002012,PRJ00706,STU0190,refactor,117,124,2026-04-27
COM002013,PRJ00093,STU0487,bugfix,109,38,2026-05-29
COM002014,PRJ00399,STU0205,testing,97,4,2026-02-06
COM002015,PRJ00494,STU0485,feature,17,403,2025-08-03
COM002016,PRJ00360,STU0016,testing,17,47,2026-01-01
COM002017,PRJ00119,STU0105,testing,97,500,2026-02-26
COM002018,PRJ00002,STU0194,testing,47,433,2024-12-16
COM002019,PRJ00475,STU0400,feature,24,162,2024-10-22
COM002020,PRJ00191,STU0309,documentation,22,383,2025-11-15
COM002021,PRJ00902,STU0336,feature,94,117,2025-12-03
COM002022,PRJ00970,STU0226,documentation,15,421,2025-08-10
COM002023,PRJ00584,STU0184,bugfix,53,23,2025-06-22
COM002024,PRJ00034,STU0194,documentation,20,415,2026-07-03
COM002025,PRJ00441,STU0066,testing,82,349,2025-05-16
COM002026,PRJ00016,STU0337,feature,125,132,2026-03-11
COM002027,PRJ00928,STU0440,deployment,24,450,2026-05-16
COM002028,PRJ00517,STU0113,testing,81,288,2025-07-02
COM002029,PRJ00729,STU0134,refactor,77,117,2025-09-03
COM002030,PRJ00831,STU0084,deployment,38,409,2026-01-15
COM002031,PRJ00582,STU0018,testing,121,212,2024-11-28
COM002032,PRJ00608,STU0119,testing,148,110,2024-11-09
COM002033,PRJ00886,STU0175,documentation,90,68,2025-12-28
COM002034,PRJ00610,STU0447,refactor,73,490,2026-01-23
COM002035,PRJ00484,STU0068,feature,107,429,2024-12-06
COM002036,PRJ00751,STU0373,feature,133,474,2026-06-08
COM002037,PRJ00145,STU0362,documentation,53,413,2025-11-10
COM002038,PRJ00319,STU0325,testing,23,110,2025-12-27
COM002039,PRJ00924,STU0148,deployment,20,19,2025-06-06
COM002040,PRJ00265,STU0003,refactor,13,79,2025-10-29
COM002041,PRJ00361,STU0040,testing,105,114,2024-10-05
COM002042,PRJ00702,STU0115,bugfix,19,240,2025-12-26
COM002043,PRJ00914,STU0491,refactor,56,498,2024-09-03
COM002044,PRJ00903,STU0215,deployment,94,225,2025-07-12
COM002045,PRJ00263,STU0457,testing,63,173,2024-08-23
COM002046,PRJ00893,STU0392,bugfix,109,272,2025-06-12
COM002047,PRJ00062,STU0448,documentation,71,280,2026-06-12
COM002048,PRJ00446,STU0279,feature,111,230,2025-04-03
COM002049,PRJ00199,STU0281,testing,142,113,2025-02-13
COM002050,PRJ00735,STU0171,refactor,78,477,2025-01-10
COM002051,PRJ00555,STU0284,testing,51,281,2025-08-29
COM002052,PRJ00311,STU0363,bugfix,83,410,2026-06-29
COM002053,PRJ00234,STU0337,documentation,78,208,2025-04-22
COM002054,PRJ00937,STU0104,bugfix,140,25,2026-06-28
COM002055,PRJ00339,STU0040,refactor,15,229,2026-07-22
COM002056,PRJ00836,STU0084,documentation,72,361,2026-05-18
COM002057,PRJ00052,STU0061,documentation,94,230,2026-01-17
COM002058,PRJ00635,STU0358,refactor,92,41,2025-04-15
COM002059,PRJ00373,STU0145,documentation,42,106,2026-02-09
COM002060,PRJ00579,STU0141,bugfix,4,305,2024-12-20
COM002061,PRJ00035,STU0326,testing,87,462,2024-09-28
COM002062,PRJ00785,STU0459,refactor,29,22,2026-02-01
COM002063,PRJ00506,STU0198,deployment,81,375,2025-05-31
COM002064,PRJ00029,STU0091,deployment,28,456,2025-11-02
COM002065,PRJ00240,STU0401,feature,23,52,2026-05-12
COM002066,PRJ00474,STU0126,testing,101,49,2026-03-15
COM002067,PRJ00616,STU0038,deployment,6,73,2025-02-05
COM002068,PRJ00337,STU0336,refactor,115,350,2025-09-19
COM002069,PRJ00399,STU0205,feature,47,87,2026-05-04
COM002070,PRJ00650,STU0382,feature,105,368,2024-10-11
COM002071,PRJ00636,STU0362,refactor,61,162,2025-12-18
COM002072,PRJ00838,STU0340,refactor,23,350,2025-12-28
COM002073,PRJ00182,STU0369,feature,23,342,2025-05-20
COM002074,PRJ00139,STU0482,bugfix,114,462,2024-09-11
COM002075,PRJ00322,STU0048,testing,93,447,2026-08-07
COM002076,PRJ00986,STU0295,feature,4,81,2026-04-17
COM002077,PRJ00881,STU0401,documentation,14,41,2025-06-27
COM002078,PRJ00328,STU0011,feature,88,110,2025-06-21
COM002079,PRJ00884,STU0148,deployment,48,465,2026-02-22
COM002080,PRJ00900,STU0388,refactor,68,226,2025-04-26
COM002081,PRJ00649,STU0294,testing,88,17,2026-05-30
COM002082,PRJ00449,STU0431,refactor,13,490,2024-09-11
COM002083,PRJ00855,STU0265,documentation,27,392,2024-09-29
COM002084,PRJ00454,STU0408,deployment,50,433,2026-05-28
COM002085,PRJ00133,STU0391,documentation,142,26,2025-06-02
COM002086,PRJ00954,STU0321,refactor,95,330,2025-02-06
COM002087,PRJ00029,STU0091,bugfix,18,25,2025-04-27
COM002088,PRJ00010,STU0327,documentation,75,491,2024-09-19
COM002089,PRJ00694,STU0459,testing,57,497,2025-03-13
COM002090,PRJ00312,STU0274,deployment,5,105,2025-03-23
COM002091,PRJ00707,STU0065,testing,32,2,2025-11-09
COM002092,PRJ00285,STU0206,refactor,34,481,2026-02-28
COM002093,PRJ00033,STU0452,bugfix,111,24,2024-08-25
COM002094,PRJ00519,STU0359,testing,74,33,2025-01-08
COM002095,PRJ00074,STU0245,testing,78,321,2025-09-21
COM002096,PRJ00629,STU0030,feature,58,335,2024-11-10
COM002097,PRJ00345,STU0200,testing,46,492,2025-10-22
COM002098,PRJ00559,STU0182,refactor,90,390,2025-06-25
COM002099,PRJ00769,STU0456,bugfix,97,352,2026-03-03
COM002100,PRJ00581,STU0062,refactor,39,24,2026-07-06
COM002101,PRJ00371,STU0412,documentation,20,18,2025-09-29
COM002102,PRJ00061,STU0225,documentation,126,292,2024-12-07
COM002103,PRJ00964,STU0171,testing,5,330,2025-05-23
COM002104,PRJ00020,STU0494,documentation,148,220,2026-02-11
COM002105,PRJ00966,STU0029,testing,17,38,2025-04-12
COM002106,PRJ00560,STU0015,documentation,114,245,2024-08-16
COM002107,PRJ00270,STU0416,feature,63,246,2025-08-11
COM002108,PRJ00513,STU0226,refactor,34,367,2026-01-21
COM002109,PRJ00912,STU0237,bugfix,51,292,2026-07-05
COM002110,PRJ00869,STU0019,refactor,80,298,2025-08-25
COM002111,PRJ00716,STU0078,refactor,59,11,2025-06-22
COM002112,PRJ00003,STU0029,documentation,127,235,2025-11-06
COM002113,PRJ00387,STU0255,bugfix,87,168,2025-02-12
COM002114,PRJ00009,STU0305,bugfix,43,325,2024-10-31
COM002115,PRJ00357,STU0029,feature,20,253,2026-03-26
COM002116,PRJ00218,STU0402,documentation,82,131,2024-12-02
COM002117,PRJ00134,STU0276,documentation,49,147,2025-12-22
COM002118,PRJ00109,STU0320,documentation,139,131,2025-01-03
COM002119,PRJ00189,STU0001,testing,17,322,2025-11-02
COM002120,PRJ00192,STU0276,deployment,148,360,2024-11-18
COM002121,PRJ00798,STU0140,bugfix,58,405,2024-12-31
COM002122,PRJ00227,STU0276,refactor,86,439,2026-04-14
COM002123,PRJ00098,STU0357,feature,5,378,2025-03-11
COM002124,PRJ00807,STU0207,feature,148,21,2025-10-17
COM002125,PRJ00659,STU0133,documentation,13,183,2024-10-05
COM002126,PRJ00251,STU0374,feature,140,285,2025-05-03
COM002127,PRJ00936,STU0236,documentation,132,130,2026-04-20
COM002128,PRJ00249,STU0488,feature,40,454,2025-01-05
COM002129,PRJ00925,STU0366,feature,24,197,2025-09-23
COM002130,PRJ00403,STU0169,documentation,58,407,2026-04-05
COM002131,PRJ00140,STU0329,testing,3,145,2026-01-07
COM002132,PRJ00918,STU0434,deployment,87,491,2026-01-10
COM002133,PRJ00999,STU0489,documentation,87,387,2025-07-25
COM002134,PRJ00898,STU0164,testing,144,405,2025-10-18
COM002135,PRJ00557,STU0401,documentation,84,439,2026-07-15
COM002136,PRJ00580,STU0417,bugfix,24,88,2025-01-06
COM002137,PRJ00608,STU0119,deployment,110,160,2025-01-06
COM002138,PRJ00172,STU0097,documentation,13,119,2025-04-25
COM002139,PRJ00977,STU0225,bugfix,109,344,2025-02-20
COM002140,PRJ00824,STU0496,bugfix,4,453,2025-04-06
COM002141,PRJ00711,STU0260,bugfix,119,190,2026-03-21
COM002142,PRJ00363,STU0173,testing,49,40,2025-05-26
COM002143,PRJ00262,STU0112,documentation,120,456,2025-05-21
COM002144,PRJ00026,STU0100,deployment,34,1,2026-07-02
COM002145,PRJ00930,STU0370,documentation,31,47,2025-11-01
COM002146,PRJ00821,STU0187,refactor,43,116,2026-06-07
COM002147,PRJ00731,STU0373,testing,3,93,2026-02-22
COM002148,PRJ00194,STU0146,documentation,45,51,2025-11-08
COM002149,PRJ00663,STU0348,testing,45,35,2026-07-24
COM002150,PRJ00362,STU0381,testing,33,268,2025-04-03
COM002151,PRJ00587,STU0402,documentation,3,352,2026-03-01
COM002152,PRJ00375,STU0327,testing,26,223,2026-07-07
COM002153,PRJ00109,STU0320,feature,130,224,2025-05-18
COM002154,PRJ00217,STU0417,testing,97,171,2026-05-18
COM002155,PRJ00564,STU0430,testing,22,374,2026-03-25
COM002156,PRJ00603,STU0443,refactor,147,384,2024-11-21
COM002157,PRJ00475,STU0400,deployment,122,86,2025-03-02
COM002158,PRJ00721,STU0337,deployment,26,196,2025-02-10
COM002159,PRJ00570,STU0480,testing,13,363,2025-10-25
COM002160,PRJ00052,STU0061,refactor,62,246,2024-12-30
COM002161,PRJ00548,STU0071,deployment,57,35,2024-11-16
COM002162,PRJ00561,STU0315,documentation,41,261,2025-02-15
COM002163,PRJ00931,STU0498,testing,124,461,2025-12-06
COM002164,PRJ00177,STU0259,testing,72,170,2025-02-16
COM002165,PRJ00985,STU0017,refactor,15,337,2025-03-07
COM002166,PRJ00099,STU0027,testing,37,87,2026-06-08
COM002167,PRJ00740,STU0053,documentation,43,1,2026-04-30
COM002168,PRJ00056,STU0422,bugfix,143,110,2024-09-15
COM002169,PRJ00630,STU0161,refactor,139,66,2025-06-13
COM002170,PRJ00641,STU0154,bugfix,36,340,2026-07-08
COM002171,PRJ00969,STU0167,bugfix,17,130,2025-12-14
COM002172,PRJ00091,STU0129,refactor,73,250,2026-03-28
COM002173,PRJ00286,STU0010,deployment,56,375,2025-10-04
COM002174,PRJ00135,STU0157,deployment,136,383,2025-01-25
COM002175,PRJ00113,STU0390,feature,109,499,2025-10-03
COM002176,PRJ00977,STU0225,refactor,149,309,2026-01-02
COM002177,PRJ00728,STU0260,bugfix,4,345,2026-01-12
COM002178,PRJ00130,STU0156,deployment,5,66,2024-11-14
COM002179,PRJ00037,STU0408,deployment,55,26,2026-08-11
COM002180,PRJ00284,STU0097,deployment,40,113,2025-06-02
COM002181,PRJ00873,STU0191,bugfix,35,368,2025-11-10
COM002182,PRJ00450,STU0043,documentation,93,436,2025-12-26
COM002183,PRJ00953,STU0128,bugfix,28,125,2025-12-02
COM002184,PRJ00382,STU0149,deployment,51,22,2026-03-02
COM002185,PRJ00921,STU0252,bugfix,130,48,2025-10-14
COM002186,PRJ00428,STU0146,refactor,14,209,2026-07-25
COM002187,PRJ00260,STU0128,documentation,52,2,2025-06-07
COM002188,PRJ00699,STU0452,feature,90,367,2026-04-06
COM002189,PRJ00813,STU0094,testing,61,479,2026-06-30
COM002190,PRJ00849,STU0394,documentation,118,236,2024-11-11
COM002191,PRJ00365,STU0006,documentation,26,313,2025-12-16
COM002192,PRJ00551,STU0243,bugfix,35,394,2025-12-01
COM002193,PRJ00073,STU0201,deployment,7,334,2025-07-22
COM002194,PRJ00166,STU0310,testing,24,213,2026-03-27
COM002195,PRJ00700,STU0295,deployment,20,241,2026-03-31
COM002196,PRJ00306,STU0273,documentation,12,441,2024-10-05
COM002197,PRJ00968,STU0427,bugfix,137,112,2024-12-11
COM002198,PRJ00123,STU0125,feature,69,127,2026-07-20
COM002199,PRJ00863,STU0102,deployment,140,421,2026-07-25
COM002200,PRJ00283,STU0362,feature,101,201,2025-11-26
COM002201,PRJ00167,STU0419,bugfix,147,42,2026-03-18
COM002202,PRJ00821,STU0187,bugfix,32,215,2024-08-16
COM002203,PRJ00499,STU0396,feature,130,29,2025-07-09
COM002204,PRJ00376,STU0292,documentation,144,454,2024-09-10
COM002205,PRJ00378,STU0385,documentation,102,236,2026-01-15
COM002206,PRJ00977,STU0225,feature,100,120,2025-04-09
COM002207,PRJ00718,STU0223,documentation,41,44,2026-05-07
COM002208,PRJ00585,STU0263,testing,102,186,2025-11-29
COM002209,PRJ00371,STU0412,feature,79,298,2025-08-29
COM002210,PRJ00294,STU0050,refactor,78,336,2024-11-23
COM002211,PRJ00038,STU0108,documentation,112,201,2024-09-08
COM002212,PRJ00202,STU0068,deployment,80,310,2026-01-09
COM002213,PRJ00789,STU0041,bugfix,59,291,2025-03-17
COM002214,PRJ00427,STU0284,refactor,4,155,2024-10-04
COM002215,PRJ00663,STU0348,testing,98,86,2026-05-30
COM002216,PRJ00465,STU0473,bugfix,35,434,2026-03-16
COM002217,PRJ00173,STU0497,documentation,36,223,2025-11-16
COM002218,PRJ00904,STU0115,feature,24,152,2024-10-07
COM002219,PRJ00992,STU0379,bugfix,67,111,2025-05-15
COM002220,PRJ00805,STU0437,documentation,37,471,2025-09-15
COM002221,PRJ00849,STU0394,deployment,89,482,2024-11-11
COM002222,PRJ00671,STU0414,testing,84,137,2026-08-11
COM002223,PRJ00690,STU0460,bugfix,27,348,2026-01-29
COM002224,PRJ00528,STU0057,testing,12,274,2025-09-05
COM002225,PRJ00753,STU0190,documentation,27,379,2025-10-05
COM002226,PRJ00638,STU0063,documentation,39,328,2026-04-22
COM002227,PRJ00246,STU0291,deployment,81,465,2025-11-16
COM002228,PRJ00841,STU0158,deployment,23,337,2024-09-18
COM002229,PRJ00616,STU0038,testing,99,135,2026-05-10
COM002230,PRJ00226,STU0296,bugfix,145,174,2024-12-20
COM002231,PRJ00825,STU0133,bugfix,36,369,2025-12-11
COM002232,PRJ00989,STU0098,refactor,119,499,2025-02-02
COM002233,PRJ00981,STU0236,bugfix,95,342,2024-12-04
COM002234,PRJ00059,STU0301,refactor,138,121,2025-09-12
COM002235,PRJ00231,STU0134,bugfix,68,487,2024-12-11
COM002236,PRJ00208,STU0333,feature,63,40,2024-08-15
COM002237,PRJ00081,STU0359,deployment,95,435,2025-02-26
COM002238,PRJ00685,STU0086,testing,129,208,2025-03-18
COM002239,PRJ00029,STU0091,refactor,70,190,2026-02-20
COM002240,PRJ00885,STU0278,documentation,101,470,2025-01-13
COM002241,PRJ00707,STU0065,testing,70,256,2026-03-24
COM002242,PRJ00339,STU0040,documentation,104,301,2025-09-15
COM002243,PRJ00730,STU0218,deployment,70,370,2024-10-09
COM002244,PRJ00791,STU0356,deployment,87,485,2026-03-08
COM002245,PRJ00205,STU0334,refactor,63,224,2026-06-06
COM002246,PRJ00380,STU0209,testing,122,439,2026-07-14
COM002247,PRJ00278,STU0007,documentation,100,477,2025-09-22
COM002248,PRJ00746,STU0100,testing,130,196,2025-03-22
COM002249,PRJ00986,STU0295,feature,112,107,2024-11-28
COM002250,PRJ00928,STU0440,refactor,34,41,2025-02-13
COM002251,PRJ00182,STU0369,refactor,75,190,2024-08-21
COM002252,PRJ00023,STU0123,testing,4,294,2025-11-23
COM002253,PRJ00341,STU0172,testing,80,261,2025-11-10
COM002254,PRJ00090,STU0205,refactor,49,390,2025-10-25
COM002255,PRJ00409,STU0091,testing,38,166,2025-02-14
COM002256,PRJ00806,STU0087,refactor,149,196,2026-03-28
COM002257,PRJ00407,STU0405,refactor,116,94,2026-07-10
COM002258,PRJ00116,STU0389,bugfix,5,233,2025-05-30
COM002259,PRJ00891,STU0232,refactor,36,123,2025-03-08
COM002260,PRJ00377,STU0025,deployment,32,137,2025-06-11
COM002261,PRJ00186,STU0115,documentation,33,478,2026-03-27
COM002262,PRJ00834,STU0206,refactor,15,342,2025-06-26
COM002263,PRJ00977,STU0225,refactor,141,299,2025-08-01
COM002264,PRJ00201,STU0145,bugfix,42,482,2024-09-03
COM002265,PRJ00426,STU0475,feature,79,398,2026-07-14
COM002266,PRJ00325,STU0036,refactor,56,368,2026-07-13
COM002267,PRJ00830,STU0172,feature,117,291,2025-08-24
COM002268,PRJ00423,STU0155,bugfix,119,116,2025-03-03
COM002269,PRJ00107,STU0089,deployment,6,16,2025-07-08
COM002270,PRJ00547,STU0003,deployment,33,254,2024-09-09
COM002271,PRJ00963,STU0242,testing,93,471,2025-04-26
COM002272,PRJ00172,STU0097,bugfix,32,41,2024-08-25
COM002273,PRJ00378,STU0385,deployment,142,229,2026-05-09
COM002274,PRJ00095,STU0064,testing,73,163,2026-08-11
COM002275,PRJ00161,STU0194,bugfix,94,418,2025-06-15
COM002276,PRJ00993,STU0151,deployment,73,379,2025-09-09
COM002277,PRJ00918,STU0434,bugfix,112,456,2025-04-27
COM002278,PRJ00928,STU0440,testing,119,133,2024-11-28
COM002279,PRJ00274,STU0102,deployment,129,25,2026-02-13
COM002280,PRJ00116,STU0389,documentation,51,330,2024-09-22
COM002281,PRJ00989,STU0098,bugfix,8,355,2025-07-30
COM002282,PRJ00542,STU0291,documentation,89,449,2025-06-04
COM002283,PRJ00760,STU0108,bugfix,58,464,2026-06-21
COM002284,PRJ00456,STU0466,documentation,117,68,2025-12-21
COM002285,PRJ00592,STU0055,documentation,104,350,2026-03-13
COM002286,PRJ00332,STU0418,documentation,50,100,2024-10-31
COM002287,PRJ00480,STU0417,feature,30,143,2024-11-22
COM002288,PRJ00933,STU0090,feature,13,474,2026-01-15
COM002289,PRJ00782,STU0310,deployment,93,418,2026-08-03
COM002290,PRJ00157,STU0094,documentation,139,33,2025-12-08
COM002291,PRJ00026,STU0100,refactor,85,333,2025-01-30
COM002292,PRJ00532,STU0235,deployment,13,19,2024-09-11
COM002293,PRJ00026,STU0100,bugfix,125,439,2026-07-04
COM002294,PRJ00699,STU0452,bugfix,34,34,2025-05-12
COM002295,PRJ00317,STU0375,bugfix,83,238,2025-09-28
COM002296,PRJ00679,STU0041,bugfix,32,218,2026-02-11
COM002297,PRJ00028,STU0090,testing,79,117,2024-12-08
COM002298,PRJ00991,STU0332,testing,33,394,2025-02-22
COM002299,PRJ00941,STU0480,bugfix,103,271,2024-12-20
COM002300,PRJ00826,STU0265,deployment,24,254,2026-02-07
COM002301,PRJ00169,STU0446,feature,52,63,2025-09-10
COM002302,PRJ00203,STU0084,documentation,90,180,2024-09-18
COM002303,PRJ00727,STU0211,bugfix,134,398,2026-05-08
COM002304,PRJ00401,STU0274,bugfix,8,308,2025-07-07
COM002305,PRJ00661,STU0020,bugfix,149,372,2026-06-08
COM002306,PRJ00647,STU0444,documentation,65,177,2026-04-09
COM002307,PRJ00131,STU0041,deployment,97,495,2026-01-04
COM002308,PRJ00631,STU0204,refactor,56,466,2025-08-13
COM002309,PRJ00241,STU0449,bugfix,45,78,2025-12-05
COM002310,PRJ00656,STU0495,deployment,115,117,2025-10-27
COM002311,PRJ00717,STU0102,testing,50,458,2026-03-30
COM002312,PRJ00535,STU0338,testing,46,1,2025-10-08
COM002313,PRJ00295,STU0185,refactor,123,354,2026-04-25
COM002314,PRJ00711,STU0260,bugfix,92,116,2026-04-08
COM002315,PRJ00133,STU0391,bugfix,110,219,2025-11-04
COM002316,PRJ00090,STU0205,testing,91,498,2025-01-14
COM002317,PRJ00036,STU0405,documentation,103,47,2026-02-01
COM002318,PRJ00930,STU0370,feature,143,500,2025-01-04
COM002319,PRJ00471,STU0086,feature,132,96,2025-06-30
COM002320,PRJ00399,STU0205,testing,129,404,2025-07-19
COM002321,PRJ00983,STU0211,feature,131,414,2024-08-12
COM002322,PRJ00163,STU0032,bugfix,99,20,2026-01-13
COM002323,PRJ00102,STU0349,feature,127,64,2025-07-13
COM002324,PRJ00160,STU0445,documentation,27,182,2026-07-25
COM002325,PRJ00661,STU0020,testing,58,458,2026-03-26
COM002326,PRJ00986,STU0295,testing,145,324,2025-04-13
COM002327,PRJ00985,STU0017,bugfix,24,494,2024-10-26
COM002328,PRJ00880,STU0146,documentation,113,473,2025-06-05
COM002329,PRJ00725,STU0091,refactor,138,441,2026-07-11
COM002330,PRJ00265,STU0003,documentation,124,103,2026-01-13
COM002331,PRJ00333,STU0125,documentation,69,68,2025-12-18
COM002332,PRJ00149,STU0266,bugfix,57,354,2025-12-15
COM002333,PRJ00157,STU0094,bugfix,43,471,2026-05-14
COM002334,PRJ00730,STU0218,testing,6,325,2025-09-03
COM002335,PRJ00109,STU0320,testing,76,130,2025-09-28
COM002336,PRJ00158,STU0096,refactor,145,344,2026-01-16
COM002337,PRJ00879,STU0257,deployment,146,79,2025-05-15
COM002338,PRJ00735,STU0171,deployment,49,92,2026-05-22
COM002339,PRJ00752,STU0115,refactor,105,30,2025-03-15
COM002340,PRJ00387,STU0255,bugfix,88,109,2026-05-29
COM002341,PRJ00381,STU0301,deployment,14,461,2025-04-05
COM002342,PRJ00399,STU0205,bugfix,124,443,2025-08-06
COM002343,PRJ00818,STU0290,bugfix,19,438,2025-06-19
COM002344,PRJ00664,STU0121,feature,138,29,2024-11-13
COM002345,PRJ00279,STU0500,documentation,127,142,2025-02-03
COM002346,PRJ00108,STU0109,bugfix,3,249,2024-12-05
COM002347,PRJ00686,STU0477,refactor,60,439,2026-03-09
COM002348,PRJ00573,STU0201,refactor,33,335,2025-04-26
COM002349,PRJ00576,STU0012,refactor,40,7,2025-03-22
COM002350,PRJ00910,STU0237,deployment,20,113,2025-04-05
COM002351,PRJ00794,STU0287,documentation,46,206,2025-02-13
COM002352,PRJ00677,STU0125,feature,132,402,2025-06-06
COM002353,PRJ00294,STU0050,deployment,104,118,2025-01-01
COM002354,PRJ00585,STU0263,deployment,123,337,2026-06-25
COM002355,PRJ00375,STU0327,documentation,18,161,2025-09-26
COM002356,PRJ00749,STU0048,refactor,123,24,2026-06-27
COM002357,PRJ00371,STU0412,refactor,66,292,2025-12-10
COM002358,PRJ00075,STU0446,bugfix,19,189,2026-05-07
COM002359,PRJ00089,STU0328,documentation,70,37,2026-04-26
COM002360,PRJ00080,STU0021,testing,89,169,2025-09-28
COM002361,PRJ00439,STU0172,refactor,6,292,2026-08-06
COM002362,PRJ00956,STU0034,deployment,25,296,2025-01-11
COM002363,PRJ00739,STU0376,documentation,56,303,2025-01-02
COM002364,PRJ00329,STU0395,documentation,142,255,2026-03-21
COM002365,PRJ00367,STU0140,bugfix,17,245,2025-12-02
COM002366,PRJ00823,STU0416,feature,37,10,2025-03-01
COM002367,PRJ00260,STU0128,bugfix,113,500,2025-12-25
COM002368,PRJ00163,STU0032,deployment,5,37,2025-03-29
COM002369,PRJ00638,STU0063,deployment,129,50,2025-03-04
COM002370,PRJ00140,STU0329,deployment,24,77,2025-11-16
COM002371,PRJ00315,STU0167,feature,53,293,2026-03-29
COM002372,PRJ00250,STU0209,deployment,112,464,2025-05-09
COM002373,PRJ00970,STU0226,testing,105,237,2024-08-14
COM002374,PRJ00545,STU0034,testing,118,208,2024-08-19
COM002375,PRJ00038,STU0108,testing,135,243,2024-09-25
COM002376,PRJ00221,STU0410,feature,44,219,2025-07-20
COM002377,PRJ00503,STU0097,documentation,61,41,2026-07-04
COM002378,PRJ00818,STU0290,testing,49,68,2025-06-04
COM002379,PRJ00449,STU0431,deployment,101,346,2026-07-19
COM002380,PRJ00783,STU0402,feature,119,492,2026-06-04
COM002381,PRJ00348,STU0218,deployment,149,494,2024-08-17
COM002382,PRJ00544,STU0495,testing,123,333,2024-11-08
COM002383,PRJ00558,STU0227,documentation,92,122,2025-08-28
COM002384,PRJ00861,STU0403,deployment,55,482,2026-03-21
COM002385,PRJ00647,STU0444,deployment,148,461,2025-09-11
COM002386,PRJ00938,STU0260,deployment,81,104,2026-04-19
COM002387,PRJ00119,STU0105,testing,25,323,2024-09-22
COM002388,PRJ00789,STU0041,documentation,86,159,2024-12-31
COM002389,PRJ00193,STU0429,feature,133,345,2024-10-14
COM002390,PRJ00743,STU0419,testing,87,94,2025-02-09
COM002391,PRJ00239,STU0006,feature,39,24,2025-08-12
COM002392,PRJ00163,STU0032,feature,19,181,2025-05-02
COM002393,PRJ00863,STU0102,feature,91,249,2026-02-21
COM002394,PRJ00827,STU0301,documentation,71,145,2025-12-25
COM002395,PRJ00577,STU0380,deployment,118,410,2026-04-04
COM002396,PRJ00944,STU0032,refactor,124,4,2026-07-22
COM002397,PRJ00729,STU0134,feature,2,72,2024-08-21
COM002398,PRJ00431,STU0052,testing,120,203,2026-01-05
COM002399,PRJ00314,STU0274,refactor,141,341,2025-02-19
COM002400,PRJ00781,STU0065,documentation,129,206,2026-06-11
COM002401,PRJ00305,STU0407,testing,116,304,2025-04-26
COM002402,PRJ00461,STU0461,refactor,24,215,2025-01-12
COM002403,PRJ00836,STU0084,bugfix,100,456,2024-10-16
COM002404,PRJ00356,STU0428,documentation,10,132,2026-05-21
COM002405,PRJ00879,STU0257,refactor,10,12,2026-01-08
COM002406,PRJ00417,STU0078,bugfix,92,162,2026-07-22
COM002407,PRJ00716,STU0078,bugfix,122,102,2025-04-11
COM002408,PRJ00039,STU0086,testing,100,500,2026-08-07
COM002409,PRJ00279,STU0500,testing,111,316,2025-07-04
COM002410,PRJ00191,STU0309,documentation,114,41,2025-03-30
COM002411,PRJ00113,STU0390,deployment,146,333,2026-03-01
COM002412,PRJ00367,STU0140,bugfix,147,357,2025-04-09
COM002413,PRJ00390,STU0296,bugfix,84,106,2025-06-15
COM002414,PRJ00051,STU0280,deployment,96,304,2026-02-19
COM002415,PRJ00478,STU0146,deployment,4,92,2025-08-30
COM002416,PRJ00377,STU0025,refactor,30,83,2026-06-10
COM002417,PRJ00542,STU0291,bugfix,120,212,2025-05-08
COM002418,PRJ00691,STU0379,bugfix,111,154,2024-09-01
COM002419,PRJ00241,STU0449,feature,82,315,2026-04-30
COM002420,PRJ00297,STU0045,testing,145,431,2026-06-18
COM002421,PRJ00584,STU0184,refactor,102,179,2026-07-12
COM002422,PRJ00945,STU0245,refactor,107,337,2026-01-31
COM002423,PRJ00446,STU0279,bugfix,78,498,2026-06-02
COM002424,PRJ00339,STU0040,refactor,76,382,2026-07-07
COM002425,PRJ00227,STU0276,refactor,67,403,2026-07-28
COM002426,PRJ00075,STU0446,refactor,33,203,2025-12-15
COM002427,PRJ00584,STU0184,testing,64,386,2025-11-02
COM002428,PRJ00623,STU0199,bugfix,68,142,2025-03-08
COM002429,PRJ00593,STU0408,documentation,74,116,2025-07-16
COM002430,PRJ00589,STU0475,refactor,106,136,2025-11-14
COM002431,PRJ00018,STU0500,testing,145,88,2024-09-24
COM002432,PRJ00150,STU0130,bugfix,14,304,2025-06-21
COM002433,PRJ00337,STU0336,testing,109,66,2025-07-31
COM002434,PRJ00620,STU0401,deployment,124,371,2025-11-30
COM002435,PRJ00958,STU0110,bugfix,149,343,2025-02-02
COM002436,PRJ00838,STU0340,testing,135,299,2025-03-30
COM002437,PRJ00879,STU0257,refactor,27,128,2025-05-31
COM002438,PRJ00162,STU0300,feature,4,458,2025-04-25
COM002439,PRJ00779,STU0338,testing,116,67,2024-12-20
COM002440,PRJ00063,STU0428,deployment,46,59,2025-08-11
COM002441,PRJ00882,STU0307,documentation,13,246,2026-02-25
COM002442,PRJ00335,STU0262,refactor,134,179,2024-10-07
COM002443,PRJ00198,STU0439,refactor,107,190,2026-06-10
COM002444,PRJ00345,STU0200,documentation,35,440,2026-02-28
COM002445,PRJ00797,STU0467,bugfix,11,126,2024-12-31
COM002446,PRJ00011,STU0372,feature,79,143,2026-01-31
COM002447,PRJ00581,STU0062,documentation,79,196,2024-09-17
COM002448,PRJ00952,STU0248,feature,39,371,2024-11-20
COM002449,PRJ00626,STU0224,bugfix,147,28,2026-04-26
COM002450,PRJ00843,STU0003,feature,38,460,2026-03-18
COM002451,PRJ00755,STU0107,refactor,29,70,2025-08-16
COM002452,PRJ00798,STU0140,feature,54,376,2025-10-31
COM002453,PRJ00885,STU0278,documentation,87,440,2024-11-14
COM002454,PRJ00403,STU0169,refactor,137,362,2026-06-09
COM002455,PRJ00610,STU0447,documentation,50,170,2024-08-28
COM002456,PRJ00597,STU0358,refactor,122,494,2025-05-29
COM002457,PRJ00003,STU0029,testing,112,498,2026-04-04
COM002458,PRJ00826,STU0265,feature,148,313,2026-03-02
COM002459,PRJ00224,STU0153,feature,68,362,2026-04-26
COM002460,PRJ00370,STU0335,testing,78,97,2025-11-02
COM002461,PRJ00266,STU0052,deployment,85,204,2025-12-04
COM002462,PRJ00398,STU0437,bugfix,23,38,2024-11-25
COM002463,PRJ00229,STU0309,testing,142,190,2026-06-17
COM002464,PRJ00050,STU0039,bugfix,77,456,2026-07-30
COM002465,PRJ00188,STU0066,bugfix,106,81,2025-08-22
COM002466,PRJ00956,STU0034,deployment,36,18,2024-11-16
COM002467,PRJ00879,STU0257,bugfix,51,159,2025-08-31
COM002468,PRJ00469,STU0140,refactor,48,136,2024-10-29
COM002469,PRJ00417,STU0078,bugfix,29,10,2025-04-13
COM002470,PRJ00309,STU0304,bugfix,117,366,2026-04-27
COM002471,PRJ00594,STU0473,documentation,131,380,2026-04-19
COM002472,PRJ00710,STU0412,deployment,103,401,2025-11-13
COM002473,PRJ00842,STU0047,testing,9,17,2025-06-14
COM002474,PRJ00566,STU0354,deployment,82,364,2025-09-26
COM002475,PRJ00725,STU0091,bugfix,147,441,2026-04-07
COM002476,PRJ00288,STU0219,documentation,14,79,2025-07-25
COM002477,PRJ00908,STU0448,deployment,24,332,2024-11-30
COM002478,PRJ00679,STU0041,documentation,114,456,2025-12-19
COM002479,PRJ00293,STU0130,feature,121,135,2025-05-27
COM002480,PRJ00193,STU0429,feature,79,107,2026-01-11
COM002481,PRJ00862,STU0041,refactor,16,80,2025-05-03
COM002482,PRJ00234,STU0337,testing,95,485,2025-12-10
COM002483,PRJ00049,STU0013,bugfix,43,418,2025-10-06
COM002484,PRJ00573,STU0201,testing,73,217,2024-12-08
COM002485,PRJ00401,STU0274,refactor,48,230,2025-11-30
COM002486,PRJ00770,STU0351,refactor,42,102,2026-01-07
COM002487,PRJ00206,STU0487,bugfix,135,79,2024-10-08
COM002488,PRJ00639,STU0226,bugfix,4,70,2026-04-13
COM002489,PRJ00017,STU0420,bugfix,86,206,2025-03-11
COM002490,PRJ00588,STU0248,feature,57,105,2026-06-23
COM002491,PRJ00899,STU0275,feature,60,12,2025-01-03
COM002492,PRJ00225,STU0154,bugfix,66,210,2026-07-24
COM002493,PRJ00480,STU0417,documentation,19,376,2025-04-30
COM002494,PRJ00709,STU0135,feature,111,402,2025-06-11
COM002495,PRJ00468,STU0250,refactor,4,225,2025-01-04
COM002496,PRJ00877,STU0277,documentation,38,398,2026-06-20
COM002497,PRJ00490,STU0015,testing,90,385,2025-12-05
COM002498,PRJ00834,STU0206,refactor,65,461,2024-11-06
COM002499,PRJ00767,STU0205,feature,46,143,2024-09-23
COM002500,PRJ00658,STU0161,refactor,55,29,2025-12-24
COM002501,PRJ00081,STU0359,bugfix,61,377,2025-12-25
COM002502,PRJ00596,STU0324,testing,68,418,2026-01-19
COM002503,PRJ00500,STU0393,bugfix,62,15,2025-04-02
COM002504,PRJ00222,STU0106,refactor,35,24,2025-11-16
COM002505,PRJ00131,STU0041,testing,77,235,2025-10-11
COM002506,PRJ00070,STU0014,testing,6,47,2024-11-18
COM002507,PRJ00466,STU0434,deployment,43,491,2025-07-14
COM002508,PRJ00168,STU0030,deployment,35,150,2026-02-25
COM002509,PRJ00054,STU0418,refactor,16,225,2026-01-02
COM002510,PRJ00834,STU0206,deployment,107,470,2025-07-28
COM002511,PRJ00852,STU0048,refactor,141,237,2025-06-05
COM002512,PRJ00748,STU0052,feature,123,329,2026-04-18
COM002513,PRJ00652,STU0152,deployment,128,165,2026-05-06
COM002514,PRJ00845,STU0193,refactor,107,55,2025-05-03
COM002515,PRJ00638,STU0063,testing,48,474,2025-10-02
COM002516,PRJ00271,STU0072,feature,100,185,2024-10-03
COM002517,PRJ00656,STU0495,testing,60,275,2024-09-25
COM002518,PRJ00894,STU0193,documentation,41,404,2026-01-12
COM002519,PRJ00694,STU0459,documentation,39,174,2026-05-21
COM002520,PRJ00518,STU0123,feature,48,80,2026-01-05
COM002521,PRJ00325,STU0036,testing,12,411,2025-04-25
COM002522,PRJ00979,STU0446,testing,89,198,2025-11-04
COM002523,PRJ00404,STU0109,testing,74,365,2026-01-24
COM002524,PRJ00261,STU0151,testing,39,485,2025-08-20
COM002525,PRJ00254,STU0351,documentation,65,322,2025-11-05
COM002526,PRJ00193,STU0429,documentation,148,394,2025-07-22
COM002527,PRJ00964,STU0171,feature,49,52,2025-10-26
COM002528,PRJ00134,STU0276,feature,24,25,2026-07-14
COM002529,PRJ00123,STU0125,testing,119,495,2025-10-22
COM002530,PRJ00526,STU0091,feature,62,357,2026-02-20
COM002531,PRJ00355,STU0435,deployment,143,213,2025-01-05
COM002532,PRJ00827,STU0301,deployment,14,343,2026-06-02
COM002533,PRJ00939,STU0276,feature,118,438,2025-04-08
COM002534,PRJ00051,STU0280,documentation,76,356,2025-08-11
COM002535,PRJ00037,STU0408,deployment,59,307,2026-05-10
COM002536,PRJ00155,STU0214,refactor,28,301,2025-08-28
COM002537,PRJ00995,STU0346,testing,66,356,2025-03-09
COM002538,PRJ00364,STU0031,bugfix,83,377,2025-11-15
COM002539,PRJ00908,STU0448,feature,128,53,2026-02-26
COM002540,PRJ00177,STU0259,bugfix,38,464,2025-03-01
COM002541,PRJ00505,STU0079,documentation,67,128,2025-01-13
COM002542,PRJ00226,STU0296,testing,118,94,2025-08-23
COM002543,PRJ00168,STU0030,feature,94,439,2026-03-11
COM002544,PRJ00297,STU0045,bugfix,38,58,2026-06-10
COM002545,PRJ00385,STU0149,bugfix,98,348,2025-02-07
COM002546,PRJ00329,STU0395,deployment,68,303,2024-09-01
COM002547,PRJ00901,STU0205,deployment,99,436,2026-02-11
COM002548,PRJ00982,STU0310,bugfix,51,379,2026-05-14
COM002549,PRJ00754,STU0415,feature,140,419,2026-02-22
COM002550,PRJ00201,STU0145,bugfix,76,151,2025-10-02
COM002551,PRJ00310,STU0363,documentation,6,157,2025-08-20
COM002552,PRJ00515,STU0207,testing,129,261,2026-03-08
COM002553,PRJ00614,STU0172,testing,86,7,2025-09-04
COM002554,PRJ00278,STU0007,documentation,7,412,2024-09-16
COM002555,PRJ00171,STU0317,feature,97,315,2024-10-24
COM002556,PRJ00700,STU0295,documentation,131,351,2025-05-20
COM002557,PRJ00358,STU0376,feature,82,98,2026-07-09
COM002558,PRJ00807,STU0207,deployment,116,255,2025-07-21
COM002559,PRJ00264,STU0316,testing,48,204,2026-05-28
COM002560,PRJ00438,STU0079,deployment,55,82,2025-11-16
COM002561,PRJ00971,STU0083,testing,83,213,2025-06-24
COM002562,PRJ00239,STU0006,refactor,49,232,2025-08-13
COM002563,PRJ00944,STU0032,documentation,123,164,2026-01-07
COM002564,PRJ00814,STU0321,bugfix,42,467,2024-11-01
COM002565,PRJ00368,STU0317,testing,41,9,2026-07-13
COM002566,PRJ00429,STU0045,feature,104,179,2025-04-21
COM002567,PRJ00556,STU0291,feature,38,415,2026-05-24
COM002568,PRJ00620,STU0401,bugfix,9,335,2024-08-22
COM002569,PRJ00378,STU0385,testing,42,78,2024-11-01
COM002570,PRJ00607,STU0401,refactor,31,37,2024-10-06
COM002571,PRJ00331,STU0044,documentation,57,22,2025-04-26
COM002572,PRJ00156,STU0091,testing,83,162,2025-05-31
COM002573,PRJ00776,STU0035,deployment,150,206,2026-07-11
COM002574,PRJ00239,STU0006,documentation,64,238,2025-06-01
COM002575,PRJ00685,STU0086,deployment,41,331,2026-04-30
COM002576,PRJ00419,STU0002,bugfix,77,341,2024-10-06
COM002577,PRJ00783,STU0402,bugfix,12,221,2026-06-20
COM002578,PRJ00387,STU0255,feature,87,340,2025-02-13
COM002579,PRJ00266,STU0052,testing,133,14,2024-09-09
COM002580,PRJ00662,STU0368,deployment,143,174,2026-06-20
COM002581,PRJ00100,STU0476,bugfix,54,371,2026-02-06
COM002582,PRJ00110,STU0155,bugfix,139,390,2025-11-28
COM002583,PRJ00872,STU0471,feature,13,140,2025-10-30
COM002584,PRJ00588,STU0248,testing,59,361,2024-09-11
COM002585,PRJ00877,STU0277,bugfix,18,420,2026-07-17
COM002586,PRJ00658,STU0161,feature,47,436,2026-08-11
COM002587,PRJ00156,STU0091,feature,46,401,2026-03-11
COM002588,PRJ00079,STU0467,refactor,77,262,2025-08-12
COM002589,PRJ00679,STU0041,feature,97,276,2025-01-15
COM002590,PRJ00158,STU0096,documentation,141,214,2024-12-23
COM002591,PRJ00549,STU0489,documentation,104,153,2025-08-14
COM002592,PRJ00916,STU0394,feature,28,391,2026-01-04
COM002593,PRJ00597,STU0358,feature,137,168,2024-11-01
COM002594,PRJ00269,STU0192,testing,139,30,2026-02-12
COM002595,PRJ00399,STU0205,refactor,80,385,2025-03-04
COM002596,PRJ00137,STU0080,deployment,2,22,2025-09-03
COM002597,PRJ00814,STU0321,documentation,47,292,2025-04-21
COM002598,PRJ00951,STU0308,testing,129,227,2024-12-25
COM002599,PRJ00654,STU0292,testing,124,126,2025-06-04
COM002600,PRJ00852,STU0048,refactor,135,168,2024-08-15
COM002601,PRJ00795,STU0478,deployment,101,327,2026-03-27
COM002602,PRJ00412,STU0459,refactor,104,384,2024-10-08
COM002603,PRJ00319,STU0325,deployment,32,306,2026-06-02
COM002604,PRJ00446,STU0279,deployment,35,112,2025-10-30
COM002605,PRJ00304,STU0357,deployment,48,58,2026-07-13
COM002606,PRJ00626,STU0224,bugfix,113,415,2026-05-21
COM002607,PRJ00149,STU0266,bugfix,21,99,2025-07-03
COM002608,PRJ00188,STU0066,feature,80,354,2025-08-06
COM002609,PRJ00066,STU0291,feature,74,84,2025-11-24
COM002610,PRJ00627,STU0302,refactor,138,112,2026-01-17
COM002611,PRJ00815,STU0192,feature,74,376,2026-02-18
COM002612,PRJ00498,STU0271,testing,147,396,2025-03-02
COM002613,PRJ00883,STU0010,deployment,30,47,2025-01-31
COM002614,PRJ00483,STU0011,testing,116,79,2025-12-03
COM002615,PRJ00846,STU0066,documentation,73,295,2025-06-06
COM002616,PRJ00708,STU0362,testing,26,334,2025-05-16
COM002617,PRJ00165,STU0493,testing,52,57,2025-02-15
COM002618,PRJ00754,STU0415,testing,7,30,2026-06-16
COM002619,PRJ00225,STU0154,documentation,110,210,2026-04-12
COM002620,PRJ00022,STU0328,deployment,45,362,2025-03-24
COM002621,PRJ00003,STU0029,feature,3,179,2026-04-15
COM002622,PRJ00959,STU0053,bugfix,43,277,2025-06-09
COM002623,PRJ00345,STU0200,bugfix,141,203,2024-08-13
COM002624,PRJ00194,STU0146,feature,2,165,2025-04-01
COM002625,PRJ00647,STU0444,feature,85,415,2025-11-10
COM002626,PRJ00184,STU0478,refactor,64,454,2024-11-08
COM002627,PRJ00543,STU0256,bugfix,142,364,2026-06-07
COM002628,PRJ00002,STU0194,refactor,143,353,2025-09-15
COM002629,PRJ00166,STU0310,documentation,45,338,2025-01-28
COM002630,PRJ00798,STU0140,testing,17,31,2025-06-17
COM002631,PRJ00462,STU0043,documentation,138,358,2025-10-17
COM002632,PRJ00443,STU0411,bugfix,119,388,2025-12-05
COM002633,PRJ00447,STU0376,bugfix,60,91,2025-09-05
COM002634,PRJ00865,STU0026,testing,54,452,2026-04-02
COM002635,PRJ00894,STU0193,testing,100,345,2026-07-31
COM002636,PRJ00809,STU0023,bugfix,56,418,2025-06-10
COM002637,PRJ00496,STU0299,documentation,23,259,2025-10-05
COM002638,PRJ00345,STU0200,deployment,31,453,2026-06-24
COM002639,PRJ00647,STU0444,testing,105,91,2025-01-05
COM002640,PRJ00408,STU0445,documentation,28,127,2024-10-16
COM002641,PRJ00445,STU0224,testing,80,495,2026-04-24
COM002642,PRJ00796,STU0270,feature,2,499,2024-12-09
COM002643,PRJ00077,STU0351,bugfix,41,340,2024-09-29
COM002644,PRJ00518,STU0123,bugfix,53,461,2025-04-15
COM002645,PRJ00232,STU0484,deployment,41,51,2026-01-04
COM002646,PRJ00690,STU0460,testing,132,375,2026-07-23
COM002647,PRJ00995,STU0346,bugfix,91,460,2026-06-13
COM002648,PRJ00192,STU0276,documentation,18,271,2026-07-18
COM002649,PRJ00489,STU0233,refactor,7,208,2026-01-01
COM002650,PRJ00976,STU0448,documentation,128,198,2024-11-14
COM002651,PRJ00098,STU0357,deployment,13,217,2026-08-12
COM002652,PRJ00774,STU0360,deployment,96,423,2026-01-09
COM002653,PRJ00596,STU0324,bugfix,3,326,2024-11-05
COM002654,PRJ00921,STU0252,testing,135,52,2025-09-12
COM002655,PRJ00877,STU0277,deployment,70,127,2026-07-19
COM002656,PRJ00789,STU0041,feature,34,240,2026-04-30
COM002657,PRJ00622,STU0350,documentation,106,60,2024-09-04
COM002658,PRJ00472,STU0210,testing,30,181,2026-06-18
COM002659,PRJ00994,STU0166,testing,109,297,2026-04-20
COM002660,PRJ00874,STU0372,testing,65,278,2024-08-17
COM002661,PRJ00710,STU0412,refactor,91,339,2025-04-11
COM002662,PRJ00510,STU0244,bugfix,6,367,2026-05-03
COM002663,PRJ00842,STU0047,deployment,40,360,2025-12-08
COM002664,PRJ00401,STU0274,documentation,96,357,2024-11-21
COM002665,PRJ00977,STU0225,documentation,138,197,2025-05-17
COM002666,PRJ00783,STU0402,bugfix,92,295,2026-02-22
COM002667,PRJ00850,STU0422,feature,37,166,2025-11-22
COM002668,PRJ00459,STU0131,bugfix,80,316,2026-08-09
COM002669,PRJ00520,STU0113,testing,146,457,2025-10-28
COM002670,PRJ00976,STU0448,bugfix,89,167,2026-06-28
COM002671,PRJ00229,STU0309,testing,71,344,2025-10-22
COM002672,PRJ00446,STU0279,deployment,4,392,2024-09-19
COM002673,PRJ00456,STU0466,deployment,78,454,2025-05-02
COM002674,PRJ00140,STU0329,testing,7,228,2026-08-02
COM002675,PRJ00275,STU0282,deployment,123,74,2025-01-29
COM002676,PRJ00784,STU0074,testing,107,217,2026-04-14
COM002677,PRJ00605,STU0183,refactor,18,392,2025-10-12
COM002678,PRJ00449,STU0431,testing,103,249,2025-10-06
COM002679,PRJ00023,STU0123,testing,2,284,2026-02-13
COM002680,PRJ00801,STU0243,testing,119,158,2025-08-21
COM002681,PRJ00703,STU0386,deployment,129,131,2025-05-23
COM002682,PRJ00573,STU0201,refactor,148,146,2026-04-04
COM002683,PRJ00416,STU0040,refactor,21,489,2025-03-04
COM002684,PRJ00522,STU0376,bugfix,131,434,2025-12-10
COM002685,PRJ00310,STU0363,feature,107,237,2026-04-11
COM002686,PRJ00249,STU0488,refactor,119,266,2025-06-06
COM002687,PRJ00967,STU0010,deployment,89,106,2025-03-10
COM002688,PRJ00409,STU0091,deployment,150,275,2025-05-13
COM002689,PRJ00828,STU0302,testing,29,195,2024-12-07
COM002690,PRJ00300,STU0274,testing,138,15,2026-04-06
COM002691,PRJ00272,STU0102,refactor,82,6,2026-06-20
COM002692,PRJ00812,STU0045,testing,44,340,2025-02-20
COM002693,PRJ00656,STU0495,testing,102,449,2024-09-14
COM002694,PRJ00011,STU0372,refactor,45,61,2025-01-04
COM002695,PRJ00856,STU0352,feature,43,205,2024-10-18
COM002696,PRJ00143,STU0353,documentation,12,204,2026-05-27
COM002697,PRJ00410,STU0042,refactor,143,309,2025-05-29
COM002698,PRJ00924,STU0148,feature,6,431,2024-12-04
COM002699,PRJ00558,STU0227,bugfix,71,274,2025-07-15
COM002700,PRJ00854,STU0491,refactor,93,267,2026-02-10
COM002701,PRJ00107,STU0089,bugfix,2,285,2025-01-18
COM002702,PRJ00899,STU0275,testing,148,285,2024-12-21
COM002703,PRJ00195,STU0353,deployment,12,169,2026-06-05
COM002704,PRJ00495,STU0314,refactor,140,283,2025-06-03
COM002705,PRJ00243,STU0051,testing,123,135,2026-07-23
COM002706,PRJ00854,STU0491,deployment,29,284,2025-03-15
COM002707,PRJ00356,STU0428,documentation,62,8,2024-10-14
COM002708,PRJ00153,STU0108,documentation,96,469,2026-06-06
COM002709,PRJ00014,STU0398,feature,2,109,2026-07-02
COM002710,PRJ00048,STU0210,deployment,90,369,2025-09-09
COM002711,PRJ00400,STU0343,deployment,105,53,2025-04-26
COM002712,PRJ00607,STU0401,testing,93,331,2025-04-07
COM002713,PRJ00209,STU0018,feature,93,199,2026-04-07
COM002714,PRJ00300,STU0274,feature,144,134,2025-03-25
COM002715,PRJ00786,STU0341,testing,51,423,2024-11-02
COM002716,PRJ00449,STU0431,testing,77,222,2024-11-23
COM002717,PRJ00460,STU0275,testing,15,258,2025-10-03
COM002718,PRJ00780,STU0111,documentation,6,335,2025-10-16
COM002719,PRJ00122,STU0417,testing,122,83,2025-07-27
COM002720,PRJ00425,STU0181,deployment,10,16,2024-08-14
COM002721,PRJ00116,STU0389,deployment,54,219,2025-01-12
COM002722,PRJ00382,STU0149,deployment,33,25,2024-12-25
COM002723,PRJ00237,STU0281,refactor,77,156,2026-01-01
COM002724,PRJ00973,STU0301,refactor,35,308,2025-12-09
COM002725,PRJ00610,STU0447,feature,102,248,2026-03-18
COM002726,PRJ00281,STU0079,deployment,89,489,2026-03-17
COM002727,PRJ00433,STU0283,testing,104,420,2024-12-26
COM002728,PRJ00939,STU0276,refactor,44,155,2025-12-10
COM002729,PRJ00963,STU0242,feature,98,73,2025-09-25
COM002730,PRJ00807,STU0207,bugfix,31,166,2024-11-23
COM002731,PRJ00933,STU0090,refactor,113,447,2024-10-25
COM002732,PRJ00490,STU0015,bugfix,82,478,2025-10-15
COM002733,PRJ00436,STU0451,bugfix,49,481,2026-06-27
COM002734,PRJ00876,STU0407,bugfix,33,312,2026-03-11
COM002735,PRJ00009,STU0305,refactor,62,111,2025-05-10
COM002736,PRJ00955,STU0164,deployment,77,226,2025-09-05
COM002737,PRJ00813,STU0094,feature,68,256,2024-11-05
COM002738,PRJ00315,STU0167,documentation,101,156,2025-01-25
COM002739,PRJ00555,STU0284,refactor,85,191,2025-02-07
COM002740,PRJ00612,STU0280,bugfix,113,168,2025-11-27
COM002741,PRJ00175,STU0338,feature,61,274,2026-05-01
COM002742,PRJ00231,STU0134,refactor,3,251,2026-07-11
COM002743,PRJ00851,STU0256,feature,37,148,2026-05-28
COM002744,PRJ00342,STU0352,deployment,91,112,2025-06-25
COM002745,PRJ00105,STU0098,bugfix,16,2,2025-07-29
COM002746,PRJ00759,STU0290,bugfix,102,66,2025-06-20
COM002747,PRJ00675,STU0409,bugfix,25,477,2026-03-14
COM002748,PRJ00890,STU0043,feature,122,122,2026-03-10
COM002749,PRJ00946,STU0405,deployment,38,325,2026-01-05
COM002750,PRJ00994,STU0166,documentation,128,81,2026-07-29
COM002751,PRJ00436,STU0451,refactor,139,329,2026-03-24
COM002752,PRJ00559,STU0182,deployment,65,317,2024-08-28
COM002753,PRJ00355,STU0435,testing,84,365,2025-01-28
COM002754,PRJ00692,STU0231,refactor,143,167,2024-08-25
COM002755,PRJ00176,STU0100,bugfix,80,88,2026-03-24
COM002756,PRJ00698,STU0164,refactor,37,365,2026-08-10
COM002757,PRJ00880,STU0146,refactor,27,208,2024-09-12
COM002758,PRJ00119,STU0105,testing,85,251,2026-06-25
COM002759,PRJ00378,STU0385,testing,23,230,2024-10-14
COM002760,PRJ00069,STU0054,feature,88,470,2026-06-23
COM002761,PRJ00054,STU0418,testing,14,186,2026-06-21
COM002762,PRJ00316,STU0151,testing,25,133,2024-08-16
COM002763,PRJ00459,STU0131,documentation,80,138,2024-10-10
COM002764,PRJ00483,STU0011,bugfix,95,327,2025-07-15
COM002765,PRJ00220,STU0442,refactor,38,153,2026-07-30
COM002766,PRJ00449,STU0431,testing,77,58,2026-03-02
COM002767,PRJ00854,STU0491,documentation,32,183,2024-08-17
COM002768,PRJ00595,STU0434,refactor,148,236,2026-04-04
COM002769,PRJ00205,STU0334,refactor,76,434,2026-05-30
COM002770,PRJ00923,STU0141,testing,54,19,2024-10-10
COM002771,PRJ00342,STU0352,bugfix,127,262,2025-01-23
COM002772,PRJ00548,STU0071,feature,58,100,2025-12-27
COM002773,PRJ00128,STU0219,testing,57,216,2026-04-12
COM002774,PRJ00086,STU0391,feature,53,123,2025-12-28
COM002775,PRJ00846,STU0066,deployment,135,471,2026-02-06
COM002776,PRJ00616,STU0038,bugfix,111,480,2026-02-07
COM002777,PRJ00039,STU0086,testing,123,260,2025-03-29
COM002778,PRJ00548,STU0071,bugfix,144,35,2026-03-25
COM002779,PRJ00362,STU0381,bugfix,124,279,2025-11-26
COM002780,PRJ00487,STU0386,bugfix,4,147,2025-06-05
COM002781,PRJ00848,STU0178,testing,113,95,2025-12-24
COM002782,PRJ00324,STU0159,deployment,18,161,2025-05-04
COM002783,PRJ00186,STU0115,feature,115,355,2025-11-09
COM002784,PRJ00314,STU0274,documentation,85,426,2025-10-16
COM002785,PRJ00677,STU0125,bugfix,85,374,2025-09-26
COM002786,PRJ00232,STU0484,documentation,133,26,2025-03-22
COM002787,PRJ00104,STU0056,testing,146,443,2024-10-15
COM002788,PRJ00110,STU0155,refactor,110,352,2025-03-27
COM002789,PRJ00490,STU0015,bugfix,76,143,2024-12-30
COM002790,PRJ00891,STU0232,documentation,129,45,2025-10-25
COM002791,PRJ00753,STU0190,documentation,115,381,2026-02-07
COM002792,PRJ00388,STU0445,bugfix,103,302,2025-09-12
COM002793,PRJ00955,STU0164,feature,81,115,2025-11-15
COM002794,PRJ00215,STU0197,documentation,36,301,2025-03-05
COM002795,PRJ00620,STU0401,testing,67,455,2024-11-18
COM002796,PRJ00386,STU0107,deployment,112,135,2025-05-11
COM002797,PRJ00995,STU0346,refactor,15,313,2026-07-05
COM002798,PRJ00602,STU0458,testing,9,354,2024-08-23
COM002799,PRJ00038,STU0108,feature,14,273,2026-03-03
COM002800,PRJ00610,STU0447,testing,89,246,2025-04-22
COM002801,PRJ00234,STU0337,testing,6,273,2026-07-18
COM002802,PRJ00928,STU0440,bugfix,89,84,2025-09-02
COM002803,PRJ00098,STU0357,deployment,23,277,2025-10-29
COM002804,PRJ00609,STU0473,documentation,135,149,2025-06-19
COM002805,PRJ00927,STU0413,refactor,45,334,2025-03-21
COM002806,PRJ00302,STU0230,documentation,72,377,2025-11-21
COM002807,PRJ00961,STU0437,testing,134,153,2026-01-20
COM002808,PRJ00635,STU0358,deployment,119,299,2025-07-29
COM002809,PRJ00380,STU0209,documentation,45,288,2025-05-31
COM002810,PRJ00933,STU0090,refactor,127,169,2026-01-09
COM002811,PRJ00651,STU0410,deployment,148,179,2026-03-17
COM002812,PRJ00773,STU0092,testing,34,485,2026-04-16
COM002813,PRJ00531,STU0180,deployment,30,432,2025-12-08
COM002814,PRJ00607,STU0401,feature,47,74,2024-09-20
COM002815,PRJ00074,STU0245,documentation,120,375,2026-02-25
COM002816,PRJ00552,STU0205,testing,20,420,2024-09-17
COM002817,PRJ00141,STU0198,refactor,137,277,2025-07-20
COM002818,PRJ00193,STU0429,deployment,117,461,2026-03-20
COM002819,PRJ00084,STU0358,documentation,5,475,2025-09-26
COM002820,PRJ00337,STU0336,testing,137,154,2025-07-04
COM002821,PRJ00938,STU0260,refactor,86,416,2025-03-22
COM002822,PRJ00102,STU0349,refactor,54,218,2026-03-08
COM002823,PRJ00509,STU0009,bugfix,135,201,2025-03-10
COM002824,PRJ00536,STU0296,feature,23,94,2025-05-27
COM002825,PRJ00744,STU0259,bugfix,9,108,2026-03-14
COM002826,PRJ00541,STU0267,testing,89,386,2025-03-03
COM002827,PRJ00445,STU0224,testing,31,397,2025-05-28
COM002828,PRJ00084,STU0358,testing,64,313,2025-08-16
COM002829,PRJ00504,STU0390,testing,22,141,2025-12-12
COM002830,PRJ00968,STU0427,refactor,149,6,2025-08-25
COM002831,PRJ00909,STU0068,feature,148,323,2026-03-17
COM002832,PRJ00867,STU0151,bugfix,28,228,2025-09-03
COM002833,PRJ00480,STU0417,testing,14,190,2026-07-05
COM002834,PRJ00324,STU0159,bugfix,145,442,2025-10-03
COM002835,PRJ00436,STU0451,documentation,55,114,2026-07-07
COM002836,PRJ00843,STU0003,refactor,24,322,2025-08-31
COM002837,PRJ00849,STU0394,deployment,82,382,2025-02-05
COM002838,PRJ00517,STU0113,testing,7,387,2025-07-08
COM002839,PRJ00740,STU0053,documentation,5,394,2025-04-09
COM002840,PRJ00857,STU0164,deployment,83,100,2025-04-07
COM002841,PRJ00130,STU0156,deployment,103,11,2025-12-28
COM002842,PRJ00765,STU0020,deployment,33,63,2025-06-27
COM002843,PRJ00590,STU0490,bugfix,22,6,2024-08-18
COM002844,PRJ00255,STU0098,testing,34,437,2024-10-08
COM002845,PRJ00588,STU0248,documentation,80,69,2025-03-27
COM002846,PRJ00662,STU0368,refactor,91,63,2025-02-20
COM002847,PRJ00250,STU0209,deployment,111,22,2025-01-10
COM002848,PRJ00588,STU0248,feature,137,168,2024-11-22
COM002849,PRJ00847,STU0420,testing,27,439,2024-12-29
COM002850,PRJ00515,STU0207,deployment,33,22,2024-12-22
COM002851,PRJ00291,STU0094,refactor,17,451,2026-03-10
COM002852,PRJ00139,STU0482,refactor,56,366,2024-12-23
COM002853,PRJ00473,STU0093,bugfix,104,36,2026-04-23
COM002854,PRJ00928,STU0440,refactor,137,255,2025-11-07
COM002855,PRJ00211,STU0443,documentation,104,72,2026-04-10
COM002856,PRJ00937,STU0104,documentation,22,112,2026-03-05
COM002857,PRJ00707,STU0065,refactor,132,369,2026-07-28
COM002858,PRJ00614,STU0172,documentation,147,126,2026-03-12
COM002859,PRJ00215,STU0197,refactor,63,409,2026-04-28
COM002860,PRJ00634,STU0445,feature,3,321,2024-09-19
COM002861,PRJ00342,STU0352,testing,84,500,2024-09-09
COM002862,PRJ00895,STU0050,documentation,25,188,2025-12-30
COM002863,PRJ00649,STU0294,refactor,117,341,2026-04-03
COM002864,PRJ00253,STU0493,feature,87,441,2025-12-19
COM002865,PRJ00396,STU0212,documentation,63,300,2024-08-22
COM002866,PRJ00500,STU0393,testing,49,183,2025-09-21
COM002867,PRJ00356,STU0428,feature,27,195,2025-11-01
COM002868,PRJ00298,STU0022,bugfix,102,490,2026-06-29
COM002869,PRJ00696,STU0253,testing,12,338,2026-04-29
COM002870,PRJ00138,STU0374,testing,63,242,2024-10-07
COM002871,PRJ00498,STU0271,bugfix,118,15,2025-04-25
COM002872,PRJ00876,STU0407,bugfix,141,305,2025-09-18
COM002873,PRJ00432,STU0342,deployment,98,210,2025-11-15
COM002874,PRJ00005,STU0050,refactor,65,152,2026-05-30
COM002875,PRJ00182,STU0369,testing,23,194,2026-04-15
COM002876,PRJ00827,STU0301,refactor,67,36,2026-04-27
COM002877,PRJ00837,STU0483,deployment,107,40,2024-11-07
COM002878,PRJ00036,STU0405,feature,120,491,2026-06-11
COM002879,PRJ00972,STU0200,refactor,54,172,2025-02-05
COM002880,PRJ00549,STU0489,deployment,78,210,2024-10-06
COM002881,PRJ00849,STU0394,refactor,12,500,2026-07-21
COM002882,PRJ00383,STU0048,feature,11,97,2025-01-09
COM002883,PRJ00686,STU0477,testing,141,1,2026-03-05
COM002884,PRJ00139,STU0482,documentation,56,5,2025-01-05
COM002885,PRJ00271,STU0072,bugfix,126,215,2026-08-10
COM002886,PRJ00214,STU0294,documentation,36,479,2024-12-31
COM002887,PRJ00878,STU0243,testing,28,135,2025-10-28
COM002888,PRJ00649,STU0294,refactor,71,233,2025-04-08
COM002889,PRJ00119,STU0105,testing,150,118,2025-11-04
COM002890,PRJ00607,STU0401,refactor,56,475,2025-06-25
COM002891,PRJ00023,STU0123,testing,107,295,2026-06-13
COM002892,PRJ00817,STU0195,feature,109,254,2025-05-15
COM002893,PRJ00412,STU0459,refactor,2,292,2025-05-13
COM002894,PRJ00178,STU0427,bugfix,131,275,2026-03-11
COM002895,PRJ00782,STU0310,refactor,132,233,2026-04-05
COM002896,PRJ00784,STU0074,refactor,83,387,2024-10-22
COM002897,PRJ00984,STU0031,refactor,30,439,2025-08-18
COM002898,PRJ00724,STU0497,bugfix,86,276,2025-01-20
COM002899,PRJ00767,STU0205,documentation,36,434,2026-03-06
COM002900,PRJ00503,STU0097,feature,118,137,2024-11-18
COM002901,PRJ00910,STU0237,bugfix,7,329,2026-04-13
COM002902,PRJ00992,STU0379,documentation,143,492,2024-12-03
COM002903,PRJ00574,STU0095,feature,29,388,2026-05-31
COM002904,PRJ00393,STU0250,refactor,10,104,2025-12-14
COM002905,PRJ00313,STU0475,bugfix,130,390,2024-12-16
COM002906,PRJ00536,STU0296,feature,131,253,2026-07-07
COM002907,PRJ00211,STU0443,testing,122,227,2025-07-07
COM002908,PRJ00668,STU0460,deployment,93,493,2026-07-04
COM002909,PRJ00525,STU0073,bugfix,61,110,2025-05-27
COM002910,PRJ00415,STU0293,refactor,123,231,2026-05-05
COM002911,PRJ00015,STU0176,refactor,26,120,2024-09-01
COM002912,PRJ00735,STU0171,feature,5,319,2026-05-14
COM002913,PRJ00936,STU0236,feature,91,99,2026-04-07
COM002914,PRJ00525,STU0073,deployment,109,497,2025-10-26
COM002915,PRJ00024,STU0095,bugfix,141,66,2025-07-09
COM002916,PRJ00406,STU0110,bugfix,91,136,2026-08-05
COM002917,PRJ00807,STU0207,bugfix,12,474,2026-05-18
COM002918,PRJ00269,STU0192,feature,45,442,2025-12-23
COM002919,PRJ00891,STU0232,bugfix,23,313,2025-05-26
COM002920,PRJ00036,STU0405,deployment,93,231,2026-04-26
COM002921,PRJ00473,STU0093,bugfix,3,138,2024-10-25
COM002922,PRJ00777,STU0141,refactor,18,11,2025-02-02
COM002923,PRJ00058,STU0371,deployment,128,354,2026-02-11
COM002924,PRJ00606,STU0321,deployment,71,52,2025-08-04
COM002925,PRJ00579,STU0141,bugfix,42,139,2026-08-01
COM002926,PRJ00381,STU0301,bugfix,143,330,2026-04-12
COM002927,PRJ00078,STU0229,feature,125,366,2025-12-25
COM002928,PRJ00631,STU0204,refactor,27,489,2026-01-25
COM002929,PRJ00650,STU0382,bugfix,38,385,2026-04-17
COM002930,PRJ00284,STU0097,testing,121,15,2026-06-24
COM002931,PRJ00602,STU0458,deployment,144,244,2024-09-05
COM002932,PRJ00155,STU0214,deployment,101,131,2026-03-02
COM002933,PRJ00887,STU0438,testing,106,105,2026-07-28
COM002934,PRJ00188,STU0066,bugfix,97,41,2025-08-27
COM002935,PRJ00508,STU0053,refactor,38,95,2025-09-11
COM002936,PRJ00297,STU0045,feature,69,427,2026-07-12
COM002937,PRJ00912,STU0237,deployment,56,89,2025-03-29
COM002938,PRJ00430,STU0478,feature,29,274,2025-08-24
COM002939,PRJ00849,STU0394,testing,15,19,2025-07-12
COM002940,PRJ00198,STU0439,refactor,99,270,2026-07-11
COM002941,PRJ00442,STU0265,feature,99,111,2025-10-27
COM002942,PRJ00052,STU0061,documentation,5,77,2026-03-26
COM002943,PRJ00560,STU0015,documentation,116,356,2025-03-03
COM002944,PRJ00669,STU0016,bugfix,16,479,2026-08-04
COM002945,PRJ00953,STU0128,bugfix,10,17,2025-05-09
COM002946,PRJ00609,STU0473,refactor,62,201,2025-10-25
COM002947,PRJ00915,STU0247,documentation,36,36,2026-05-22
COM002948,PRJ00585,STU0263,refactor,52,210,2025-10-01
COM002949,PRJ00982,STU0310,testing,9,6,2024-10-04
COM002950,PRJ00348,STU0218,documentation,123,310,2024-12-18
COM002951,PRJ00321,STU0374,feature,17,50,2025-09-21
COM002952,PRJ00507,STU0143,bugfix,36,171,2026-06-01
COM002953,PRJ00979,STU0446,testing,5,14,2026-02-27
COM002954,PRJ00818,STU0290,documentation,57,316,2024-10-21
COM002955,PRJ00473,STU0093,feature,50,386,2025-07-16
COM002956,PRJ00798,STU0140,feature,117,88,2026-05-12
COM002957,PRJ00165,STU0493,feature,29,105,2025-09-25
COM002958,PRJ00554,STU0350,documentation,146,22,2025-08-09
COM002959,PRJ00762,STU0248,testing,122,453,2024-12-13
COM002960,PRJ00078,STU0229,deployment,101,254,2026-08-01
COM002961,PRJ00146,STU0234,bugfix,32,13,2026-03-27
COM002962,PRJ00824,STU0496,refactor,82,446,2025-04-10
COM002963,PRJ00945,STU0245,deployment,73,381,2025-04-28
COM002964,PRJ00418,STU0059,feature,128,57,2026-07-06
COM002965,PRJ00584,STU0184,bugfix,142,414,2026-03-18
COM002966,PRJ00988,STU0434,feature,123,428,2024-11-07
COM002967,PRJ00007,STU0451,documentation,67,157,2025-10-24
COM002968,PRJ00251,STU0374,documentation,15,75,2024-08-20
COM002969,PRJ00845,STU0193,bugfix,79,151,2026-05-07
COM002970,PRJ00878,STU0243,bugfix,49,185,2025-10-09
COM002971,PRJ00148,STU0330,feature,103,8,2025-08-15
COM002972,PRJ00148,STU0330,refactor,48,110,2024-09-23
COM002973,PRJ00934,STU0116,testing,71,387,2025-11-28
COM002974,PRJ00085,STU0276,bugfix,6,299,2025-04-16
COM002975,PRJ00279,STU0500,refactor,116,409,2024-09-03
COM002976,PRJ00863,STU0102,documentation,48,193,2024-11-19
COM002977,PRJ00632,STU0481,feature,55,346,2026-07-19
COM002978,PRJ00188,STU0066,documentation,92,162,2024-10-28
COM002979,PRJ00097,STU0092,bugfix,35,241,2026-06-18
COM002980,PRJ00419,STU0002,feature,121,309,2024-12-25
COM002981,PRJ00838,STU0340,refactor,144,13,2025-04-09
COM002982,PRJ00994,STU0166,deployment,36,139,2024-11-11
COM002983,PRJ00971,STU0083,refactor,93,300,2026-05-14
COM002984,PRJ00554,STU0350,refactor,30,196,2026-03-14
COM002985,PRJ00038,STU0108,bugfix,29,55,2024-11-30
COM002986,PRJ00589,STU0475,deployment,30,164,2026-02-04
COM002987,PRJ00979,STU0446,testing,150,473,2026-02-18
COM002988,PRJ00862,STU0041,feature,45,413,2025-12-23
COM002989,PRJ00441,STU0066,testing,105,388,2025-05-05
COM002990,PRJ00720,STU0195,refactor,139,454,2025-03-05
COM002991,PRJ00424,STU0256,refactor,124,285,2025-12-03
COM002992,PRJ00439,STU0172,testing,109,65,2025-03-07
COM002993,PRJ00220,STU0442,documentation,99,31,2026-07-01
COM002994,PRJ00930,STU0370,feature,130,270,2025-11-07
COM002995,PRJ00276,STU0372,refactor,118,133,2026-01-03
COM002996,PRJ00025,STU0184,testing,61,225,2025-11-20
COM002997,PRJ00841,STU0158,deployment,144,500,2026-03-22
COM002998,PRJ00091,STU0129,testing,30,293,2026-03-28
COM002999,PRJ00034,STU0194,documentation,76,318,2025-04-17
COM003000,PRJ00867,STU0151,testing,35,44,2025-02-14
COM003001,PRJ00448,STU0335,refactor,13,26,2026-01-09
COM003002,PRJ00414,STU0353,testing,137,478,2024-09-26
COM003003,PRJ00844,STU0282,bugfix,102,312,2025-01-17
COM003004,PRJ00986,STU0295,deployment,34,427,2025-01-13
COM003005,PRJ00203,STU0084,refactor,60,143,2024-11-28
COM003006,PRJ00554,STU0350,refactor,132,224,2026-02-01
COM003007,PRJ00277,STU0406,documentation,12,259,2025-11-05
COM003008,PRJ00162,STU0300,feature,59,294,2026-01-16
COM003009,PRJ00989,STU0098,testing,107,164,2025-11-10
COM003010,PRJ00281,STU0079,documentation,49,76,2026-01-03
COM003011,PRJ00732,STU0210,feature,45,34,2026-05-10
COM003012,PRJ00171,STU0317,bugfix,127,352,2025-11-20
COM003013,PRJ00962,STU0335,deployment,39,444,2025-09-17
COM003014,PRJ00015,STU0176,refactor,86,1,2025-10-22
COM003015,PRJ00900,STU0388,bugfix,57,2,2024-11-28
COM003016,PRJ00063,STU0428,feature,6,281,2025-01-06
COM003017,PRJ00532,STU0235,documentation,65,407,2025-10-10
COM003018,PRJ00299,STU0039,deployment,105,233,2024-10-07
COM003019,PRJ00246,STU0291,testing,30,314,2025-11-22
COM003020,PRJ00005,STU0050,feature,134,267,2025-02-11
COM003021,PRJ00586,STU0369,testing,25,63,2025-12-16
COM003022,PRJ00259,STU0195,feature,105,409,2025-09-28
COM003023,PRJ00003,STU0029,feature,150,489,2025-06-20
COM003024,PRJ00877,STU0277,feature,100,291,2024-09-11
COM003025,PRJ00772,STU0269,deployment,40,421,2025-11-08
COM003026,PRJ00241,STU0449,bugfix,128,104,2024-12-05
COM003027,PRJ00957,STU0176,documentation,150,345,2025-09-20
COM003028,PRJ00545,STU0034,testing,119,379,2026-01-05
COM003029,PRJ00734,STU0011,testing,13,199,2025-05-13
COM003030,PRJ00010,STU0327,testing,88,154,2026-07-05
COM003031,PRJ00557,STU0401,feature,142,218,2026-07-23
COM003032,PRJ00492,STU0098,refactor,101,126,2025-04-22
COM003033,PRJ00042,STU0206,feature,7,472,2025-11-24
COM003034,PRJ00612,STU0280,testing,133,142,2025-03-29
COM003035,PRJ00701,STU0085,bugfix,65,223,2024-08-24
COM003036,PRJ00122,STU0417,feature,64,488,2026-07-08
COM003037,PRJ00457,STU0463,feature,26,268,2025-03-08
COM003038,PRJ00904,STU0115,feature,83,48,2026-04-26
COM003039,PRJ00679,STU0041,testing,144,331,2025-06-24
COM003040,PRJ00379,STU0385,deployment,68,169,2026-05-31
COM003041,PRJ00514,STU0196,bugfix,148,493,2026-07-28
COM003042,PRJ00825,STU0133,refactor,40,499,2025-03-12
COM003043,PRJ00019,STU0342,bugfix,68,413,2025-06-26
COM003044,PRJ00869,STU0019,deployment,5,36,2025-12-03
COM003045,PRJ00372,STU0054,bugfix,84,391,2024-10-10
COM003046,PRJ00245,STU0133,refactor,107,211,2025-03-26
COM003047,PRJ00031,STU0234,documentation,84,193,2025-09-05
COM003048,PRJ00967,STU0010,testing,66,146,2025-12-04
COM003049,PRJ00596,STU0324,deployment,71,442,2026-08-01
COM003050,PRJ00415,STU0293,documentation,115,76,2026-01-18
COM003051,PRJ00734,STU0011,feature,26,30,2026-02-18
COM003052,PRJ00564,STU0430,bugfix,70,452,2026-04-22
COM003053,PRJ00660,STU0090,deployment,6,415,2024-10-28
COM003054,PRJ00143,STU0353,deployment,140,467,2025-10-01
COM003055,PRJ00094,STU0088,deployment,131,78,2025-06-03
COM003056,PRJ00943,STU0381,bugfix,58,263,2025-11-21
COM003057,PRJ00458,STU0248,testing,75,496,2025-03-05
COM003058,PRJ00002,STU0194,bugfix,102,73,2025-08-02
COM003059,PRJ00035,STU0326,testing,90,257,2026-04-10
COM003060,PRJ00909,STU0068,feature,129,135,2025-08-04
COM003061,PRJ00706,STU0190,refactor,36,240,2026-08-09
COM003062,PRJ00233,STU0037,refactor,51,211,2025-08-08
COM003063,PRJ00320,STU0138,bugfix,58,177,2025-10-19
COM003064,PRJ00466,STU0434,feature,4,151,2026-02-27
COM003065,PRJ00090,STU0205,bugfix,26,396,2025-12-27
COM003066,PRJ00574,STU0095,bugfix,143,360,2025-06-04
COM003067,PRJ00340,STU0459,feature,142,60,2024-09-10
COM003068,PRJ00704,STU0106,documentation,19,322,2025-07-10
COM003069,PRJ00181,STU0015,deployment,85,178,2024-11-29
COM003070,PRJ00579,STU0141,feature,75,341,2026-01-14
COM003071,PRJ00888,STU0088,documentation,31,453,2025-08-23
COM003072,PRJ00033,STU0452,feature,120,309,2024-11-29
COM003073,PRJ00178,STU0427,bugfix,16,136,2024-08-29
COM003074,PRJ00437,STU0124,documentation,8,28,2025-02-01
COM003075,PRJ00088,STU0130,bugfix,145,125,2025-08-19
COM003076,PRJ00535,STU0338,bugfix,119,45,2025-01-30
COM003077,PRJ00031,STU0234,feature,46,103,2026-04-16
COM003078,PRJ00926,STU0157,bugfix,147,377,2024-11-21
COM003079,PRJ00948,STU0302,deployment,111,36,2025-10-20
COM003080,PRJ00360,STU0016,feature,34,16,2026-04-20
COM003081,PRJ00671,STU0414,refactor,138,367,2026-03-17
COM003082,PRJ00384,STU0083,feature,129,377,2024-09-01
COM003083,PRJ00440,STU0099,documentation,85,115,2025-03-19
COM003084,PRJ00979,STU0446,deployment,68,160,2025-10-15
COM003085,PRJ00391,STU0364,deployment,13,497,2025-01-12
COM003086,PRJ00897,STU0181,refactor,47,458,2025-03-27
COM003087,PRJ00148,STU0330,documentation,109,113,2026-01-06
COM003088,PRJ00873,STU0191,deployment,78,197,2025-12-28
COM003089,PRJ00846,STU0066,feature,29,319,2024-10-23
COM003090,PRJ00091,STU0129,refactor,62,4,2025-05-05
COM003091,PRJ00375,STU0327,documentation,54,494,2025-05-14
COM003092,PRJ00750,STU0146,refactor,127,433,2026-01-06
COM003093,PRJ00153,STU0108,refactor,62,180,2026-06-21
COM003094,PRJ00572,STU0105,documentation,23,252,2025-08-09
COM003095,PRJ00420,STU0019,testing,45,84,2025-07-23
COM003096,PRJ00963,STU0242,refactor,27,384,2025-02-24
COM003097,PRJ00696,STU0253,bugfix,119,343,2026-07-18
COM003098,PRJ00976,STU0448,bugfix,102,232,2025-10-17
COM003099,PRJ00004,STU0029,testing,102,434,2025-04-09
COM003100,PRJ00429,STU0045,deployment,101,479,2026-05-07
COM003101,PRJ00360,STU0016,deployment,104,488,2026-03-20
COM003102,PRJ00157,STU0094,bugfix,72,40,2025-12-19
COM003103,PRJ00980,STU0453,testing,115,453,2025-12-19
COM003104,PRJ00419,STU0002,testing,115,262,2024-12-07
COM003105,PRJ00877,STU0277,refactor,77,243,2025-03-15
COM003106,PRJ00479,STU0288,feature,42,297,2024-12-15
COM003107,PRJ00062,STU0448,deployment,55,186,2026-03-23
COM003108,PRJ00016,STU0337,feature,107,500,2026-02-25
COM003109,PRJ00956,STU0034,feature,132,156,2025-12-01
COM003110,PRJ00513,STU0226,testing,125,155,2025-02-20
COM003111,PRJ00997,STU0106,bugfix,34,121,2026-08-12
COM003112,PRJ00321,STU0374,refactor,55,158,2026-07-26
COM003113,PRJ00055,STU0438,refactor,109,450,2025-09-01
COM003114,PRJ00757,STU0031,documentation,142,79,2025-04-23
COM003115,PRJ00971,STU0083,feature,40,45,2025-11-20
COM003116,PRJ00345,STU0200,deployment,112,432,2025-03-26
COM003117,PRJ00259,STU0195,testing,93,84,2024-10-29
COM003118,PRJ00366,STU0425,refactor,149,403,2026-02-05
COM003119,PRJ00177,STU0259,feature,104,338,2025-08-23
COM003120,PRJ00708,STU0362,refactor,74,330,2025-02-08
COM003121,PRJ00839,STU0411,feature,33,52,2024-08-14
COM003122,PRJ00687,STU0013,deployment,128,397,2024-11-11
COM003123,PRJ00201,STU0145,testing,142,42,2025-06-06
COM003124,PRJ00544,STU0495,bugfix,120,128,2025-03-29
COM003125,PRJ00003,STU0029,deployment,111,120,2025-09-29
COM003126,PRJ00315,STU0167,bugfix,88,347,2025-09-06
COM003127,PRJ00601,STU0323,refactor,130,448,2026-01-28
COM003128,PRJ00885,STU0278,testing,47,371,2025-04-16
COM003129,PRJ00067,STU0033,testing,134,142,2024-11-09
COM003130,PRJ00601,STU0323,documentation,139,12,2025-10-07
COM003131,PRJ00415,STU0293,documentation,68,444,2024-09-29
COM003132,PRJ00793,STU0395,feature,90,434,2026-02-04
COM003133,PRJ00101,STU0009,feature,13,94,2026-07-20
COM003134,PRJ00094,STU0088,bugfix,96,160,2026-04-29
COM003135,PRJ00201,STU0145,deployment,73,43,2026-02-19
COM003136,PRJ00822,STU0198,deployment,49,127,2025-10-30
COM003137,PRJ00884,STU0148,feature,32,363,2025-01-29
COM003138,PRJ00412,STU0459,feature,81,313,2025-09-12
COM003139,PRJ00762,STU0248,testing,110,3,2025-08-05
COM003140,PRJ00844,STU0282,bugfix,129,73,2025-01-03
COM003141,PRJ00103,STU0086,deployment,131,198,2026-05-14
COM003142,PRJ00055,STU0438,feature,53,84,2025-03-14
COM003143,PRJ00064,STU0352,deployment,53,54,2025-09-25
COM003144,PRJ00609,STU0473,documentation,142,424,2025-11-21
COM003145,PRJ00607,STU0401,testing,14,42,2026-03-09
COM003146,PRJ00092,STU0237,refactor,10,481,2026-05-04
COM003147,PRJ00014,STU0398,bugfix,78,471,2025-07-07
COM003148,PRJ00960,STU0080,documentation,31,124,2025-10-11
COM003149,PRJ00110,STU0155,deployment,129,383,2025-02-22
COM003150,PRJ00102,STU0349,testing,121,391,2025-12-23
COM003151,PRJ00668,STU0460,testing,108,24,2025-03-17
COM003152,PRJ00800,STU0422,deployment,28,453,2025-01-23
COM003153,PRJ00646,STU0111,documentation,41,390,2024-11-24
COM003154,PRJ00963,STU0242,refactor,15,370,2025-09-29
COM003155,PRJ00520,STU0113,refactor,27,298,2025-02-22
COM003156,PRJ00664,STU0121,refactor,121,421,2026-01-05
COM003157,PRJ00537,STU0046,refactor,95,472,2026-02-08
COM003158,PRJ00010,STU0327,deployment,32,40,2025-08-19
COM003159,PRJ00211,STU0443,documentation,89,115,2025-11-11
COM003160,PRJ00346,STU0219,testing,44,362,2026-02-05
COM003161,PRJ00123,STU0125,feature,122,473,2026-01-25
COM003162,PRJ00171,STU0317,testing,137,347,2025-03-16
COM003163,PRJ00889,STU0339,documentation,135,382,2025-02-07
COM003164,PRJ00004,STU0029,documentation,37,400,2025-01-20
COM003165,PRJ00480,STU0417,testing,16,367,2025-03-01
COM003166,PRJ00233,STU0037,documentation,30,485,2026-01-07
COM003167,PRJ00426,STU0475,feature,111,15,2025-03-15
COM003168,PRJ00566,STU0354,deployment,133,57,2024-08-18
COM003169,PRJ00798,STU0140,testing,122,500,2025-06-30
COM003170,PRJ00855,STU0265,bugfix,35,458,2025-02-08
COM003171,PRJ00208,STU0333,deployment,100,129,2026-03-11
COM003172,PRJ00493,STU0445,documentation,32,275,2024-11-26
COM003173,PRJ00203,STU0084,documentation,88,429,2025-11-15
COM003174,PRJ00233,STU0037,feature,116,450,2024-09-04
COM003175,PRJ00430,STU0478,testing,29,461,2024-11-16
COM003176,PRJ00925,STU0366,feature,48,409,2025-12-12
COM003177,PRJ00294,STU0050,testing,5,345,2025-01-08
COM003178,PRJ00741,STU0145,deployment,142,188,2025-03-14
COM003179,PRJ00804,STU0364,refactor,121,444,2026-03-14
COM003180,PRJ00994,STU0166,testing,10,8,2026-03-01
COM003181,PRJ00174,STU0249,deployment,67,343,2026-07-06
COM003182,PRJ00889,STU0339,refactor,51,409,2024-11-30
COM003183,PRJ00787,STU0124,bugfix,56,449,2026-03-02
COM003184,PRJ00405,STU0020,bugfix,43,497,2026-08-05
COM003185,PRJ00845,STU0193,feature,102,300,2025-10-07
COM003186,PRJ00039,STU0086,documentation,99,283,2026-06-26
COM003187,PRJ00361,STU0040,documentation,68,204,2024-12-24
COM003188,PRJ00683,STU0061,documentation,7,200,2025-10-10
COM003189,PRJ00821,STU0187,documentation,93,34,2025-06-11
COM003190,PRJ00448,STU0335,testing,32,126,2025-03-07
COM003191,PRJ00592,STU0055,refactor,38,46,2025-06-30
COM003192,PRJ00330,STU0406,feature,31,430,2026-04-10
COM003193,PRJ00417,STU0078,refactor,39,199,2026-04-24
COM003194,PRJ00075,STU0446,feature,124,476,2025-08-09
COM003195,PRJ00010,STU0327,bugfix,52,187,2025-08-28
COM003196,PRJ00048,STU0210,deployment,135,393,2025-07-24
COM003197,PRJ00265,STU0003,bugfix,74,435,2026-01-29
COM003198,PRJ00217,STU0417,deployment,30,318,2026-03-06
COM003199,PRJ00552,STU0205,bugfix,149,71,2025-04-19
COM003200,PRJ00296,STU0122,testing,76,258,2025-05-11
COM003201,PRJ00068,STU0169,bugfix,8,6,2026-07-26
COM003202,PRJ00309,STU0304,feature,110,308,2024-09-17
COM003203,PRJ00829,STU0184,feature,5,162,2024-12-24
COM003204,PRJ00879,STU0257,bugfix,13,76,2026-03-26
COM003205,PRJ00104,STU0056,refactor,20,194,2026-01-05
COM003206,PRJ00488,STU0253,deployment,95,391,2025-11-29
COM003207,PRJ00827,STU0301,deployment,142,199,2025-11-27
COM003208,PRJ00716,STU0078,refactor,105,366,2026-07-27
COM003209,PRJ00814,STU0321,bugfix,61,342,2024-08-29
COM003210,PRJ00889,STU0339,testing,86,120,2026-02-20
COM003211,PRJ00318,STU0337,testing,25,48,2025-12-19
COM003212,PRJ00004,STU0029,refactor,6,420,2026-02-05
COM003213,PRJ00122,STU0417,refactor,129,216,2025-07-05
COM003214,PRJ00266,STU0052,bugfix,127,259,2025-03-25
COM003215,PRJ00840,STU0001,testing,110,439,2025-02-15
COM003216,PRJ00983,STU0211,feature,83,242,2025-05-30
COM003217,PRJ00253,STU0493,testing,88,165,2026-07-06
COM003218,PRJ00763,STU0040,feature,37,280,2025-07-29
COM003219,PRJ00789,STU0041,feature,116,465,2025-03-06
COM003220,PRJ00505,STU0079,refactor,27,69,2026-05-20
COM003221,PRJ00240,STU0401,testing,97,392,2025-02-02
COM003222,PRJ00577,STU0380,documentation,131,51,2025-05-08
COM003223,PRJ00350,STU0276,refactor,68,80,2026-06-06
COM003224,PRJ00386,STU0107,deployment,13,391,2026-07-12
COM003225,PRJ00688,STU0444,testing,120,83,2025-04-28
COM003226,PRJ00233,STU0037,deployment,100,10,2025-08-29
COM003227,PRJ00158,STU0096,refactor,76,223,2025-11-21
COM003228,PRJ00777,STU0141,deployment,96,396,2026-04-24
COM003229,PRJ00287,STU0209,documentation,120,240,2024-10-03
COM003230,PRJ00145,STU0362,feature,93,34,2026-01-23
COM003231,PRJ00453,STU0433,feature,8,236,2025-02-16
COM003232,PRJ00209,STU0018,feature,130,238,2025-09-30
COM003233,PRJ00126,STU0325,refactor,100,413,2025-01-21
COM003234,PRJ00270,STU0416,deployment,125,273,2025-01-02
COM003235,PRJ00657,STU0030,bugfix,125,341,2025-02-26
COM003236,PRJ00741,STU0145,feature,57,51,2025-11-24
COM003237,PRJ00499,STU0396,refactor,80,117,2026-03-13
COM003238,PRJ00543,STU0256,feature,49,455,2025-12-19
COM003239,PRJ00453,STU0433,refactor,20,431,2026-05-21
COM003240,PRJ00309,STU0304,testing,85,362,2026-05-11
COM003241,PRJ00471,STU0086,deployment,48,197,2025-04-15
COM003242,PRJ00052,STU0061,bugfix,146,89,2025-09-19
COM003243,PRJ00341,STU0172,refactor,102,351,2025-06-17
COM003244,PRJ00541,STU0267,documentation,39,458,2025-02-24
COM003245,PRJ00462,STU0043,bugfix,144,265,2025-04-19
COM003246,PRJ00854,STU0491,refactor,13,230,2024-10-03
COM003247,PRJ00427,STU0284,documentation,66,70,2024-12-14
COM003248,PRJ00011,STU0372,documentation,98,350,2024-10-10
COM003249,PRJ00212,STU0006,bugfix,124,485,2024-10-16
COM003250,PRJ00070,STU0014,deployment,54,483,2024-08-15
COM003251,PRJ00347,STU0066,bugfix,142,496,2025-04-11
COM003252,PRJ00943,STU0381,documentation,123,214,2025-02-24
COM003253,PRJ00709,STU0135,bugfix,93,310,2025-09-15
COM003254,PRJ00129,STU0102,bugfix,137,221,2025-10-06
COM003255,PRJ00740,STU0053,testing,123,311,2026-05-06
COM003256,PRJ00054,STU0418,documentation,9,409,2026-01-28
COM003257,PRJ00270,STU0416,testing,135,202,2024-12-23
COM003258,PRJ00606,STU0321,deployment,61,91,2025-09-30
COM003259,PRJ00059,STU0301,deployment,87,400,2024-09-26
COM003260,PRJ00380,STU0209,bugfix,68,4,2025-06-29
COM003261,PRJ00356,STU0428,feature,136,484,2025-04-22
COM003262,PRJ00855,STU0265,testing,39,243,2025-12-29
COM003263,PRJ00205,STU0334,testing,109,381,2025-12-31
COM003264,PRJ00086,STU0391,refactor,117,220,2024-11-24
COM003265,PRJ00975,STU0242,refactor,4,161,2024-08-19
COM003266,PRJ00197,STU0424,deployment,84,211,2026-07-19
COM003267,PRJ00462,STU0043,feature,123,257,2026-03-01
COM003268,PRJ00610,STU0447,documentation,129,364,2026-04-15
COM003269,PRJ00348,STU0218,refactor,67,82,2024-12-30
COM003270,PRJ00447,STU0376,feature,9,124,2025-10-26
COM003271,PRJ00852,STU0048,testing,68,76,2025-08-23
COM003272,PRJ00866,STU0346,bugfix,124,108,2025-01-15
COM003273,PRJ00881,STU0401,documentation,35,234,2024-10-27
COM003274,PRJ00747,STU0381,bugfix,48,31,2025-05-05
COM003275,PRJ00724,STU0497,bugfix,46,484,2025-02-27
COM003276,PRJ00659,STU0133,bugfix,125,53,2024-10-22
COM003277,PRJ00109,STU0320,feature,120,426,2025-10-23
COM003278,PRJ00380,STU0209,deployment,127,219,2026-05-11
COM003279,PRJ00622,STU0350,feature,127,55,2025-03-11
COM003280,PRJ00434,STU0180,bugfix,16,400,2025-06-07
COM003281,PRJ00302,STU0230,bugfix,141,191,2025-08-07
COM003282,PRJ00117,STU0220,refactor,70,429,2024-10-11
COM003283,PRJ00566,STU0354,documentation,149,284,2025-06-17
COM003284,PRJ00239,STU0006,feature,97,90,2025-05-16
COM003285,PRJ00963,STU0242,feature,110,490,2026-01-19
COM003286,PRJ00593,STU0408,feature,55,300,2025-09-02
COM003287,PRJ00878,STU0243,bugfix,49,16,2026-04-10
COM003288,PRJ00921,STU0252,bugfix,107,493,2025-11-24
COM003289,PRJ00583,STU0240,testing,5,49,2026-07-01
COM003290,PRJ00912,STU0237,refactor,49,348,2024-10-04
COM003291,PRJ00408,STU0445,refactor,128,425,2025-03-07
COM003292,PRJ00080,STU0021,feature,110,280,2026-02-27
COM003293,PRJ00026,STU0100,feature,117,238,2026-06-13
COM003294,PRJ00905,STU0313,feature,57,413,2025-06-06
COM003295,PRJ00083,STU0467,documentation,51,229,2025-07-19
COM003296,PRJ00909,STU0068,feature,89,351,2025-06-02
COM003297,PRJ00012,STU0409,feature,76,299,2025-04-08
COM003298,PRJ00204,STU0460,bugfix,49,212,2026-01-23
COM003299,PRJ00856,STU0352,documentation,48,130,2025-04-12
COM003300,PRJ00939,STU0276,refactor,98,296,2025-04-02
COM003301,PRJ00230,STU0374,feature,114,82,2025-11-16
COM003302,PRJ00577,STU0380,refactor,115,222,2025-07-10
COM003303,PRJ00248,STU0182,testing,3,277,2025-11-17
COM003304,PRJ00228,STU0019,testing,10,380,2024-09-08
COM003305,PRJ00408,STU0445,refactor,68,32,2024-12-30
COM003306,PRJ00161,STU0194,refactor,142,167,2024-09-03
COM003307,PRJ00112,STU0474,deployment,58,378,2025-11-29
COM003308,PRJ00620,STU0401,bugfix,34,237,2025-04-03
COM003309,PRJ00718,STU0223,bugfix,128,93,2025-12-14
COM003310,PRJ00554,STU0350,feature,42,459,2025-07-23
COM003311,PRJ00587,STU0402,feature,101,114,2026-06-10
COM003312,PRJ00357,STU0029,deployment,14,153,2024-12-23
COM003313,PRJ00999,STU0489,testing,111,31,2025-09-05
COM003314,PRJ00129,STU0102,documentation,109,232,2025-10-01
COM003315,PRJ00405,STU0020,deployment,86,422,2025-09-08
COM003316,PRJ00176,STU0100,documentation,44,284,2026-08-12
COM003317,PRJ00660,STU0090,refactor,93,106,2025-10-26
COM003318,PRJ00603,STU0443,documentation,69,320,2024-12-25
COM003319,PRJ00767,STU0205,deployment,97,12,2025-11-05
COM003320,PRJ00464,STU0382,deployment,2,259,2024-08-28
COM003321,PRJ00880,STU0146,testing,113,155,2025-02-28
COM003322,PRJ00836,STU0084,feature,109,384,2026-01-10
COM003323,PRJ00508,STU0053,refactor,107,434,2026-05-09
COM003324,PRJ00892,STU0300,feature,45,23,2025-03-09
COM003325,PRJ00559,STU0182,feature,28,290,2025-10-14
COM003326,PRJ00983,STU0211,bugfix,13,85,2025-09-09
COM003327,PRJ00191,STU0309,feature,97,398,2026-02-17
COM003328,PRJ00846,STU0066,refactor,62,318,2025-05-30
COM003329,PRJ00034,STU0194,refactor,68,278,2024-08-14
COM003330,PRJ00587,STU0402,feature,59,89,2025-12-13
COM003331,PRJ00921,STU0252,bugfix,91,491,2024-12-14
COM003332,PRJ00198,STU0439,bugfix,54,89,2025-12-08
COM003333,PRJ00007,STU0451,bugfix,64,184,2026-06-26
COM003334,PRJ00069,STU0054,feature,41,415,2025-03-08
COM003335,PRJ00384,STU0083,deployment,86,177,2026-01-20
COM003336,PRJ00874,STU0372,feature,31,317,2026-03-22
COM003337,PRJ00906,STU0047,deployment,59,173,2025-02-02
COM003338,PRJ00291,STU0094,refactor,10,116,2024-11-11
COM003339,PRJ00876,STU0407,documentation,150,259,2024-08-23
COM003340,PRJ00833,STU0130,testing,145,146,2024-10-25
COM003341,PRJ00712,STU0398,bugfix,51,387,2024-08-26
COM003342,PRJ00795,STU0478,bugfix,51,449,2026-04-29
COM003343,PRJ00167,STU0419,refactor,65,202,2026-03-22
COM003344,PRJ00942,STU0021,bugfix,111,68,2025-04-02
COM003345,PRJ00008,STU0265,testing,8,178,2025-03-04
COM003346,PRJ00578,STU0149,deployment,139,331,2026-01-08
COM003347,PRJ00237,STU0281,feature,34,426,2026-04-06
COM003348,PRJ00990,STU0232,refactor,71,47,2026-05-24
COM003349,PRJ00166,STU0310,testing,16,228,2024-10-14
COM003350,PRJ00799,STU0357,refactor,102,161,2026-07-01
COM003351,PRJ00930,STU0370,testing,36,488,2024-09-14
COM003352,PRJ00058,STU0371,feature,38,125,2025-12-14
COM003353,PRJ00991,STU0332,documentation,104,102,2025-01-07
COM003354,PRJ00078,STU0229,documentation,119,159,2026-07-25
COM003355,PRJ00603,STU0443,refactor,73,82,2026-06-24
COM003356,PRJ00068,STU0169,feature,100,94,2025-03-01
COM003357,PRJ00610,STU0447,refactor,25,290,2026-04-25
COM003358,PRJ00209,STU0018,documentation,89,319,2025-03-31
COM003359,PRJ00816,STU0329,feature,35,93,2025-01-24
COM003360,PRJ00406,STU0110,documentation,21,360,2025-08-27
COM003361,PRJ00235,STU0404,feature,125,191,2024-10-12
COM003362,PRJ00238,STU0466,deployment,104,66,2026-08-06
COM003363,PRJ00967,STU0010,documentation,72,243,2026-03-31
COM003364,PRJ00327,STU0373,bugfix,132,323,2026-04-22
COM003365,PRJ00940,STU0268,documentation,66,197,2025-11-04
COM003366,PRJ00106,STU0062,bugfix,8,456,2024-11-10
COM003367,PRJ00636,STU0362,documentation,32,230,2025-03-07
COM003368,PRJ00829,STU0184,bugfix,8,3,2026-04-05
COM003369,PRJ00585,STU0263,testing,42,338,2025-02-13
COM003370,PRJ00760,STU0108,testing,70,162,2025-07-24
COM003371,PRJ00896,STU0149,bugfix,71,32,2025-02-20
COM003372,PRJ00196,STU0150,bugfix,29,33,2024-12-17
COM003373,PRJ00363,STU0173,deployment,60,441,2025-05-03
COM003374,PRJ00340,STU0459,refactor,4,163,2026-05-26
COM003375,PRJ00097,STU0092,refactor,55,369,2024-11-04
COM003376,PRJ00791,STU0356,bugfix,27,298,2025-02-23
COM003377,PRJ00656,STU0495,feature,78,122,2025-11-21
COM003378,PRJ00683,STU0061,feature,134,436,2025-11-21
COM003379,PRJ00453,STU0433,documentation,120,327,2026-05-27
COM003380,PRJ00144,STU0127,refactor,121,310,2025-10-13
COM003381,PRJ00998,STU0309,bugfix,97,355,2024-10-03
COM003382,PRJ00760,STU0108,refactor,35,79,2026-05-30
COM003383,PRJ00995,STU0346,feature,130,280,2024-09-23
COM003384,PRJ00242,STU0359,deployment,67,322,2026-01-08
COM003385,PRJ00818,STU0290,deployment,84,359,2026-01-04
COM003386,PRJ00955,STU0164,testing,30,303,2026-05-22
COM003387,PRJ00185,STU0381,deployment,3,155,2025-04-27
COM003388,PRJ00791,STU0356,testing,125,253,2026-03-23
COM003389,PRJ00043,STU0232,documentation,128,325,2025-08-06
COM003390,PRJ00392,STU0391,testing,52,493,2025-06-20
COM003391,PRJ00214,STU0294,bugfix,45,302,2025-09-16
COM003392,PRJ00604,STU0098,testing,112,182,2025-08-07
COM003393,PRJ00098,STU0357,refactor,16,85,2026-01-28
COM003394,PRJ00349,STU0472,documentation,140,341,2025-11-27
COM003395,PRJ00297,STU0045,documentation,72,30,2025-01-17
COM003396,PRJ00905,STU0313,testing,87,326,2025-04-01
COM003397,PRJ00516,STU0266,refactor,136,272,2025-07-02
COM003398,PRJ00197,STU0424,deployment,140,88,2025-05-12
COM003399,PRJ00997,STU0106,refactor,113,364,2024-12-17
COM003400,PRJ00813,STU0094,documentation,36,208,2026-01-26
COM003401,PRJ00808,STU0076,bugfix,6,379,2025-12-30
COM003402,PRJ00521,STU0403,refactor,103,247,2024-09-12
COM003403,PRJ00129,STU0102,deployment,45,186,2025-06-07
COM003404,PRJ00313,STU0475,bugfix,83,378,2026-06-08
COM003405,PRJ00383,STU0048,feature,102,87,2025-04-07
COM003406,PRJ00569,STU0328,bugfix,46,94,2026-08-09
COM003407,PRJ00891,STU0232,refactor,4,387,2024-10-10
COM003408,PRJ00109,STU0320,testing,48,181,2025-03-10
COM003409,PRJ00747,STU0381,deployment,105,87,2025-06-12
COM003410,PRJ00776,STU0035,refactor,116,89,2025-09-11
COM003411,PRJ00566,STU0354,documentation,50,302,2026-03-29
COM003412,PRJ00779,STU0338,refactor,48,331,2026-02-25
COM003413,PRJ00014,STU0398,feature,45,406,2025-06-22
COM003414,PRJ00167,STU0419,bugfix,72,45,2026-03-25
COM003415,PRJ00295,STU0185,testing,148,90,2025-09-28
COM003416,PRJ00609,STU0473,feature,5,311,2025-07-25
COM003417,PRJ00720,STU0195,deployment,108,202,2026-07-21
COM003418,PRJ00175,STU0338,deployment,115,21,2026-04-26
COM003419,PRJ00138,STU0374,documentation,104,1,2025-05-27
COM003420,PRJ00269,STU0192,refactor,15,493,2024-08-25
COM003421,PRJ00595,STU0434,refactor,112,100,2025-11-24
COM003422,PRJ00190,STU0217,feature,124,429,2024-09-15
COM003423,PRJ00292,STU0147,deployment,12,10,2026-01-17
COM003424,PRJ00735,STU0171,bugfix,21,26,2025-05-15
COM003425,PRJ00756,STU0207,feature,149,113,2024-10-22
COM003426,PRJ00252,STU0044,refactor,53,276,2025-05-14
COM003427,PRJ00635,STU0358,bugfix,36,83,2026-06-30
COM003428,PRJ00306,STU0273,documentation,25,45,2026-05-17
COM003429,PRJ00973,STU0301,testing,58,196,2025-09-29
COM003430,PRJ00873,STU0191,feature,13,215,2026-01-18
COM003431,PRJ00989,STU0098,feature,137,74,2025-09-24
COM003432,PRJ00473,STU0093,documentation,11,165,2024-11-20
COM003433,PRJ00410,STU0042,refactor,104,57,2024-09-26
COM003434,PRJ00946,STU0405,deployment,109,426,2026-04-08
COM003435,PRJ00861,STU0403,feature,123,500,2025-03-05
COM003436,PRJ00447,STU0376,bugfix,102,145,2026-07-25
COM003437,PRJ00224,STU0153,deployment,136,366,2025-12-23
COM003438,PRJ00962,STU0335,refactor,4,8,2025-04-01
COM003439,PRJ00587,STU0402,refactor,60,238,2025-12-30
COM003440,PRJ00178,STU0427,bugfix,71,217,2025-09-19
COM003441,PRJ00093,STU0487,documentation,110,338,2025-10-28
COM003442,PRJ00151,STU0454,bugfix,30,106,2025-10-15
COM003443,PRJ00889,STU0339,bugfix,107,59,2024-11-25
COM003444,PRJ00013,STU0224,deployment,68,145,2024-12-16
COM003445,PRJ00730,STU0218,feature,113,154,2025-12-21
COM003446,PRJ00141,STU0198,bugfix,27,200,2025-10-07
COM003447,PRJ00358,STU0376,refactor,75,60,2025-02-08
COM003448,PRJ00938,STU0260,deployment,52,236,2026-06-13
COM003449,PRJ00183,STU0325,documentation,122,338,2025-03-28
COM003450,PRJ00917,STU0333,documentation,135,186,2025-07-02
COM003451,PRJ00489,STU0233,documentation,10,217,2024-10-26
COM003452,PRJ00880,STU0146,deployment,55,405,2025-06-06
COM003453,PRJ00258,STU0430,testing,76,93,2025-02-02
COM003454,PRJ00639,STU0226,feature,73,451,2025-02-12
COM003455,PRJ00439,STU0172,feature,123,168,2025-04-29
COM003456,PRJ00879,STU0257,refactor,27,262,2024-10-10
COM003457,PRJ00564,STU0430,documentation,7,45,2024-08-14
COM003458,PRJ00856,STU0352,documentation,146,97,2024-08-16
COM003459,PRJ00177,STU0259,refactor,48,22,2024-09-01
COM003460,PRJ00904,STU0115,bugfix,75,287,2025-03-31
COM003461,PRJ00225,STU0154,documentation,80,137,2025-12-06
COM003462,PRJ00791,STU0356,refactor,21,394,2025-05-07
COM003463,PRJ00509,STU0009,bugfix,58,138,2026-04-10
COM003464,PRJ00354,STU0491,documentation,87,408,2026-02-28
COM003465,PRJ00202,STU0068,testing,101,294,2025-01-14
COM003466,PRJ00262,STU0112,documentation,147,390,2026-03-30
COM003467,PRJ00012,STU0409,bugfix,93,448,2025-08-01
COM003468,PRJ00301,STU0215,testing,96,382,2025-03-31
COM003469,PRJ00231,STU0134,documentation,37,215,2025-04-22
COM003470,PRJ00573,STU0201,testing,12,144,2026-03-31
COM003471,PRJ00705,STU0492,documentation,46,102,2024-08-28
COM003472,PRJ00529,STU0269,documentation,70,33,2025-05-12
COM003473,PRJ00669,STU0016,feature,2,305,2024-10-19
COM003474,PRJ00348,STU0218,bugfix,130,448,2025-10-11
COM003475,PRJ00346,STU0219,deployment,82,247,2024-11-12
COM003476,PRJ00760,STU0108,refactor,46,47,2025-07-29
COM003477,PRJ00401,STU0274,deployment,73,121,2024-11-18
COM003478,PRJ00329,STU0395,testing,6,428,2024-12-28
COM003479,PRJ00818,STU0290,feature,150,400,2025-09-14
COM003480,PRJ00226,STU0296,documentation,138,40,2024-10-17
COM003481,PRJ00269,STU0192,deployment,111,26,2026-05-31
COM003482,PRJ00313,STU0475,documentation,107,378,2026-03-23
COM003483,PRJ00097,STU0092,refactor,58,234,2025-12-15
COM003484,PRJ00518,STU0123,testing,69,142,2025-08-08
COM003485,PRJ00218,STU0402,documentation,15,203,2025-03-18
COM003486,PRJ00746,STU0100,documentation,23,278,2024-12-15
COM003487,PRJ00771,STU0242,documentation,91,450,2025-12-14
COM003488,PRJ00426,STU0475,refactor,108,435,2025-04-06
COM003489,PRJ00479,STU0288,bugfix,101,387,2025-04-11
COM003490,PRJ00240,STU0401,documentation,143,474,2025-01-19
COM003491,PRJ00829,STU0184,feature,96,338,2026-02-24
COM003492,PRJ00305,STU0407,deployment,24,266,2026-05-20
COM003493,PRJ00382,STU0149,testing,148,18,2024-08-16
COM003494,PRJ00961,STU0437,feature,40,232,2024-11-07
COM003495,PRJ00487,STU0386,deployment,44,296,2025-09-14
COM003496,PRJ00864,STU0145,feature,4,398,2025-07-03
COM003497,PRJ00530,STU0156,refactor,87,21,2025-02-04
COM003498,PRJ00715,STU0301,documentation,145,198,2025-05-20
COM003499,PRJ00021,STU0054,refactor,62,187,2026-06-01
COM003500,PRJ00422,STU0498,documentation,10,173,2026-08-07
COM003501,PRJ00922,STU0353,feature,60,362,2024-11-16
COM003502,PRJ00254,STU0351,documentation,70,469,2024-08-13
COM003503,PRJ00436,STU0451,testing,132,126,2025-05-29
COM003504,PRJ00217,STU0417,feature,103,248,2025-12-05
COM003505,PRJ00661,STU0020,documentation,56,12,2025-06-22
COM003506,PRJ00838,STU0340,documentation,122,359,2025-05-31
COM003507,PRJ00811,STU0180,feature,142,478,2025-06-06
COM003508,PRJ00139,STU0482,bugfix,48,216,2026-01-25
COM003509,PRJ00421,STU0308,documentation,149,329,2025-02-20
COM003510,PRJ00288,STU0219,feature,6,395,2025-09-02
COM003511,PRJ00525,STU0073,documentation,132,332,2024-12-30
COM003512,PRJ00520,STU0113,documentation,86,112,2026-05-24
COM003513,PRJ00515,STU0207,refactor,13,199,2025-02-06
COM003514,PRJ00483,STU0011,bugfix,148,213,2024-10-25
COM003515,PRJ00210,STU0353,refactor,45,357,2025-08-03
COM003516,PRJ00528,STU0057,deployment,130,388,2025-01-29
COM003517,PRJ00494,STU0485,documentation,8,380,2025-05-02
COM003518,PRJ00865,STU0026,refactor,84,435,2025-02-19
COM003519,PRJ00023,STU0123,deployment,79,293,2025-11-10
COM003520,PRJ00142,STU0395,bugfix,32,356,2026-05-12
COM003521,PRJ00467,STU0407,feature,69,332,2026-06-16
COM003522,PRJ00878,STU0243,testing,110,392,2025-08-14
COM003523,PRJ00717,STU0102,feature,141,443,2026-03-09
COM003524,PRJ00412,STU0459,deployment,115,16,2024-08-16
COM003525,PRJ00417,STU0078,documentation,54,96,2026-04-07
COM003526,PRJ00860,STU0400,feature,19,206,2025-01-17
COM003527,PRJ00782,STU0310,bugfix,149,477,2025-11-23
COM003528,PRJ00986,STU0295,deployment,5,243,2025-09-18
COM003529,PRJ00197,STU0424,testing,150,91,2025-09-13
COM003530,PRJ00786,STU0341,testing,22,345,2026-03-29
COM003531,PRJ00581,STU0062,testing,42,252,2024-11-10
COM003532,PRJ00123,STU0125,testing,41,215,2024-08-25
COM003533,PRJ00720,STU0195,refactor,54,396,2024-12-25
COM003534,PRJ00824,STU0496,bugfix,120,47,2025-11-19
COM003535,PRJ00469,STU0140,deployment,3,274,2026-03-05
COM003536,PRJ00434,STU0180,refactor,69,88,2025-03-27
COM003537,PRJ00415,STU0293,testing,76,81,2026-02-17
COM003538,PRJ00031,STU0234,bugfix,139,352,2025-04-07
COM003539,PRJ00977,STU0225,deployment,62,498,2024-08-27
COM003540,PRJ00906,STU0047,feature,62,491,2026-05-15
COM003541,PRJ00335,STU0262,refactor,6,58,2025-08-17
COM003542,PRJ00290,STU0483,refactor,146,313,2025-07-03
COM003543,PRJ00429,STU0045,documentation,8,195,2025-10-22
COM003544,PRJ00614,STU0172,bugfix,18,316,2026-01-05
COM003545,PRJ00349,STU0472,testing,114,98,2025-05-07
COM003546,PRJ00003,STU0029,refactor,68,311,2025-06-03
COM003547,PRJ00544,STU0495,bugfix,71,119,2026-04-28
COM003548,PRJ00575,STU0349,testing,73,338,2026-07-03
COM003549,PRJ00806,STU0087,bugfix,15,358,2025-09-27
COM003550,PRJ00151,STU0454,deployment,21,239,2025-08-17
COM003551,PRJ00743,STU0419,testing,30,213,2025-01-25
COM003552,PRJ00483,STU0011,testing,3,198,2025-09-17
COM003553,PRJ00650,STU0382,documentation,71,340,2026-04-03
COM003554,PRJ00228,STU0019,deployment,31,176,2025-05-25
COM003555,PRJ00905,STU0313,deployment,137,297,2026-04-01
COM003556,PRJ00885,STU0278,feature,28,195,2025-06-24
COM003557,PRJ00667,STU0074,refactor,150,472,2024-11-02
COM003558,PRJ00741,STU0145,deployment,38,462,2026-05-31
COM003559,PRJ00871,STU0458,deployment,132,48,2024-10-01
COM003560,PRJ00337,STU0336,feature,53,482,2026-08-09
COM003561,PRJ00460,STU0275,feature,31,244,2024-11-24
COM003562,PRJ00056,STU0422,testing,41,212,2025-10-08
COM003563,PRJ00646,STU0111,refactor,12,229,2026-01-30
COM003564,PRJ00901,STU0205,feature,54,16,2025-05-02
COM003565,PRJ00526,STU0091,deployment,140,17,2026-03-02
COM003566,PRJ00531,STU0180,deployment,18,233,2025-06-20
COM003567,PRJ00164,STU0268,documentation,40,271,2026-02-17
COM003568,PRJ00170,STU0063,testing,108,282,2024-09-11
COM003569,PRJ00179,STU0247,deployment,77,427,2026-02-15
COM003570,PRJ00307,STU0197,testing,85,386,2025-06-25
COM003571,PRJ00970,STU0226,feature,6,235,2024-08-16
COM003572,PRJ00151,STU0454,testing,131,338,2025-04-09
COM003573,PRJ00594,STU0473,refactor,146,95,2025-05-17
COM003574,PRJ00657,STU0030,deployment,121,324,2026-01-05
COM003575,PRJ00283,STU0362,feature,21,215,2025-01-17
COM003576,PRJ00553,STU0160,feature,110,480,2025-03-08
COM003577,PRJ00607,STU0401,deployment,30,369,2026-01-20
COM003578,PRJ00615,STU0419,documentation,30,88,2025-05-24
COM003579,PRJ00820,STU0226,documentation,105,201,2026-01-06
COM003580,PRJ00136,STU0247,feature,144,17,2026-04-19
COM003581,PRJ00544,STU0495,bugfix,6,123,2025-02-20
COM003582,PRJ00640,STU0429,feature,118,30,2026-02-16
COM003583,PRJ00651,STU0410,bugfix,109,100,2026-07-04
COM003584,PRJ00689,STU0206,refactor,73,138,2024-09-27
COM003585,PRJ00224,STU0153,refactor,99,323,2025-09-08
COM003586,PRJ00667,STU0074,bugfix,66,172,2025-06-14
COM003587,PRJ00535,STU0338,deployment,126,461,2024-11-14
COM003588,PRJ00007,STU0451,feature,47,6,2025-04-01
COM003589,PRJ00754,STU0415,deployment,77,415,2025-03-02
COM003590,PRJ00678,STU0384,deployment,38,153,2024-08-24
COM003591,PRJ00167,STU0419,deployment,97,111,2025-08-18
COM003592,PRJ00418,STU0059,testing,6,300,2025-03-12
COM003593,PRJ00093,STU0487,bugfix,59,235,2026-03-29
COM003594,PRJ00373,STU0145,bugfix,4,94,2025-03-26
COM003595,PRJ00565,STU0055,refactor,147,232,2026-02-12
COM003596,PRJ00415,STU0293,deployment,17,128,2026-06-08
COM003597,PRJ00625,STU0460,documentation,116,1,2025-02-10
COM003598,PRJ00136,STU0247,refactor,64,193,2026-02-09
COM003599,PRJ00326,STU0466,bugfix,80,22,2025-08-10
COM003600,PRJ00361,STU0040,refactor,58,358,2025-03-04
COM003601,PRJ00783,STU0402,documentation,67,257,2024-11-29
COM003602,PRJ00772,STU0269,feature,138,418,2025-07-05
COM003603,PRJ00451,STU0057,refactor,73,348,2026-05-08
COM003604,PRJ00017,STU0420,bugfix,104,424,2026-06-22
COM003605,PRJ00719,STU0364,refactor,132,280,2025-10-03
COM003606,PRJ00151,STU0454,feature,92,448,2025-12-12
COM003607,PRJ00735,STU0171,testing,117,256,2025-11-10
COM003608,PRJ00255,STU0098,testing,96,142,2025-12-12
COM003609,PRJ00962,STU0335,deployment,104,211,2025-01-19
COM003610,PRJ00156,STU0091,bugfix,34,119,2025-10-05
COM003611,PRJ00439,STU0172,feature,99,207,2025-10-11
COM003612,PRJ00827,STU0301,documentation,137,209,2026-02-11
COM003613,PRJ00291,STU0094,testing,20,67,2025-08-12
COM003614,PRJ00382,STU0149,testing,81,291,2024-08-29
COM003615,PRJ00837,STU0483,documentation,46,70,2024-11-18
COM003616,PRJ00767,STU0205,feature,67,96,2024-11-29
COM003617,PRJ00620,STU0401,testing,101,95,2024-09-11
COM003618,PRJ00170,STU0063,documentation,146,318,2025-05-07
COM003619,PRJ00132,STU0226,feature,100,214,2026-05-03
COM003620,PRJ00408,STU0445,feature,118,486,2024-09-03
COM003621,PRJ00954,STU0321,testing,106,91,2026-06-22
COM003622,PRJ00194,STU0146,refactor,98,313,2026-04-23
COM003623,PRJ00605,STU0183,testing,41,302,2025-05-10
COM003624,PRJ00937,STU0104,deployment,142,127,2024-09-03
COM003625,PRJ00221,STU0410,refactor,143,377,2025-07-13
COM003626,PRJ00489,STU0233,documentation,144,264,2025-04-01
COM003627,PRJ00476,STU0006,deployment,128,231,2025-06-20
COM003628,PRJ00626,STU0224,bugfix,97,470,2025-03-21
COM003629,PRJ00800,STU0422,documentation,5,155,2026-05-11
COM003630,PRJ00125,STU0004,bugfix,67,269,2025-08-19
COM003631,PRJ00177,STU0259,feature,135,486,2026-04-07
COM003632,PRJ00888,STU0088,refactor,65,49,2025-06-02
COM003633,PRJ00336,STU0013,bugfix,137,382,2025-10-24
COM003634,PRJ00195,STU0353,testing,23,80,2025-01-27
COM003635,PRJ00130,STU0156,documentation,4,16,2025-01-15
COM003636,PRJ00005,STU0050,feature,76,153,2025-02-10
COM003637,PRJ00051,STU0280,deployment,121,477,2025-08-21
COM003638,PRJ00409,STU0091,bugfix,19,490,2024-10-13
COM003639,PRJ00812,STU0045,refactor,60,437,2024-12-12
COM003640,PRJ00035,STU0326,refactor,146,37,2025-02-23
COM003641,PRJ00223,STU0436,refactor,32,9,2025-02-28
COM003642,PRJ00210,STU0353,testing,149,254,2025-06-04
COM003643,PRJ00330,STU0406,bugfix,141,241,2025-11-12
COM003644,PRJ00136,STU0247,feature,140,223,2025-04-03
COM003645,PRJ00660,STU0090,refactor,100,153,2025-06-21
COM003646,PRJ00164,STU0268,deployment,36,152,2025-04-16
COM003647,PRJ00931,STU0498,feature,86,318,2025-08-15
COM003648,PRJ00993,STU0151,deployment,40,29,2026-04-20
COM003649,PRJ00532,STU0235,bugfix,61,173,2025-03-16
COM003650,PRJ00852,STU0048,bugfix,9,292,2025-09-07
COM003651,PRJ00955,STU0164,documentation,111,220,2025-06-11
COM003652,PRJ00624,STU0219,feature,68,287,2024-11-21
COM003653,PRJ00928,STU0440,testing,104,65,2025-07-25
COM003654,PRJ00938,STU0260,testing,141,472,2025-02-22
COM003655,PRJ00997,STU0106,feature,96,206,2026-07-11
COM003656,PRJ00547,STU0003,bugfix,3,44,2026-07-19
COM003657,PRJ00486,STU0425,deployment,95,126,2026-02-12
COM003658,PRJ00644,STU0221,feature,116,316,2026-02-26
COM003659,PRJ00419,STU0002,documentation,27,480,2026-01-31
COM003660,PRJ00539,STU0467,documentation,148,171,2025-02-07
COM003661,PRJ00492,STU0098,bugfix,76,435,2026-02-11
COM003662,PRJ00867,STU0151,feature,81,127,2025-07-27
COM003663,PRJ00815,STU0192,refactor,127,132,2025-09-11
COM003664,PRJ00124,STU0447,deployment,43,163,2026-07-14
COM003665,PRJ00231,STU0134,feature,51,247,2024-11-21
COM003666,PRJ00677,STU0125,testing,82,436,2025-12-19
COM003667,PRJ00415,STU0293,feature,5,27,2024-12-02
COM003668,PRJ00509,STU0009,documentation,128,101,2024-12-18
COM003669,PRJ00658,STU0161,bugfix,20,255,2025-12-26
COM003670,PRJ00994,STU0166,refactor,17,116,2026-01-05
COM003671,PRJ00430,STU0478,feature,149,391,2025-10-02
COM003672,PRJ00680,STU0118,bugfix,13,76,2025-05-09
COM003673,PRJ00712,STU0398,refactor,20,303,2024-12-16
COM003674,PRJ00204,STU0460,testing,125,100,2025-01-09
COM003675,PRJ00216,STU0051,documentation,12,98,2024-09-23
COM003676,PRJ00306,STU0273,deployment,49,415,2024-09-28
COM003677,PRJ00301,STU0215,refactor,72,434,2025-05-15
COM003678,PRJ00460,STU0275,refactor,142,312,2026-02-26
COM003679,PRJ00001,STU0321,refactor,128,221,2024-09-09
COM003680,PRJ00027,STU0102,documentation,138,213,2025-08-04
COM003681,PRJ00887,STU0438,bugfix,59,162,2025-10-20
COM003682,PRJ00068,STU0169,feature,122,212,2024-12-31
COM003683,PRJ00330,STU0406,feature,20,403,2025-09-17
COM003684,PRJ00483,STU0011,deployment,10,471,2026-04-03
COM003685,PRJ00705,STU0492,testing,93,46,2024-08-15
COM003686,PRJ00495,STU0314,deployment,63,493,2025-02-27
COM003687,PRJ00674,STU0323,bugfix,139,304,2026-04-17
COM003688,PRJ00356,STU0428,feature,70,181,2025-10-24
COM003689,PRJ00393,STU0250,bugfix,67,19,2025-09-01
COM003690,PRJ00620,STU0401,feature,144,407,2025-11-30
COM003691,PRJ00363,STU0173,testing,2,177,2024-10-23
COM003692,PRJ00355,STU0435,testing,22,374,2026-05-17
COM003693,PRJ00755,STU0107,feature,84,459,2025-10-26
COM003694,PRJ00856,STU0352,documentation,68,139,2025-01-03
COM003695,PRJ00736,STU0026,testing,102,343,2025-04-04
COM003696,PRJ00375,STU0327,bugfix,31,472,2024-09-22
COM003697,PRJ00408,STU0445,feature,127,421,2026-06-21
COM003698,PRJ00485,STU0021,feature,14,146,2026-06-20
COM003699,PRJ00012,STU0409,testing,64,457,2024-08-28
COM003700,PRJ00849,STU0394,feature,81,164,2025-01-14
COM003701,PRJ00915,STU0247,refactor,32,277,2025-03-01
COM003702,PRJ00283,STU0362,feature,65,310,2026-08-06
COM003703,PRJ00946,STU0405,deployment,141,77,2025-10-30
COM003704,PRJ00183,STU0325,feature,140,13,2026-01-02
COM003705,PRJ00698,STU0164,bugfix,99,202,2024-11-25
COM003706,PRJ00788,STU0243,bugfix,12,123,2025-06-16
COM003707,PRJ00527,STU0181,refactor,141,284,2025-11-13
COM003708,PRJ00409,STU0091,deployment,73,322,2026-01-26
COM003709,PRJ00996,STU0341,deployment,7,338,2024-11-04
COM003710,PRJ00456,STU0466,testing,140,7,2025-04-26
COM003711,PRJ00156,STU0091,documentation,84,81,2025-05-25
COM003712,PRJ00623,STU0199,deployment,88,47,2026-05-21
COM003713,PRJ00995,STU0346,documentation,74,355,2025-11-14
COM003714,PRJ00448,STU0335,deployment,54,444,2025-12-22
COM003715,PRJ00209,STU0018,deployment,62,176,2026-01-12
COM003716,PRJ00739,STU0376,documentation,35,103,2026-02-17
COM003717,PRJ00057,STU0007,bugfix,121,154,2025-10-22
COM003718,PRJ00270,STU0416,feature,130,465,2026-01-15
COM003719,PRJ00520,STU0113,feature,112,250,2026-04-08
COM003720,PRJ00044,STU0218,testing,144,248,2026-03-02
COM003721,PRJ00993,STU0151,feature,45,22,2025-11-21
COM003722,PRJ00696,STU0253,deployment,32,307,2025-10-01
COM003723,PRJ00717,STU0102,testing,25,277,2025-01-05
COM003724,PRJ00860,STU0400,deployment,74,444,2026-01-03
COM003725,PRJ00228,STU0019,feature,25,103,2025-10-18
COM003726,PRJ00698,STU0164,bugfix,101,194,2025-06-21
COM003727,PRJ00103,STU0086,feature,87,276,2026-04-28
COM003728,PRJ00283,STU0362,testing,88,288,2026-06-02
COM003729,PRJ00049,STU0013,refactor,43,410,2026-08-08
COM003730,PRJ00409,STU0091,bugfix,49,337,2025-04-29
COM003731,PRJ00123,STU0125,feature,105,17,2024-11-02
COM003732,PRJ00303,STU0215,documentation,42,76,2026-04-05
COM003733,PRJ00019,STU0342,refactor,59,308,2025-10-21
COM003734,PRJ00927,STU0413,documentation,3,244,2025-09-11
COM003735,PRJ00489,STU0233,refactor,95,365,2024-08-15
COM003736,PRJ00286,STU0010,refactor,124,372,2025-03-22
COM003737,PRJ00715,STU0301,feature,138,348,2025-04-30
COM003738,PRJ00914,STU0491,deployment,37,471,2026-02-23
COM003739,PRJ00656,STU0495,bugfix,22,228,2025-10-09
COM003740,PRJ00769,STU0456,feature,76,200,2025-11-26
COM003741,PRJ00764,STU0384,feature,148,174,2024-09-25
COM003742,PRJ00747,STU0381,bugfix,149,140,2025-08-31
COM003743,PRJ00432,STU0342,documentation,101,209,2024-12-15
COM003744,PRJ00136,STU0247,documentation,48,128,2024-10-26
COM003745,PRJ00335,STU0262,deployment,149,193,2026-05-15
COM003746,PRJ00945,STU0245,feature,95,119,2025-03-31
COM003747,PRJ01000,STU0107,feature,37,384,2025-03-03
COM003748,PRJ00394,STU0439,feature,138,155,2024-12-14
COM003749,PRJ00017,STU0420,bugfix,97,249,2025-08-27
COM003750,PRJ00833,STU0130,testing,116,4,2025-07-23
COM003751,PRJ00222,STU0106,documentation,134,206,2025-06-18
COM003752,PRJ00050,STU0039,refactor,15,202,2024-10-21
COM003753,PRJ00243,STU0051,feature,103,203,2024-08-29
COM003754,PRJ00245,STU0133,documentation,4,190,2024-11-30
COM003755,PRJ00046,STU0266,bugfix,137,455,2026-03-11
COM003756,PRJ00657,STU0030,feature,111,137,2026-06-16
COM003757,PRJ00858,STU0335,feature,141,301,2026-05-27
COM003758,PRJ00124,STU0447,feature,57,301,2024-09-09
COM003759,PRJ00045,STU0282,testing,32,85,2025-05-23
COM003760,PRJ00061,STU0225,deployment,62,328,2024-10-13
COM003761,PRJ00030,STU0071,bugfix,95,70,2024-12-11
COM003762,PRJ00024,STU0095,testing,69,174,2025-10-05
COM003763,PRJ00162,STU0300,deployment,53,393,2025-11-20
COM003764,PRJ00966,STU0029,documentation,96,292,2024-11-25
COM003765,PRJ00479,STU0288,deployment,95,119,2025-02-17
COM003766,PRJ00879,STU0257,feature,149,333,2024-12-14
COM003767,PRJ00845,STU0193,bugfix,102,22,2025-03-01
COM003768,PRJ00051,STU0280,testing,138,221,2025-06-13
COM003769,PRJ00045,STU0282,bugfix,120,179,2026-04-21
COM003770,PRJ00940,STU0268,documentation,77,339,2024-12-29
COM003771,PRJ00330,STU0406,refactor,71,323,2025-06-08
COM003772,PRJ00605,STU0183,bugfix,13,164,2025-11-20
COM003773,PRJ00293,STU0130,deployment,144,493,2025-03-09
COM003774,PRJ00620,STU0401,refactor,75,474,2025-11-07
COM003775,PRJ00338,STU0087,bugfix,133,47,2025-08-14
COM003776,PRJ00128,STU0219,testing,6,323,2025-11-10
COM003777,PRJ00575,STU0349,feature,142,305,2024-12-10
COM003778,PRJ00399,STU0205,refactor,91,272,2024-10-01
COM003779,PRJ00217,STU0417,refactor,74,391,2026-07-06
COM003780,PRJ00339,STU0040,documentation,105,81,2025-03-20
COM003781,PRJ00888,STU0088,bugfix,96,77,2025-11-15
COM003782,PRJ00127,STU0304,documentation,128,27,2025-06-03
COM003783,PRJ00323,STU0097,deployment,106,195,2026-03-10
COM003784,PRJ00013,STU0224,bugfix,106,53,2024-11-04
COM003785,PRJ00831,STU0084,documentation,37,159,2025-07-02
COM003786,PRJ00555,STU0284,documentation,9,230,2025-06-17
COM003787,PRJ00011,STU0372,refactor,116,443,2025-09-16
COM003788,PRJ00656,STU0495,bugfix,109,462,2024-11-28
COM003789,PRJ00944,STU0032,documentation,6,68,2025-05-19
COM003790,PRJ00202,STU0068,refactor,18,188,2025-04-20
COM003791,PRJ00517,STU0113,refactor,8,37,2025-07-08
COM003792,PRJ00384,STU0083,bugfix,3,35,2024-08-22
COM003793,PRJ00452,STU0135,bugfix,25,217,2024-08-30
COM003794,PRJ00509,STU0009,feature,82,217,2026-05-18
COM003795,PRJ00056,STU0422,refactor,136,226,2024-12-09
COM003796,PRJ00586,STU0369,feature,97,67,2025-11-12
COM003797,PRJ00184,STU0478,refactor,79,39,2026-04-24
COM003798,PRJ00215,STU0197,bugfix,85,158,2026-03-03
COM003799,PRJ00453,STU0433,testing,69,29,2025-04-29
COM003800,PRJ00727,STU0211,documentation,69,375,2026-07-09
COM003801,PRJ00764,STU0384,refactor,56,50,2026-07-24
COM003802,PRJ00697,STU0297,refactor,121,299,2025-06-02
COM003803,PRJ00056,STU0422,refactor,119,64,2025-04-02
COM003804,PRJ00587,STU0402,deployment,22,389,2025-02-28
COM003805,PRJ00659,STU0133,testing,149,273,2025-05-16
COM003806,PRJ00408,STU0445,documentation,78,434,2025-12-24
COM003807,PRJ00736,STU0026,documentation,150,110,2025-11-09
COM003808,PRJ00440,STU0099,refactor,101,454,2026-06-11
COM003809,PRJ00127,STU0304,testing,62,100,2025-01-29
COM003810,PRJ00903,STU0215,refactor,128,136,2025-09-19
COM003811,PRJ00643,STU0023,deployment,145,236,2025-11-06
COM003812,PRJ00406,STU0110,testing,3,192,2025-11-05
COM003813,PRJ00704,STU0106,documentation,14,396,2024-10-11
COM003814,PRJ00191,STU0309,bugfix,124,434,2024-09-16
COM003815,PRJ00486,STU0425,deployment,24,278,2025-06-28
COM003816,PRJ00272,STU0102,bugfix,3,413,2024-12-17
COM003817,PRJ00658,STU0161,feature,146,96,2026-08-09
COM003818,PRJ00168,STU0030,feature,94,222,2026-07-31
COM003819,PRJ00501,STU0338,bugfix,57,98,2026-03-10
COM003820,PRJ00871,STU0458,bugfix,124,109,2025-10-09
COM003821,PRJ00806,STU0087,deployment,36,108,2025-06-20
COM003822,PRJ00580,STU0417,documentation,76,133,2026-06-28
COM003823,PRJ00041,STU0356,bugfix,145,472,2026-06-29
COM003824,PRJ00137,STU0080,refactor,63,391,2025-05-16
COM003825,PRJ00168,STU0030,documentation,119,193,2025-09-19
COM003826,PRJ00633,STU0228,testing,49,133,2024-09-17
COM003827,PRJ00170,STU0063,documentation,123,471,2026-03-19
COM003828,PRJ00243,STU0051,testing,42,115,2024-12-15
COM003829,PRJ00739,STU0376,testing,88,334,2024-08-25
COM003830,PRJ00145,STU0362,feature,36,123,2026-02-13
COM003831,PRJ00703,STU0386,bugfix,7,295,2025-03-25
COM003832,PRJ00097,STU0092,refactor,2,34,2026-07-17
COM003833,PRJ00434,STU0180,testing,50,117,2026-07-09
COM003834,PRJ00780,STU0111,bugfix,134,143,2026-07-30
COM003835,PRJ00301,STU0215,bugfix,56,493,2026-01-22
COM003836,PRJ00305,STU0407,documentation,20,310,2026-07-13
COM003837,PRJ00606,STU0321,testing,40,456,2026-01-05
COM003838,PRJ00623,STU0199,feature,125,170,2026-04-12
COM003839,PRJ00840,STU0001,refactor,23,169,2024-12-15
COM003840,PRJ00863,STU0102,refactor,89,65,2026-04-20
COM003841,PRJ00919,STU0337,documentation,16,469,2025-10-24
COM003842,PRJ00949,STU0298,documentation,84,224,2026-07-22
COM003843,PRJ00583,STU0240,deployment,19,104,2026-06-29
COM003844,PRJ00565,STU0055,bugfix,33,16,2026-05-12
COM003845,PRJ00004,STU0029,deployment,102,404,2025-04-17
COM003846,PRJ00292,STU0147,bugfix,56,345,2025-06-10
COM003847,PRJ00159,STU0462,bugfix,112,321,2025-08-17
COM003848,PRJ00743,STU0419,bugfix,34,253,2024-09-10
COM003849,PRJ00461,STU0461,documentation,121,112,2024-11-22
COM003850,PRJ00209,STU0018,feature,108,454,2025-09-24
COM003851,PRJ00744,STU0259,testing,10,489,2026-03-27
COM003852,PRJ00408,STU0445,documentation,78,374,2024-10-22
COM003853,PRJ00490,STU0015,feature,115,2,2025-04-27
COM003854,PRJ00213,STU0329,testing,94,27,2025-06-15
COM003855,PRJ00244,STU0093,documentation,10,172,2025-09-15
COM003856,PRJ00630,STU0161,refactor,45,320,2025-05-09
COM003857,PRJ00516,STU0266,refactor,36,323,2025-06-03
COM003858,PRJ00295,STU0185,feature,11,328,2025-04-27
COM003859,PRJ00485,STU0021,deployment,78,373,2026-04-11
COM003860,PRJ00055,STU0438,bugfix,128,139,2025-09-23
COM003861,PRJ00019,STU0342,deployment,113,243,2026-06-25
COM003862,PRJ00801,STU0243,refactor,131,86,2024-10-13
COM003863,PRJ00439,STU0172,documentation,109,71,2025-11-27
COM003864,PRJ00381,STU0301,testing,2,432,2024-10-09
COM003865,PRJ00949,STU0298,documentation,42,8,2025-12-26
COM003866,PRJ00863,STU0102,feature,64,362,2025-03-22
COM003867,PRJ00415,STU0293,bugfix,132,340,2026-03-11
COM003868,PRJ00366,STU0425,deployment,105,453,2025-05-25
COM003869,PRJ00979,STU0446,refactor,107,374,2025-07-29
COM003870,PRJ00073,STU0201,refactor,148,230,2026-07-11
COM003871,PRJ00274,STU0102,refactor,126,331,2026-04-05
COM003872,PRJ00601,STU0323,bugfix,28,268,2025-07-27
COM003873,PRJ00948,STU0302,bugfix,148,348,2025-08-20
COM003874,PRJ00497,STU0386,deployment,149,430,2025-02-18
COM003875,PRJ00555,STU0284,deployment,73,432,2024-11-21
COM003876,PRJ00613,STU0016,feature,67,307,2025-03-04
COM003877,PRJ00936,STU0236,deployment,131,219,2025-04-14
COM003878,PRJ00036,STU0405,testing,82,417,2025-05-29
COM003879,PRJ00322,STU0048,feature,74,306,2025-04-02
COM003880,PRJ00720,STU0195,deployment,55,74,2025-06-29
COM003881,PRJ00844,STU0282,documentation,113,152,2026-03-29
COM003882,PRJ00222,STU0106,bugfix,35,382,2025-03-09
COM003883,PRJ00228,STU0019,testing,67,458,2026-03-14
COM003884,PRJ00391,STU0364,feature,35,52,2025-12-28
COM003885,PRJ00161,STU0194,deployment,142,300,2026-01-09
COM003886,PRJ00721,STU0337,testing,21,339,2026-03-02
COM003887,PRJ00888,STU0088,feature,86,316,2024-11-18
COM003888,PRJ00296,STU0122,testing,88,117,2025-06-23
COM003889,PRJ00258,STU0430,feature,3,359,2026-05-15
COM003890,PRJ00075,STU0446,bugfix,117,224,2025-02-14
COM003891,PRJ00760,STU0108,deployment,43,71,2025-11-15
COM003892,PRJ00932,STU0192,bugfix,137,361,2026-01-18
COM003893,PRJ00938,STU0260,refactor,129,154,2025-05-01
COM003894,PRJ00177,STU0259,deployment,43,175,2026-03-24
COM003895,PRJ00408,STU0445,deployment,120,383,2026-04-12
COM003896,PRJ00517,STU0113,deployment,127,33,2026-05-28
COM003897,PRJ00868,STU0153,testing,130,270,2024-12-03
COM003898,PRJ00145,STU0362,bugfix,54,231,2026-02-28
COM003899,PRJ00539,STU0467,deployment,141,333,2025-07-27
COM003900,PRJ00495,STU0314,feature,86,337,2025-07-22
COM003901,PRJ00560,STU0015,refactor,19,199,2025-01-23
COM003902,PRJ00535,STU0338,feature,100,358,2026-03-04
COM003903,PRJ00079,STU0467,deployment,53,358,2024-11-30
COM003904,PRJ00741,STU0145,refactor,149,329,2026-08-10
COM003905,PRJ00379,STU0385,documentation,80,240,2025-10-16
COM003906,PRJ00766,STU0412,testing,139,498,2025-01-01
COM003907,PRJ00891,STU0232,refactor,102,13,2026-04-05
COM003908,PRJ00772,STU0269,deployment,85,264,2025-07-20
COM003909,PRJ00439,STU0172,deployment,115,320,2026-03-29
COM003910,PRJ00276,STU0372,testing,101,99,2025-02-22
COM003911,PRJ00905,STU0313,deployment,140,124,2025-03-28
COM003912,PRJ00995,STU0346,feature,115,79,2025-12-15
COM003913,PRJ00207,STU0499,documentation,32,26,2026-05-05
COM003914,PRJ00860,STU0400,testing,17,294,2024-12-11
COM003915,PRJ00902,STU0336,bugfix,108,43,2025-12-31
COM003916,PRJ00394,STU0439,documentation,35,4,2025-02-13
COM003917,PRJ00102,STU0349,documentation,84,183,2026-05-23
COM003918,PRJ00923,STU0141,refactor,117,351,2024-10-24
COM003919,PRJ00519,STU0359,documentation,73,170,2024-09-09
COM003920,PRJ00512,STU0078,deployment,135,485,2025-11-03
COM003921,PRJ00409,STU0091,refactor,85,385,2024-12-26
COM003922,PRJ00777,STU0141,refactor,128,181,2025-10-20
COM003923,PRJ00103,STU0086,bugfix,67,241,2024-08-12
COM003924,PRJ00442,STU0265,refactor,3,4,2026-04-29
COM003925,PRJ00054,STU0418,documentation,136,229,2026-05-28
COM003926,PRJ00346,STU0219,testing,108,414,2025-06-22
COM003927,PRJ00544,STU0495,bugfix,76,350,2025-07-16
COM003928,PRJ00059,STU0301,refactor,20,213,2025-11-12
COM003929,PRJ00392,STU0391,refactor,67,167,2026-06-25
COM003930,PRJ00110,STU0155,bugfix,46,457,2024-12-10
COM003931,PRJ00263,STU0457,refactor,68,36,2025-09-01
COM003932,PRJ00789,STU0041,testing,122,478,2024-11-04
COM003933,PRJ00304,STU0357,feature,38,411,2026-03-31
COM003934,PRJ00869,STU0019,bugfix,53,271,2026-06-07
COM003935,PRJ00417,STU0078,testing,111,9,2025-09-28
COM003936,PRJ00525,STU0073,bugfix,83,421,2025-03-03
COM003937,PRJ00482,STU0232,feature,18,232,2024-08-17
COM003938,PRJ00021,STU0054,bugfix,106,100,2025-12-30
COM003939,PRJ00047,STU0319,testing,78,415,2026-04-28
COM003940,PRJ00960,STU0080,refactor,41,470,2026-02-05
COM003941,PRJ00218,STU0402,testing,107,32,2026-03-02
COM003942,PRJ00178,STU0427,feature,87,375,2024-10-26
COM003943,PRJ00050,STU0039,testing,138,115,2026-01-01
COM003944,PRJ00032,STU0410,testing,73,383,2025-11-04
COM003945,PRJ00071,STU0106,bugfix,70,343,2026-04-28
COM003946,PRJ00593,STU0408,feature,112,327,2026-05-29
COM003947,PRJ00068,STU0169,testing,123,306,2026-04-25
COM003948,PRJ00497,STU0386,testing,126,70,2025-12-23
COM003949,PRJ00861,STU0403,refactor,88,79,2025-09-09
COM003950,PRJ00569,STU0328,refactor,30,108,2026-03-11
COM003951,PRJ00372,STU0054,documentation,71,270,2025-11-07
COM003952,PRJ00014,STU0398,refactor,83,469,2025-07-16
COM003953,PRJ00044,STU0218,documentation,54,182,2026-01-20
COM003954,PRJ00772,STU0269,documentation,127,154,2025-01-07
COM003955,PRJ00522,STU0376,feature,148,165,2025-01-20
COM003956,PRJ00511,STU0475,deployment,59,294,2025-01-25
COM003957,PRJ00258,STU0430,deployment,6,455,2026-08-10
COM003958,PRJ00345,STU0200,testing,142,24,2026-03-14
COM003959,PRJ00144,STU0127,deployment,112,1,2025-06-03
COM003960,PRJ00173,STU0497,deployment,66,139,2025-03-24
COM003961,PRJ00151,STU0454,deployment,13,411,2025-06-22
COM003962,PRJ00239,STU0006,feature,92,467,2025-06-29
COM003963,PRJ00544,STU0495,testing,37,171,2025-04-11
COM003964,PRJ00534,STU0266,refactor,6,240,2024-08-21
COM003965,PRJ00196,STU0150,refactor,41,21,2025-05-06
COM003966,PRJ00233,STU0037,feature,146,381,2025-02-07
COM003967,PRJ00451,STU0057,deployment,119,242,2024-10-14
COM003968,PRJ00293,STU0130,testing,113,236,2025-11-26
COM003969,PRJ00372,STU0054,testing,95,490,2026-06-27
COM003970,PRJ00972,STU0200,feature,81,35,2025-12-21
COM003971,PRJ00526,STU0091,documentation,70,466,2025-04-29
COM003972,PRJ00704,STU0106,testing,42,104,2025-07-01
COM003973,PRJ00004,STU0029,testing,135,387,2025-11-27
COM003974,PRJ00742,STU0140,bugfix,83,403,2024-08-19
COM003975,PRJ00657,STU0030,testing,103,357,2025-07-26
COM003976,PRJ00527,STU0181,refactor,29,293,2025-07-20
COM003977,PRJ00431,STU0052,bugfix,64,332,2026-01-02
COM003978,PRJ00785,STU0459,bugfix,45,498,2024-10-19
COM003979,PRJ00913,STU0347,documentation,9,378,2025-06-19
COM003980,PRJ00659,STU0133,refactor,142,193,2025-12-12
COM003981,PRJ00734,STU0011,testing,73,85,2024-12-02
COM003982,PRJ00471,STU0086,documentation,125,150,2026-05-15
COM003983,PRJ00951,STU0308,testing,55,51,2024-08-27
COM003984,PRJ00870,STU0274,documentation,51,359,2024-11-26
COM003985,PRJ00003,STU0029,documentation,105,94,2025-02-15
COM003986,PRJ00864,STU0145,testing,56,337,2025-11-15
COM003987,PRJ00990,STU0232,deployment,24,191,2024-10-30
COM003988,PRJ00095,STU0064,testing,25,240,2025-01-04
COM003989,PRJ00554,STU0350,testing,40,151,2026-07-27
COM003990,PRJ00798,STU0140,bugfix,99,422,2025-01-10
COM003991,PRJ00371,STU0412,refactor,146,160,2025-07-16
COM003992,PRJ00425,STU0181,testing,142,304,2024-11-10
COM003993,PRJ00857,STU0164,feature,109,476,2024-11-15
COM003994,PRJ00157,STU0094,bugfix,36,236,2025-08-22
COM003995,PRJ00743,STU0419,bugfix,58,335,2025-06-23
COM003996,PRJ00486,STU0425,feature,117,320,2024-09-11
COM003997,PRJ00515,STU0207,testing,8,78,2026-03-12
COM003998,PRJ00906,STU0047,bugfix,60,242,2025-09-05
COM003999,PRJ00696,STU0253,testing,16,19,2026-04-04
COM004000,PRJ00726,STU0204,documentation,82,422,2026-06-24
COM004001,PRJ00280,STU0145,deployment,140,322,2026-03-11
COM004002,PRJ00654,STU0292,documentation,16,344,2025-09-18
COM004003,PRJ00910,STU0237,testing,73,415,2026-06-21
COM004004,PRJ00478,STU0146,documentation,150,166,2025-10-11
COM004005,PRJ00721,STU0337,refactor,20,322,2026-05-09
COM004006,PRJ00811,STU0180,documentation,109,255,2026-07-10
COM004007,PRJ00322,STU0048,refactor,53,304,2025-03-26
COM004008,PRJ00538,STU0348,feature,141,277,2025-04-12
COM004009,PRJ00640,STU0429,deployment,12,432,2026-04-12
COM004010,PRJ00464,STU0382,deployment,55,237,2025-11-04
COM004011,PRJ00527,STU0181,feature,92,299,2025-08-10
COM004012,PRJ00067,STU0033,refactor,128,309,2026-06-14
COM004013,PRJ00060,STU0161,testing,150,155,2025-11-05
COM004014,PRJ00379,STU0385,testing,101,86,2024-11-07
COM004015,PRJ00415,STU0293,testing,55,259,2024-10-14
COM004016,PRJ00270,STU0416,testing,133,227,2025-10-07
COM004017,PRJ00421,STU0308,bugfix,136,12,2026-03-29
COM004018,PRJ00882,STU0307,bugfix,6,351,2024-11-05
COM004019,PRJ00491,STU0166,documentation,22,78,2024-10-28
COM004020,PRJ00244,STU0093,testing,104,349,2026-04-28
COM004021,PRJ00112,STU0474,bugfix,31,480,2025-03-16
COM004022,PRJ00647,STU0444,deployment,9,324,2025-05-03
COM004023,PRJ00871,STU0458,refactor,24,281,2025-03-01
COM004024,PRJ00900,STU0388,testing,27,80,2025-07-06
COM004025,PRJ00951,STU0308,testing,140,268,2026-07-02
COM004026,PRJ00660,STU0090,documentation,27,262,2026-03-23
COM004027,PRJ00786,STU0341,bugfix,8,333,2025-01-08
COM004028,PRJ00848,STU0178,documentation,3,469,2024-09-09
COM004029,PRJ00412,STU0459,documentation,11,448,2025-01-31
COM004030,PRJ00122,STU0417,feature,118,301,2024-12-28
COM004031,PRJ00136,STU0247,bugfix,125,400,2025-02-20
COM004032,PRJ00151,STU0454,testing,144,74,2025-04-10
COM004033,PRJ00397,STU0330,testing,61,115,2025-07-19
COM004034,PRJ00282,STU0443,deployment,132,340,2025-06-15
COM004035,PRJ00953,STU0128,documentation,79,312,2025-09-05
COM004036,PRJ00924,STU0148,documentation,13,125,2025-11-08
COM004037,PRJ00731,STU0373,refactor,13,216,2026-07-21
COM004038,PRJ00503,STU0097,refactor,119,262,2025-01-06
COM004039,PRJ00629,STU0030,documentation,134,401,2025-09-30
COM004040,PRJ00748,STU0052,bugfix,50,174,2025-02-03
COM004041,PRJ00363,STU0173,deployment,116,7,2025-11-26
COM004042,PRJ00820,STU0226,documentation,115,121,2025-07-28
COM004043,PRJ00758,STU0380,feature,45,431,2024-11-07
COM004044,PRJ00825,STU0133,deployment,57,52,2026-01-21
COM004045,PRJ00331,STU0044,refactor,89,324,2026-01-05
COM004046,PRJ00044,STU0218,deployment,83,226,2025-04-18
COM004047,PRJ00693,STU0069,feature,93,66,2024-10-17
COM004048,PRJ00660,STU0090,feature,136,245,2025-09-22
COM004049,PRJ00633,STU0228,testing,58,265,2026-04-12
COM004050,PRJ00281,STU0079,deployment,73,135,2024-11-26
COM004051,PRJ00046,STU0266,refactor,96,261,2026-01-04
COM004052,PRJ00551,STU0243,bugfix,28,498,2025-06-30
COM004053,PRJ00079,STU0467,refactor,18,158,2025-04-24
COM004054,PRJ00910,STU0237,documentation,15,334,2026-05-30
COM004055,PRJ00942,STU0021,deployment,28,386,2025-05-01
COM004056,PRJ00157,STU0094,bugfix,84,436,2025-09-16
COM004057,PRJ00051,STU0280,bugfix,104,275,2026-07-01
COM004058,PRJ00455,STU0040,feature,85,322,2025-07-21
COM004059,PRJ00769,STU0456,documentation,138,309,2025-03-15
COM004060,PRJ00077,STU0351,deployment,11,299,2026-07-09
COM004061,PRJ00655,STU0237,documentation,117,317,2026-04-26
COM004062,PRJ00458,STU0248,testing,15,448,2025-03-08
COM004063,PRJ00904,STU0115,bugfix,61,328,2025-07-26
COM004064,PRJ00997,STU0106,refactor,70,183,2025-11-06
COM004065,PRJ00437,STU0124,testing,76,135,2024-12-04
COM004066,PRJ00422,STU0498,documentation,149,415,2026-03-17
COM004067,PRJ00301,STU0215,feature,61,420,2025-03-21
COM004068,PRJ00791,STU0356,documentation,111,489,2024-09-06
COM004069,PRJ00306,STU0273,feature,18,222,2026-07-26
COM004070,PRJ00224,STU0153,bugfix,83,246,2025-07-26
COM004071,PRJ00224,STU0153,documentation,131,339,2024-11-19
COM004072,PRJ00214,STU0294,feature,92,299,2025-11-01
COM004073,PRJ00968,STU0427,documentation,95,232,2025-12-13
COM004074,PRJ00724,STU0497,bugfix,39,340,2026-06-07
COM004075,PRJ00450,STU0043,bugfix,28,261,2025-03-02
COM004076,PRJ00403,STU0169,testing,55,364,2026-01-12
COM004077,PRJ00039,STU0086,bugfix,146,425,2025-04-05
COM004078,PRJ00091,STU0129,refactor,145,189,2025-11-29
COM004079,PRJ00944,STU0032,deployment,79,329,2026-02-25
COM004080,PRJ00168,STU0030,bugfix,60,90,2024-10-16
COM004081,PRJ00308,STU0106,feature,98,438,2026-05-29
COM004082,PRJ00755,STU0107,refactor,19,282,2026-06-19
COM004083,PRJ00356,STU0428,deployment,67,276,2026-04-16
COM004084,PRJ00254,STU0351,testing,112,409,2026-04-15
COM004085,PRJ00399,STU0205,feature,121,467,2025-01-09
COM004086,PRJ00213,STU0329,refactor,76,407,2024-12-31
COM004087,PRJ00394,STU0439,documentation,67,200,2026-03-30
COM004088,PRJ00181,STU0015,deployment,33,177,2025-02-16
COM004089,PRJ00761,STU0492,deployment,148,183,2026-06-06
COM004090,PRJ00558,STU0227,refactor,23,472,2024-10-21
COM004091,PRJ00643,STU0023,documentation,70,380,2025-06-09
COM004092,PRJ00955,STU0164,testing,31,218,2025-04-03
COM004093,PRJ00066,STU0291,documentation,2,173,2025-08-04
COM004094,PRJ00014,STU0398,bugfix,44,40,2024-10-23
COM004095,PRJ00526,STU0091,deployment,26,208,2025-06-08
COM004096,PRJ00579,STU0141,testing,20,331,2025-11-02
COM004097,PRJ00855,STU0265,refactor,27,117,2025-04-26
COM004098,PRJ00807,STU0207,refactor,72,342,2025-09-03
COM004099,PRJ00492,STU0098,documentation,16,362,2026-01-21
COM004100,PRJ00605,STU0183,refactor,145,105,2026-07-23
COM004101,PRJ00711,STU0260,documentation,117,148,2026-04-25
COM004102,PRJ00027,STU0102,deployment,34,303,2026-01-03
COM004103,PRJ00830,STU0172,deployment,34,275,2026-08-10
COM004104,PRJ00415,STU0293,refactor,63,498,2026-05-26
COM004105,PRJ00207,STU0499,feature,40,218,2025-06-21
COM004106,PRJ00985,STU0017,deployment,91,497,2025-01-31
COM004107,PRJ00956,STU0034,deployment,9,295,2025-08-22
COM004108,PRJ00744,STU0259,deployment,100,363,2025-10-03
COM004109,PRJ00839,STU0411,bugfix,31,286,2025-07-30
COM004110,PRJ00913,STU0347,bugfix,108,194,2026-06-14
COM004111,PRJ00464,STU0382,documentation,33,308,2026-01-23
COM004112,PRJ00765,STU0020,documentation,108,212,2026-01-10
COM004113,PRJ00446,STU0279,feature,2,72,2025-02-01
COM004114,PRJ00321,STU0374,deployment,102,469,2025-01-03
COM004115,PRJ00247,STU0399,refactor,46,416,2026-06-20
COM004116,PRJ00973,STU0301,feature,36,407,2026-01-02
COM004117,PRJ00870,STU0274,bugfix,36,349,2025-12-25
COM004118,PRJ00716,STU0078,bugfix,70,315,2026-02-16
COM004119,PRJ00603,STU0443,testing,12,38,2025-12-30
COM004120,PRJ00922,STU0353,bugfix,114,498,2026-01-13
COM004121,PRJ00434,STU0180,testing,58,457,2025-09-24
COM004122,PRJ00432,STU0342,documentation,93,317,2025-08-13
COM004123,PRJ00759,STU0290,feature,26,243,2025-01-28
COM004124,PRJ00885,STU0278,documentation,20,168,2026-05-28
COM004125,PRJ00154,STU0418,deployment,79,142,2026-04-18
COM004126,PRJ00834,STU0206,documentation,32,141,2026-06-04
COM004127,PRJ00301,STU0215,feature,44,109,2026-06-07
COM004128,PRJ00252,STU0044,refactor,18,235,2024-11-20
COM004129,PRJ00312,STU0274,documentation,94,223,2024-12-31
COM004130,PRJ00903,STU0215,refactor,37,445,2025-11-19
COM004131,PRJ00829,STU0184,documentation,15,57,2024-08-14
COM004132,PRJ00563,STU0207,documentation,65,251,2025-05-04
COM004133,PRJ00770,STU0351,bugfix,99,112,2024-12-11
COM004134,PRJ00069,STU0054,testing,93,377,2024-09-06
COM004135,PRJ00927,STU0413,deployment,99,458,2026-05-26
COM004136,PRJ00628,STU0024,deployment,87,183,2025-07-07
COM004137,PRJ00597,STU0358,bugfix,48,249,2026-06-28
COM004138,PRJ00702,STU0115,documentation,98,436,2026-08-06
COM004139,PRJ00902,STU0336,refactor,25,153,2025-03-02
COM004140,PRJ00623,STU0199,feature,8,111,2024-12-20
COM004141,PRJ00950,STU0413,testing,84,2,2024-10-31
COM004142,PRJ00997,STU0106,bugfix,87,176,2025-08-07
COM004143,PRJ00066,STU0291,deployment,55,426,2025-06-17
COM004144,PRJ00960,STU0080,refactor,75,474,2026-02-21
COM004145,PRJ00700,STU0295,refactor,142,205,2025-05-01
COM004146,PRJ00493,STU0445,bugfix,48,274,2024-11-24
COM004147,PRJ00933,STU0090,testing,60,294,2025-01-23
COM004148,PRJ00001,STU0321,refactor,122,387,2024-09-02
COM004149,PRJ00247,STU0399,bugfix,18,130,2025-10-30
COM004150,PRJ00948,STU0302,refactor,72,194,2024-12-11
COM004151,PRJ00749,STU0048,deployment,23,192,2026-05-21
COM004152,PRJ00704,STU0106,documentation,76,298,2026-04-05
COM004153,PRJ00850,STU0422,bugfix,40,184,2025-03-22
COM004154,PRJ00096,STU0391,feature,68,357,2024-10-30
COM004155,PRJ00801,STU0243,testing,119,270,2025-02-03
COM004156,PRJ00530,STU0156,documentation,83,110,2026-01-22
COM004157,PRJ00066,STU0291,bugfix,4,149,2025-03-30
COM004158,PRJ00015,STU0176,testing,84,147,2025-05-20
COM004159,PRJ00250,STU0209,documentation,128,334,2024-12-28
COM004160,PRJ00446,STU0279,documentation,26,264,2025-06-17
COM004161,PRJ00199,STU0281,feature,137,412,2025-05-11
COM004162,PRJ00383,STU0048,testing,15,31,2025-05-28
COM004163,PRJ00103,STU0086,deployment,139,246,2025-12-28
COM004164,PRJ00989,STU0098,bugfix,23,160,2025-10-29
COM004165,PRJ00212,STU0006,testing,23,167,2025-07-03
COM004166,PRJ00095,STU0064,feature,66,118,2024-08-23
COM004167,PRJ00444,STU0082,documentation,138,212,2025-04-30
COM004168,PRJ00175,STU0338,deployment,28,484,2024-11-22
COM004169,PRJ00820,STU0226,feature,126,409,2024-11-05
COM004170,PRJ00562,STU0192,feature,142,234,2025-01-24
COM004171,PRJ00100,STU0476,feature,105,324,2026-06-14
COM004172,PRJ00538,STU0348,refactor,110,155,2024-11-21
COM004173,PRJ00132,STU0226,refactor,118,430,2026-05-02
COM004174,PRJ00055,STU0438,documentation,142,334,2025-11-08
COM004175,PRJ00858,STU0335,feature,38,443,2025-04-28
COM004176,PRJ00439,STU0172,testing,52,126,2025-01-24
COM004177,PRJ00947,STU0227,deployment,20,191,2024-09-03
COM004178,PRJ00965,STU0218,refactor,47,362,2025-09-08
COM004179,PRJ00761,STU0492,bugfix,5,207,2025-08-18
COM004180,PRJ00035,STU0326,feature,49,100,2025-12-29
COM004181,PRJ00056,STU0422,bugfix,130,222,2025-04-04
COM004182,PRJ00896,STU0149,refactor,87,466,2026-03-02
COM004183,PRJ00713,STU0478,feature,85,469,2026-05-11
COM004184,PRJ00851,STU0256,bugfix,45,148,2025-04-02
COM004185,PRJ00759,STU0290,feature,26,149,2025-08-08
COM004186,PRJ00808,STU0076,bugfix,8,207,2026-04-23
COM004187,PRJ00419,STU0002,documentation,11,53,2026-04-04
COM004188,PRJ00323,STU0097,feature,67,164,2025-10-09
COM004189,PRJ00757,STU0031,testing,146,73,2025-07-12
COM004190,PRJ00020,STU0494,feature,104,218,2025-07-09
COM004191,PRJ00915,STU0247,bugfix,54,435,2026-05-04
COM004192,PRJ00758,STU0380,testing,38,66,2024-11-29
COM004193,PRJ00139,STU0482,bugfix,73,20,2025-01-20
COM004194,PRJ00033,STU0452,refactor,61,445,2025-01-25
COM004195,PRJ00602,STU0458,bugfix,49,341,2026-04-13
COM004196,PRJ00181,STU0015,feature,97,194,2026-04-23
COM004197,PRJ00144,STU0127,deployment,9,49,2024-12-12
COM004198,PRJ00984,STU0031,deployment,13,436,2025-10-29
COM004199,PRJ00078,STU0229,feature,55,132,2024-10-12
COM004200,PRJ00548,STU0071,refactor,55,115,2025-04-18
COM004201,PRJ00590,STU0490,feature,51,117,2026-01-08
COM004202,PRJ00658,STU0161,bugfix,95,93,2026-05-14
COM004203,PRJ00530,STU0156,documentation,31,408,2025-07-12
COM004204,PRJ00220,STU0442,bugfix,64,376,2025-06-18
COM004205,PRJ00613,STU0016,refactor,87,427,2025-03-16
COM004206,PRJ00881,STU0401,documentation,74,171,2025-06-22
COM004207,PRJ00130,STU0156,bugfix,79,96,2025-06-02
COM004208,PRJ00513,STU0226,documentation,78,396,2024-11-14
COM004209,PRJ00824,STU0496,refactor,115,220,2024-12-19
COM004210,PRJ00813,STU0094,feature,46,136,2026-05-15
COM004211,PRJ00598,STU0103,testing,112,220,2024-10-06
COM004212,PRJ00198,STU0439,refactor,46,382,2026-07-22
COM004213,PRJ00056,STU0422,deployment,93,127,2025-11-10
COM004214,PRJ00448,STU0335,documentation,123,321,2026-05-28
COM004215,PRJ00927,STU0413,bugfix,72,339,2025-01-27
COM004216,PRJ00587,STU0402,testing,94,91,2026-04-15
COM004217,PRJ00637,STU0467,documentation,61,183,2025-04-30
COM004218,PRJ00415,STU0293,feature,87,353,2026-05-01
COM004219,PRJ00182,STU0369,documentation,105,190,2025-01-17
COM004220,PRJ00834,STU0206,refactor,146,434,2026-04-07
COM004221,PRJ00068,STU0169,refactor,126,392,2025-10-09
COM004222,PRJ00919,STU0337,documentation,42,190,2026-04-09
COM004223,PRJ00807,STU0207,bugfix,132,32,2025-08-02
COM004224,PRJ00635,STU0358,documentation,108,154,2024-10-23
COM004225,PRJ00108,STU0109,refactor,123,401,2025-11-30
COM004226,PRJ00379,STU0385,bugfix,65,208,2024-11-16
COM004227,PRJ00870,STU0274,testing,96,82,2024-12-23
COM004228,PRJ00296,STU0122,documentation,71,473,2025-06-20
COM004229,PRJ00784,STU0074,documentation,113,369,2026-03-11
COM004230,PRJ00326,STU0466,deployment,61,174,2025-02-11
COM004231,PRJ00214,STU0294,testing,150,358,2025-01-14
COM004232,PRJ00706,STU0190,deployment,106,66,2024-10-06
COM004233,PRJ00781,STU0065,deployment,149,283,2026-03-20
COM004234,PRJ00910,STU0237,refactor,65,79,2025-01-04
COM004235,PRJ00297,STU0045,bugfix,101,253,2025-11-17
COM004236,PRJ00946,STU0405,testing,40,153,2024-10-29
COM004237,PRJ00106,STU0062,refactor,123,42,2026-03-01
COM004238,PRJ00161,STU0194,deployment,119,443,2025-02-25
COM004239,PRJ00661,STU0020,deployment,109,487,2025-02-11
COM004240,PRJ00202,STU0068,deployment,142,477,2025-11-14
COM004241,PRJ00230,STU0374,refactor,71,109,2025-05-18
COM004242,PRJ00963,STU0242,deployment,75,211,2025-07-24
COM004243,PRJ00562,STU0192,refactor,130,384,2024-08-16
COM004244,PRJ00440,STU0099,bugfix,149,14,2024-10-08
COM004245,PRJ00423,STU0155,feature,102,375,2025-07-31
COM004246,PRJ00552,STU0205,bugfix,77,290,2026-05-01
COM004247,PRJ00482,STU0232,testing,62,316,2025-03-21
COM004248,PRJ00624,STU0219,testing,21,213,2025-10-18
COM004249,PRJ00099,STU0027,refactor,59,345,2025-03-23
COM004250,PRJ00970,STU0226,testing,23,52,2026-01-24
COM004251,PRJ00404,STU0109,testing,52,356,2025-03-08
COM004252,PRJ00473,STU0093,feature,9,126,2025-11-16
COM004253,PRJ00024,STU0095,documentation,55,243,2025-01-17
COM004254,PRJ00134,STU0276,documentation,17,242,2025-06-23
COM004255,PRJ00708,STU0362,bugfix,3,483,2025-04-20
COM004256,PRJ00098,STU0357,refactor,139,315,2025-09-02
COM004257,PRJ00434,STU0180,documentation,143,463,2025-08-31
COM004258,PRJ00729,STU0134,feature,144,459,2025-05-05
COM004259,PRJ00144,STU0127,documentation,72,294,2025-12-28
COM004260,PRJ00213,STU0329,feature,35,63,2025-03-22
COM004261,PRJ00293,STU0130,documentation,52,304,2025-04-24
COM004262,PRJ00787,STU0124,refactor,115,204,2026-08-09
COM004263,PRJ00189,STU0001,refactor,73,430,2025-06-14
COM004264,PRJ00148,STU0330,deployment,150,426,2026-02-09
COM004265,PRJ00649,STU0294,bugfix,101,432,2025-08-07
COM004266,PRJ00720,STU0195,refactor,90,385,2026-03-09
COM004267,PRJ00416,STU0040,bugfix,50,307,2025-10-12
COM004268,PRJ00112,STU0474,documentation,37,384,2026-03-11
COM004269,PRJ00954,STU0321,testing,78,6,2025-07-17
COM004270,PRJ00221,STU0410,documentation,148,135,2025-06-13
COM004271,PRJ00518,STU0123,deployment,22,342,2025-02-28
COM004272,PRJ00113,STU0390,bugfix,107,360,2025-07-12
COM004273,PRJ00933,STU0090,documentation,76,291,2026-02-13
COM004274,PRJ00472,STU0210,feature,106,232,2025-10-05
COM004275,PRJ00689,STU0206,feature,107,350,2025-12-02
COM004276,PRJ00911,STU0499,testing,59,112,2026-05-01
COM004277,PRJ00337,STU0336,bugfix,30,17,2026-04-04
COM004278,PRJ00108,STU0109,documentation,29,87,2025-02-10
COM004279,PRJ00359,STU0055,testing,9,59,2026-01-05
COM004280,PRJ00411,STU0343,deployment,65,291,2025-05-28
COM004281,PRJ00617,STU0307,refactor,10,390,2025-07-03
COM004282,PRJ00773,STU0092,feature,51,116,2024-08-30
COM004283,PRJ00238,STU0466,refactor,71,111,2024-08-25
COM004284,PRJ00488,STU0253,deployment,109,427,2025-07-28
COM004285,PRJ00494,STU0485,deployment,54,490,2025-01-21
COM004286,PRJ00703,STU0386,refactor,138,407,2024-12-27
COM004287,PRJ00103,STU0086,refactor,13,423,2026-06-03
COM004288,PRJ00577,STU0380,testing,69,46,2025-03-05
COM004289,PRJ00746,STU0100,feature,20,443,2025-07-06
COM004290,PRJ00445,STU0224,documentation,57,20,2025-11-24
COM004291,PRJ00076,STU0310,refactor,141,47,2025-07-25
COM004292,PRJ00107,STU0089,documentation,4,500,2025-02-28
COM004293,PRJ00290,STU0483,testing,23,396,2026-05-28
COM004294,PRJ00026,STU0100,feature,81,336,2024-10-24
COM004295,PRJ00921,STU0252,bugfix,11,78,2025-10-22
COM004296,PRJ00543,STU0256,testing,108,437,2025-03-17
COM004297,PRJ00428,STU0146,feature,105,469,2025-04-16
COM004298,PRJ00558,STU0227,feature,20,449,2026-01-14
COM004299,PRJ00636,STU0362,testing,12,127,2026-02-06
COM004300,PRJ00299,STU0039,bugfix,33,489,2024-11-18
COM004301,PRJ00866,STU0346,bugfix,68,257,2024-09-07
COM004302,PRJ00917,STU0333,deployment,86,155,2026-01-28
COM004303,PRJ00567,STU0262,refactor,41,31,2025-04-28
COM004304,PRJ00215,STU0197,refactor,52,39,2024-11-14
COM004305,PRJ00436,STU0451,feature,124,290,2026-01-21
COM004306,PRJ00688,STU0444,feature,126,429,2024-11-26
COM004307,PRJ00962,STU0335,testing,27,106,2025-07-20
COM004308,PRJ00943,STU0381,testing,99,31,2026-03-24
COM004309,PRJ00082,STU0213,refactor,125,51,2025-12-15
COM004310,PRJ00876,STU0407,deployment,24,405,2024-10-01
COM004311,PRJ00508,STU0053,feature,54,449,2024-12-21
COM004312,PRJ00139,STU0482,deployment,27,299,2025-12-16
COM004313,PRJ00699,STU0452,refactor,6,70,2026-05-28
COM004314,PRJ00311,STU0363,documentation,3,83,2025-11-24
COM004315,PRJ00994,STU0166,testing,144,412,2025-05-18
COM004316,PRJ00671,STU0414,feature,76,48,2026-01-03
COM004317,PRJ00123,STU0125,bugfix,138,236,2025-10-31
COM004318,PRJ00872,STU0471,deployment,78,163,2024-11-12
COM004319,PRJ00140,STU0329,documentation,21,396,2025-03-30
COM004320,PRJ00952,STU0248,testing,56,497,2026-01-06
COM004321,PRJ00447,STU0376,documentation,132,189,2026-05-28
COM004322,PRJ00503,STU0097,documentation,77,441,2026-08-02
COM004323,PRJ00439,STU0172,bugfix,20,123,2024-12-24
COM004324,PRJ00568,STU0288,feature,11,471,2025-06-01
COM004325,PRJ00653,STU0186,documentation,79,315,2025-03-04
COM004326,PRJ00994,STU0166,feature,99,63,2026-05-15
COM004327,PRJ00802,STU0314,testing,75,87,2026-02-18
COM004328,PRJ00256,STU0177,deployment,40,61,2025-07-26
COM004329,PRJ00357,STU0029,refactor,14,39,2025-05-15
COM004330,PRJ00728,STU0260,bugfix,23,472,2025-11-05
COM004331,PRJ00344,STU0442,bugfix,86,27,2025-06-10
COM004332,PRJ00421,STU0308,testing,112,495,2026-07-13
COM004333,PRJ00678,STU0384,bugfix,101,35,2025-11-09
COM004334,PRJ00417,STU0078,testing,66,417,2024-09-08
COM004335,PRJ00353,STU0002,refactor,44,166,2025-11-14
COM004336,PRJ00180,STU0386,deployment,129,379,2025-09-27
COM004337,PRJ00320,STU0138,feature,2,72,2025-11-13
COM004338,PRJ00649,STU0294,refactor,74,250,2024-12-25
COM004339,PRJ00738,STU0467,feature,121,299,2025-03-24
COM004340,PRJ00556,STU0291,testing,72,267,2026-03-26
COM004341,PRJ00539,STU0467,refactor,111,200,2024-11-01
COM004342,PRJ00620,STU0401,refactor,131,292,2025-04-07
COM004343,PRJ00973,STU0301,testing,58,30,2025-06-04
COM004344,PRJ00032,STU0410,refactor,29,303,2024-08-26
COM004345,PRJ00644,STU0221,deployment,89,222,2025-01-30
COM004346,PRJ00463,STU0103,refactor,104,107,2025-08-04
COM004347,PRJ00375,STU0327,refactor,131,152,2026-02-10
COM004348,PRJ00908,STU0448,bugfix,49,230,2025-11-10
COM004349,PRJ00654,STU0292,deployment,24,234,2025-06-25
COM004350,PRJ00160,STU0445,documentation,105,69,2025-01-16
COM004351,PRJ00779,STU0338,deployment,94,208,2026-05-31
COM004352,PRJ00376,STU0292,feature,68,196,2024-08-23
COM004353,PRJ00895,STU0050,feature,123,12,2024-12-22
COM004354,PRJ00680,STU0118,feature,23,151,2025-01-21
COM004355,PRJ00880,STU0146,deployment,72,57,2025-12-26
COM004356,PRJ00859,STU0218,bugfix,3,420,2026-01-31
COM004357,PRJ00388,STU0445,testing,109,441,2026-05-28
COM004358,PRJ00185,STU0381,refactor,12,404,2026-06-03
COM004359,PRJ00718,STU0223,testing,115,399,2025-07-16
COM004360,PRJ00828,STU0302,feature,3,2,2025-02-02
COM004361,PRJ00992,STU0379,deployment,107,210,2025-07-30
COM004362,PRJ00555,STU0284,testing,17,345,2026-05-24
COM004363,PRJ00279,STU0500,feature,126,70,2025-12-26
COM004364,PRJ00550,STU0300,bugfix,3,242,2024-09-19
COM004365,PRJ00418,STU0059,bugfix,51,257,2025-09-23
COM004366,PRJ00738,STU0467,feature,33,180,2025-10-02
COM004367,PRJ00892,STU0300,deployment,43,72,2026-05-20
COM004368,PRJ00235,STU0404,bugfix,143,76,2024-10-24
COM004369,PRJ00186,STU0115,bugfix,144,80,2024-09-25
COM004370,PRJ00291,STU0094,feature,139,143,2024-11-07
COM004371,PRJ00483,STU0011,refactor,41,270,2026-06-28
COM004372,PRJ00198,STU0439,refactor,78,17,2024-11-18
COM004373,PRJ00002,STU0194,refactor,25,20,2025-05-14
COM004374,PRJ00744,STU0259,testing,70,232,2026-02-04
COM004375,PRJ00620,STU0401,feature,60,191,2025-04-11
COM004376,PRJ00912,STU0237,feature,31,480,2025-09-22
COM004377,PRJ00253,STU0493,refactor,9,423,2024-10-25
COM004378,PRJ00874,STU0372,refactor,51,164,2025-02-03
COM004379,PRJ00991,STU0332,documentation,39,85,2025-10-29
COM004380,PRJ00785,STU0459,deployment,137,304,2025-09-14
COM004381,PRJ00135,STU0157,feature,113,149,2025-05-29
COM004382,PRJ00121,STU0330,deployment,94,490,2025-03-30
COM004383,PRJ00502,STU0031,testing,12,307,2026-08-03
COM004384,PRJ00778,STU0393,documentation,136,124,2025-08-25
COM004385,PRJ00030,STU0071,bugfix,140,9,2026-06-10
COM004386,PRJ00872,STU0471,feature,8,459,2026-05-07
COM004387,PRJ00308,STU0106,feature,75,466,2025-10-13
COM004388,PRJ00888,STU0088,deployment,86,125,2026-05-13
COM004389,PRJ00309,STU0304,feature,87,447,2025-10-14
COM004390,PRJ00778,STU0393,bugfix,132,390,2025-04-02
COM004391,PRJ00929,STU0299,feature,69,148,2025-03-08
COM004392,PRJ00481,STU0256,testing,106,410,2025-10-26
COM004393,PRJ00466,STU0434,refactor,34,282,2025-02-05
COM004394,PRJ00038,STU0108,bugfix,23,329,2025-02-09
COM004395,PRJ00523,STU0319,deployment,144,475,2025-10-08
COM004396,PRJ00625,STU0460,bugfix,7,198,2024-09-04
COM004397,PRJ00228,STU0019,refactor,129,468,2025-03-16
COM004398,PRJ00573,STU0201,deployment,8,345,2026-03-13
COM004399,PRJ00233,STU0037,documentation,144,300,2025-10-20
COM004400,PRJ00792,STU0334,feature,39,50,2025-04-25
COM004401,PRJ00228,STU0019,deployment,115,129,2026-02-21
COM004402,PRJ00954,STU0321,bugfix,105,306,2025-04-09
COM004403,PRJ00590,STU0490,feature,83,417,2026-03-26
COM004404,PRJ00340,STU0459,testing,84,491,2025-10-29
COM004405,PRJ00353,STU0002,documentation,97,304,2026-02-26
COM004406,PRJ00586,STU0369,refactor,7,279,2026-05-24
COM004407,PRJ00778,STU0393,refactor,49,295,2025-04-13
COM004408,PRJ00917,STU0333,deployment,2,428,2026-03-16
COM004409,PRJ00430,STU0478,testing,112,291,2026-04-15
COM004410,PRJ00653,STU0186,feature,78,184,2026-01-25
COM004411,PRJ00916,STU0394,bugfix,135,312,2026-01-24
COM004412,PRJ00821,STU0187,testing,111,8,2026-05-21
COM004413,PRJ00387,STU0255,feature,14,199,2026-07-22
COM004414,PRJ00340,STU0459,documentation,119,124,2024-10-28
COM004415,PRJ00240,STU0401,documentation,71,191,2024-11-13
COM004416,PRJ00455,STU0040,feature,23,205,2025-03-21
COM004417,PRJ00326,STU0466,bugfix,115,213,2026-06-10
COM004418,PRJ00096,STU0391,bugfix,109,340,2025-10-13
COM004419,PRJ00574,STU0095,feature,78,301,2025-12-02
COM004420,PRJ00921,STU0252,testing,16,72,2026-03-24
COM004421,PRJ00367,STU0140,bugfix,7,263,2025-06-13
COM004422,PRJ00288,STU0219,bugfix,124,371,2025-09-06
COM004423,PRJ00409,STU0091,testing,43,328,2026-03-12
COM004424,PRJ00628,STU0024,documentation,77,138,2025-01-10
COM004425,PRJ00309,STU0304,documentation,129,441,2025-11-20
COM004426,PRJ00932,STU0192,bugfix,84,411,2026-07-27
COM004427,PRJ00898,STU0164,feature,138,145,2024-10-20
COM004428,PRJ00692,STU0231,bugfix,63,381,2026-02-09
COM004429,PRJ00145,STU0362,refactor,46,109,2024-12-24
COM004430,PRJ00309,STU0304,testing,3,393,2026-07-24
COM004431,PRJ00033,STU0452,refactor,22,233,2025-10-27
COM004432,PRJ00727,STU0211,bugfix,80,57,2025-05-01
COM004433,PRJ00738,STU0467,refactor,89,127,2025-03-23
COM004434,PRJ00965,STU0218,documentation,29,168,2026-04-05
COM004435,PRJ00548,STU0071,refactor,82,235,2026-04-17
COM004436,PRJ00289,STU0027,testing,9,197,2025-09-23
COM004437,PRJ00179,STU0247,documentation,146,415,2025-03-30
COM004438,PRJ00388,STU0445,feature,43,143,2025-03-20
COM004439,PRJ00169,STU0446,refactor,117,32,2026-05-31
COM004440,PRJ00245,STU0133,bugfix,58,337,2025-08-15
COM004441,PRJ00148,STU0330,testing,88,346,2026-08-07
COM004442,PRJ00615,STU0419,refactor,93,93,2026-04-25
COM004443,PRJ00954,STU0321,bugfix,23,165,2025-04-23
COM004444,PRJ00656,STU0495,testing,37,269,2025-05-24
COM004445,PRJ00397,STU0330,bugfix,13,144,2026-06-18
COM004446,PRJ00021,STU0054,bugfix,113,201,2026-05-11
COM004447,PRJ00189,STU0001,deployment,25,227,2025-09-01
COM004448,PRJ00162,STU0300,feature,126,152,2025-06-21
COM004449,PRJ00975,STU0242,bugfix,37,425,2024-11-01
COM004450,PRJ00135,STU0157,feature,79,45,2024-09-22
COM004451,PRJ00418,STU0059,documentation,140,475,2026-07-13
COM004452,PRJ00788,STU0243,bugfix,32,184,2026-02-25
COM004453,PRJ00701,STU0085,bugfix,47,461,2025-01-05
COM004454,PRJ00416,STU0040,documentation,55,244,2025-10-24
COM004455,PRJ00880,STU0146,feature,103,114,2025-12-24
COM004456,PRJ00130,STU0156,refactor,10,498,2026-01-08
COM004457,PRJ00221,STU0410,feature,61,301,2026-07-13
COM004458,PRJ00161,STU0194,testing,13,155,2025-10-16
COM004459,PRJ00545,STU0034,refactor,3,95,2025-08-29
COM004460,PRJ00155,STU0214,feature,109,49,2025-06-10
COM004461,PRJ00688,STU0444,testing,14,55,2025-03-05
COM004462,PRJ00591,STU0016,bugfix,64,109,2025-04-05
COM004463,PRJ00383,STU0048,testing,59,251,2025-04-28
COM004464,PRJ00619,STU0260,documentation,23,310,2024-09-23
COM004465,PRJ00064,STU0352,feature,16,331,2026-02-27
COM004466,PRJ00023,STU0123,bugfix,150,332,2026-06-17
COM004467,PRJ00350,STU0276,documentation,27,193,2025-07-18
COM004468,PRJ00150,STU0130,bugfix,89,193,2026-03-20
COM004469,PRJ00733,STU0057,deployment,73,359,2024-09-13
COM004470,PRJ00505,STU0079,feature,133,379,2026-04-15
COM004471,PRJ00378,STU0385,refactor,81,2,2025-09-04
COM004472,PRJ00745,STU0426,documentation,150,319,2025-12-18
COM004473,PRJ00832,STU0234,bugfix,60,1,2026-06-02
COM004474,PRJ00293,STU0130,refactor,57,70,2025-03-18
COM004475,PRJ00761,STU0492,bugfix,23,493,2026-02-13
COM004476,PRJ00395,STU0433,deployment,121,239,2026-07-29
COM004477,PRJ00939,STU0276,testing,21,146,2026-03-04
COM004478,PRJ00340,STU0459,documentation,76,226,2024-10-21
COM004479,PRJ00752,STU0115,refactor,64,228,2026-06-25
COM004480,PRJ00014,STU0398,deployment,32,315,2024-12-25
COM004481,PRJ00303,STU0215,refactor,52,347,2024-09-13
COM004482,PRJ00630,STU0161,deployment,28,472,2026-04-30
COM004483,PRJ00083,STU0467,deployment,117,499,2025-11-21
COM004484,PRJ00511,STU0475,documentation,109,365,2026-04-07
COM004485,PRJ00439,STU0172,refactor,16,177,2024-12-01
COM004486,PRJ00182,STU0369,deployment,122,332,2026-07-28
COM004487,PRJ00918,STU0434,documentation,19,65,2026-08-08
COM004488,PRJ00028,STU0090,testing,42,284,2024-11-08
COM004489,PRJ00089,STU0328,deployment,84,245,2024-08-13
COM004490,PRJ00561,STU0315,feature,106,340,2024-11-10
COM004491,PRJ00076,STU0310,deployment,17,80,2024-12-23
COM004492,PRJ00136,STU0247,bugfix,19,346,2025-08-30
COM004493,PRJ00117,STU0220,documentation,124,321,2025-08-01
COM004494,PRJ00561,STU0315,deployment,115,13,2026-05-23
COM004495,PRJ00396,STU0212,deployment,124,324,2026-01-31
COM004496,PRJ00438,STU0079,bugfix,87,126,2025-05-24
COM004497,PRJ00139,STU0482,bugfix,52,351,2026-07-24
COM004498,PRJ00498,STU0271,feature,140,183,2025-11-27
COM004499,PRJ00600,STU0415,bugfix,20,445,2025-01-31
COM004500,PRJ00142,STU0395,documentation,134,369,2024-09-07
COM004501,PRJ00292,STU0147,deployment,133,189,2026-07-31
COM004502,PRJ00425,STU0181,bugfix,129,43,2026-03-14
COM004503,PRJ00086,STU0391,refactor,40,311,2025-04-05
COM004504,PRJ00320,STU0138,bugfix,7,21,2024-08-29
COM004505,PRJ00030,STU0071,deployment,64,233,2025-07-23
COM004506,PRJ00851,STU0256,refactor,64,292,2025-09-04
COM004507,PRJ00771,STU0242,testing,146,465,2025-04-28
COM004508,PRJ00714,STU0429,bugfix,64,360,2025-04-03
COM004509,PRJ00715,STU0301,feature,55,74,2025-08-21
COM004510,PRJ00266,STU0052,documentation,90,307,2025-01-19
COM004511,PRJ00675,STU0409,deployment,130,436,2026-08-05
COM004512,PRJ00390,STU0296,documentation,55,65,2025-07-21
COM004513,PRJ00995,STU0346,documentation,139,366,2025-10-29
COM004514,PRJ00265,STU0003,feature,127,338,2025-09-03
COM004515,PRJ00568,STU0288,bugfix,129,212,2025-05-12
COM004516,PRJ00351,STU0197,testing,20,452,2025-06-22
COM004517,PRJ00350,STU0276,bugfix,136,72,2024-11-24
COM004518,PRJ00043,STU0232,feature,27,399,2026-04-26
COM004519,PRJ00282,STU0443,deployment,9,418,2024-10-24
COM004520,PRJ00398,STU0437,refactor,43,359,2026-01-15
COM004521,PRJ00439,STU0172,documentation,76,95,2026-07-16
COM004522,PRJ00442,STU0265,documentation,58,447,2025-06-05
COM004523,PRJ00909,STU0068,refactor,18,413,2025-01-04
COM004524,PRJ00148,STU0330,documentation,48,144,2025-02-28
COM004525,PRJ00324,STU0159,refactor,58,493,2025-11-21
COM004526,PRJ00828,STU0302,bugfix,127,487,2024-09-25
COM004527,PRJ00855,STU0265,refactor,102,161,2026-03-01
COM004528,PRJ00953,STU0128,documentation,122,211,2025-02-23
COM004529,PRJ00267,STU0264,testing,114,262,2025-09-02
COM004530,PRJ00301,STU0215,testing,111,82,2025-05-04
COM004531,PRJ00169,STU0446,refactor,149,148,2025-12-19
COM004532,PRJ00726,STU0204,refactor,32,12,2024-09-20
COM004533,PRJ00315,STU0167,documentation,37,162,2025-05-24
COM004534,PRJ00006,STU0320,documentation,150,67,2025-11-05
COM004535,PRJ00994,STU0166,testing,109,168,2025-10-30
COM004536,PRJ00393,STU0250,testing,87,440,2025-03-22
COM004537,PRJ00113,STU0390,bugfix,15,444,2025-11-14
COM004538,PRJ00432,STU0342,bugfix,116,449,2025-04-28
COM004539,PRJ00428,STU0146,deployment,128,92,2024-10-01
COM004540,PRJ00612,STU0280,bugfix,83,360,2025-05-24
COM004541,PRJ00023,STU0123,testing,114,300,2025-11-04
COM004542,PRJ00797,STU0467,bugfix,67,351,2025-02-15
COM004543,PRJ00899,STU0275,refactor,37,38,2026-06-18
COM004544,PRJ00135,STU0157,testing,30,155,2025-09-13
COM004545,PRJ00448,STU0335,deployment,97,462,2024-12-12
COM004546,PRJ00005,STU0050,bugfix,39,404,2024-12-13
COM004547,PRJ00201,STU0145,refactor,128,237,2025-05-17
COM004548,PRJ00564,STU0430,deployment,3,147,2025-08-11
COM004549,PRJ00933,STU0090,refactor,128,371,2024-10-25
COM004550,PRJ00581,STU0062,documentation,37,192,2026-07-11
COM004551,PRJ00120,STU0379,testing,76,358,2025-11-07
COM004552,PRJ00672,STU0017,feature,119,13,2025-10-30
COM004553,PRJ00209,STU0018,bugfix,137,69,2025-04-22
COM004554,PRJ00096,STU0391,refactor,117,285,2026-06-24
COM004555,PRJ00697,STU0297,bugfix,64,99,2025-09-05
COM004556,PRJ00456,STU0466,deployment,41,356,2025-01-14
COM004557,PRJ00058,STU0371,testing,71,163,2026-07-09
COM004558,PRJ00066,STU0291,deployment,103,250,2026-02-07
COM004559,PRJ00410,STU0042,deployment,115,7,2025-09-18
COM004560,PRJ00405,STU0020,bugfix,106,323,2025-01-29
COM004561,PRJ00225,STU0154,deployment,37,435,2026-05-19
COM004562,PRJ00884,STU0148,testing,111,103,2025-07-27
COM004563,PRJ00005,STU0050,feature,19,71,2025-06-23
COM004564,PRJ00905,STU0313,bugfix,8,421,2026-03-05
COM004565,PRJ00972,STU0200,feature,134,150,2026-02-24
COM004566,PRJ00516,STU0266,refactor,34,199,2025-04-17
COM004567,PRJ00837,STU0483,refactor,141,105,2025-09-30
COM004568,PRJ00210,STU0353,bugfix,110,435,2025-11-06
COM004569,PRJ00463,STU0103,deployment,149,196,2025-04-25
COM004570,PRJ00024,STU0095,testing,44,481,2026-06-17
COM004571,PRJ00708,STU0362,testing,105,256,2025-06-18
COM004572,PRJ00742,STU0140,deployment,23,358,2026-01-12
COM004573,PRJ00212,STU0006,documentation,4,437,2024-11-09
COM004574,PRJ00344,STU0442,deployment,66,311,2026-03-19
COM004575,PRJ00940,STU0268,refactor,113,449,2024-11-30
COM004576,PRJ00938,STU0260,testing,36,13,2025-12-18
COM004577,PRJ00576,STU0012,refactor,109,144,2024-09-17
COM004578,PRJ00582,STU0018,deployment,15,59,2026-06-26
COM004579,PRJ00888,STU0088,bugfix,39,134,2025-07-21
COM004580,PRJ00637,STU0467,refactor,25,465,2025-07-02
COM004581,PRJ00578,STU0149,bugfix,97,26,2026-07-19
COM004582,PRJ00845,STU0193,deployment,2,40,2025-04-25
COM004583,PRJ00111,STU0088,refactor,76,201,2025-10-20
COM004584,PRJ00113,STU0390,documentation,90,403,2024-08-23
COM004585,PRJ00922,STU0353,testing,17,277,2024-09-21
COM004586,PRJ00899,STU0275,feature,57,488,2026-03-22
COM004587,PRJ00537,STU0046,deployment,132,296,2025-05-08
COM004588,PRJ00655,STU0237,deployment,11,147,2024-10-04
COM004589,PRJ00262,STU0112,deployment,19,32,2025-12-08
COM004590,PRJ00289,STU0027,feature,71,124,2025-12-16
COM004591,PRJ00066,STU0291,refactor,105,198,2026-06-03
COM004592,PRJ00916,STU0394,testing,89,39,2025-01-15
COM004593,PRJ00704,STU0106,bugfix,86,98,2024-12-27
COM004594,PRJ00535,STU0338,deployment,28,141,2025-05-06
COM004595,PRJ00528,STU0057,deployment,57,245,2025-10-29
COM004596,PRJ00318,STU0337,documentation,83,181,2025-11-30
COM004597,PRJ00518,STU0123,feature,52,22,2025-02-04
COM004598,PRJ00640,STU0429,deployment,5,53,2026-06-21
COM004599,PRJ00945,STU0245,documentation,134,477,2024-08-14
COM004600,PRJ00326,STU0466,documentation,74,230,2025-10-20
COM004601,PRJ00113,STU0390,documentation,117,282,2025-10-29
COM004602,PRJ00269,STU0192,feature,25,493,2026-07-09
COM004603,PRJ00950,STU0413,testing,11,80,2026-01-17
COM004604,PRJ00910,STU0237,documentation,28,208,2025-02-04
COM004605,PRJ00919,STU0337,testing,136,356,2025-12-22
COM004606,PRJ00573,STU0201,deployment,54,248,2025-03-18
COM004607,PRJ00719,STU0364,feature,113,48,2026-06-06
COM004608,PRJ00110,STU0155,refactor,134,476,2026-02-01
COM004609,PRJ00399,STU0205,documentation,134,217,2025-10-20
COM004610,PRJ00116,STU0389,feature,147,293,2026-06-02
COM004611,PRJ00482,STU0232,documentation,114,183,2025-03-20
COM004612,PRJ00594,STU0473,deployment,135,104,2025-01-15
COM004613,PRJ00680,STU0118,bugfix,42,212,2026-05-02
COM004614,PRJ00068,STU0169,documentation,12,369,2025-08-11
COM004615,PRJ00329,STU0395,feature,87,497,2025-07-21
COM004616,PRJ00550,STU0300,bugfix,97,98,2025-10-12
COM004617,PRJ00262,STU0112,refactor,140,35,2025-09-20
COM004618,PRJ00603,STU0443,refactor,110,168,2024-12-25
COM004619,PRJ00451,STU0057,deployment,40,280,2025-05-23
COM004620,PRJ00379,STU0385,bugfix,95,488,2024-11-23
COM004621,PRJ00246,STU0291,bugfix,150,336,2025-07-26
COM004622,PRJ00608,STU0119,testing,43,145,2025-04-27
COM004623,PRJ00164,STU0268,documentation,104,338,2026-03-21
COM004624,PRJ00146,STU0234,feature,121,464,2024-08-16
COM004625,PRJ00796,STU0270,deployment,125,172,2025-06-02
COM004626,PRJ00573,STU0201,feature,19,349,2025-03-21
COM004627,PRJ00339,STU0040,testing,70,476,2025-07-25
COM004628,PRJ00436,STU0451,documentation,142,249,2026-01-11
COM004629,PRJ00620,STU0401,bugfix,3,418,2025-12-23
COM004630,PRJ00896,STU0149,bugfix,3,78,2026-06-01
COM004631,PRJ00808,STU0076,testing,89,105,2025-04-06
COM004632,PRJ00162,STU0300,documentation,47,246,2024-08-21
COM004633,PRJ00773,STU0092,documentation,112,304,2024-12-30
COM004634,PRJ00574,STU0095,deployment,58,131,2025-09-18
COM004635,PRJ00325,STU0036,feature,96,416,2025-06-07
COM004636,PRJ00757,STU0031,deployment,17,85,2025-06-19
COM004637,PRJ00328,STU0011,bugfix,134,190,2025-12-23
COM004638,PRJ00967,STU0010,refactor,111,55,2026-02-26
COM004639,PRJ00992,STU0379,bugfix,3,412,2026-05-06
COM004640,PRJ00558,STU0227,documentation,50,482,2025-01-10
COM004641,PRJ00938,STU0260,feature,139,470,2025-08-08
COM004642,PRJ00578,STU0149,documentation,34,454,2024-12-09
COM004643,PRJ00740,STU0053,feature,118,392,2026-07-09
COM004644,PRJ00849,STU0394,bugfix,144,443,2025-01-12
COM004645,PRJ00733,STU0057,bugfix,125,407,2025-06-02
COM004646,PRJ00487,STU0386,documentation,118,471,2026-07-07
COM004647,PRJ00765,STU0020,feature,32,450,2025-05-28
COM004648,PRJ00779,STU0338,testing,76,72,2025-10-16
COM004649,PRJ00327,STU0373,bugfix,125,335,2025-05-27
COM004650,PRJ00517,STU0113,documentation,52,1,2024-12-20
COM004651,PRJ00799,STU0357,testing,17,5,2026-04-17
COM004652,PRJ00454,STU0408,feature,39,38,2025-08-29
COM004653,PRJ00050,STU0039,bugfix,73,73,2024-08-21
COM004654,PRJ00199,STU0281,refactor,76,251,2026-03-03
COM004655,PRJ00222,STU0106,deployment,15,179,2026-04-11
COM004656,PRJ00757,STU0031,deployment,125,435,2025-11-22
COM004657,PRJ00842,STU0047,deployment,116,241,2025-05-26
COM004658,PRJ00097,STU0092,testing,111,479,2025-05-13
COM004659,PRJ00124,STU0447,deployment,150,299,2026-05-04
COM004660,PRJ00647,STU0444,documentation,29,193,2026-06-26
COM004661,PRJ00374,STU0006,deployment,113,180,2026-07-04
COM004662,PRJ00791,STU0356,documentation,105,395,2025-03-29
COM004663,PRJ00467,STU0407,documentation,77,21,2026-03-10
COM004664,PRJ00622,STU0350,testing,98,269,2025-11-15
COM004665,PRJ00876,STU0407,bugfix,51,148,2024-12-13
COM004666,PRJ00798,STU0140,refactor,6,9,2024-12-27
COM004667,PRJ00630,STU0161,deployment,95,78,2024-09-04
COM004668,PRJ00166,STU0310,refactor,37,346,2025-04-22
COM004669,PRJ00389,STU0161,deployment,95,101,2024-12-18
COM004670,PRJ00800,STU0422,documentation,53,491,2026-03-19
COM004671,PRJ00712,STU0398,bugfix,34,429,2024-11-21
COM004672,PRJ00091,STU0129,testing,21,390,2025-11-09
COM004673,PRJ00265,STU0003,bugfix,5,235,2025-03-04
COM004674,PRJ00022,STU0328,refactor,74,245,2026-04-20
COM004675,PRJ00688,STU0444,bugfix,109,26,2025-12-08
COM004676,PRJ00781,STU0065,feature,87,253,2025-11-17
COM004677,PRJ00808,STU0076,deployment,31,43,2025-03-29
COM004678,PRJ00930,STU0370,refactor,11,382,2025-08-07
COM004679,PRJ00719,STU0364,feature,13,36,2025-05-02
COM004680,PRJ00407,STU0405,deployment,40,215,2025-04-04
COM004681,PRJ00010,STU0327,feature,131,17,2025-11-15
COM004682,PRJ00138,STU0374,documentation,91,287,2025-10-16
COM004683,PRJ00586,STU0369,deployment,55,343,2025-05-22
COM004684,PRJ00268,STU0004,documentation,88,307,2025-03-30
COM004685,PRJ00467,STU0407,testing,54,113,2025-08-28
COM004686,PRJ00327,STU0373,refactor,131,257,2025-11-21
COM004687,PRJ00731,STU0373,bugfix,93,252,2024-09-09
COM004688,PRJ00916,STU0394,feature,49,56,2024-11-05
COM004689,PRJ00291,STU0094,testing,105,242,2025-02-14
COM004690,PRJ00584,STU0184,feature,66,197,2025-04-21
COM004691,PRJ00249,STU0488,deployment,131,474,2026-01-10
COM004692,PRJ00424,STU0256,deployment,101,437,2024-11-19
COM004693,PRJ00291,STU0094,deployment,63,416,2024-10-07
COM004694,PRJ00160,STU0445,feature,55,47,2024-11-11
COM004695,PRJ00966,STU0029,documentation,37,419,2026-06-13
COM004696,PRJ00674,STU0323,documentation,110,187,2026-01-05
COM004697,PRJ00150,STU0130,testing,38,159,2026-03-24
COM004698,PRJ00403,STU0169,testing,87,136,2024-09-22
COM004699,PRJ00879,STU0257,testing,44,369,2025-05-09
COM004700,PRJ00511,STU0475,deployment,34,149,2026-01-16
COM004701,PRJ00003,STU0029,feature,10,353,2025-03-05
COM004702,PRJ00902,STU0336,deployment,38,11,2024-12-09
COM004703,PRJ00560,STU0015,documentation,14,45,2025-01-01
COM004704,PRJ00312,STU0274,deployment,98,405,2026-03-29
COM004705,PRJ00018,STU0500,refactor,24,302,2025-02-12
COM004706,PRJ00025,STU0184,testing,88,144,2024-11-18
COM004707,PRJ00214,STU0294,bugfix,128,450,2024-12-24
COM004708,PRJ00118,STU0192,documentation,53,374,2025-01-12
COM004709,PRJ00059,STU0301,deployment,52,121,2026-03-30
COM004710,PRJ00328,STU0011,documentation,57,196,2026-05-10
COM004711,PRJ00613,STU0016,deployment,53,416,2025-05-31
COM004712,PRJ00014,STU0398,feature,16,30,2025-05-19
COM004713,PRJ00740,STU0053,feature,15,270,2026-06-21
COM004714,PRJ00841,STU0158,testing,62,34,2026-02-16
COM004715,PRJ00567,STU0262,documentation,135,59,2025-09-04
COM004716,PRJ00745,STU0426,feature,81,438,2025-07-07
COM004717,PRJ00844,STU0282,testing,13,89,2025-03-15
COM004718,PRJ00540,STU0214,deployment,61,172,2025-09-07
COM004719,PRJ00716,STU0078,refactor,18,172,2025-06-08
COM004720,PRJ00557,STU0401,testing,48,320,2025-06-02
COM004721,PRJ00700,STU0295,feature,60,26,2024-10-12
COM004722,PRJ00946,STU0405,refactor,58,325,2025-03-06
COM004723,PRJ00455,STU0040,documentation,110,46,2026-01-15
COM004724,PRJ00249,STU0488,documentation,102,88,2026-02-01
COM004725,PRJ00547,STU0003,deployment,8,263,2024-08-14
COM004726,PRJ00808,STU0076,feature,37,71,2025-04-22
COM004727,PRJ00691,STU0379,deployment,111,267,2026-07-01
COM004728,PRJ00069,STU0054,refactor,148,156,2025-11-12
COM004729,PRJ00799,STU0357,documentation,67,394,2024-11-25
COM004730,PRJ00469,STU0140,feature,90,467,2025-05-20
COM004731,PRJ00736,STU0026,bugfix,20,425,2024-11-22
COM004732,PRJ00884,STU0148,feature,11,179,2025-12-30
COM004733,PRJ00698,STU0164,testing,56,346,2026-05-09
COM004734,PRJ00799,STU0357,deployment,64,5,2026-04-11
COM004735,PRJ00883,STU0010,testing,112,255,2024-10-18
COM004736,PRJ00953,STU0128,bugfix,116,317,2025-07-17
COM004737,PRJ00516,STU0266,refactor,37,49,2025-02-07
COM004738,PRJ00572,STU0105,testing,33,383,2026-02-09
COM004739,PRJ00316,STU0151,bugfix,110,311,2024-10-16
COM004740,PRJ00239,STU0006,documentation,106,376,2025-12-05
COM004741,PRJ00885,STU0278,refactor,9,388,2024-11-18
COM004742,PRJ00746,STU0100,feature,105,416,2026-04-27
COM004743,PRJ00498,STU0271,documentation,124,354,2025-06-06
COM004744,PRJ00888,STU0088,feature,132,254,2026-03-16
COM004745,PRJ00491,STU0166,documentation,34,337,2024-12-03
COM004746,PRJ00544,STU0495,testing,57,210,2026-01-17
COM004747,PRJ00950,STU0413,bugfix,112,279,2025-09-30
COM004748,PRJ00539,STU0467,deployment,93,13,2025-04-28
COM004749,PRJ00090,STU0205,deployment,103,451,2025-04-12
COM004750,PRJ00795,STU0478,deployment,43,236,2024-09-12
COM004751,PRJ00947,STU0227,documentation,46,304,2025-09-08
COM004752,PRJ00163,STU0032,bugfix,110,222,2025-03-16
COM004753,PRJ00446,STU0279,documentation,133,426,2024-10-27
COM004754,PRJ00708,STU0362,testing,4,292,2025-05-03
COM004755,PRJ00717,STU0102,deployment,51,230,2024-09-02
COM004756,PRJ00660,STU0090,documentation,23,487,2026-07-19
COM004757,PRJ00405,STU0020,refactor,45,96,2026-04-13
COM004758,PRJ00564,STU0430,deployment,139,496,2025-03-10
COM004759,PRJ00624,STU0219,feature,120,150,2025-03-12
COM004760,PRJ00595,STU0434,testing,63,414,2025-09-09
COM004761,PRJ00326,STU0466,testing,139,55,2026-07-03
COM004762,PRJ00139,STU0482,refactor,89,319,2025-08-06
COM004763,PRJ00489,STU0233,documentation,121,78,2025-10-25
COM004764,PRJ00445,STU0224,refactor,128,195,2025-08-18
COM004765,PRJ00304,STU0357,feature,142,430,2025-11-08
COM004766,PRJ00193,STU0429,testing,96,492,2026-05-27
COM004767,PRJ00760,STU0108,testing,8,163,2025-05-18
COM004768,PRJ00031,STU0234,feature,76,64,2025-05-15
COM004769,PRJ00792,STU0334,documentation,29,457,2025-02-24
COM004770,PRJ00970,STU0226,documentation,86,248,2025-10-16
COM004771,PRJ00565,STU0055,testing,50,293,2025-01-02
COM004772,PRJ00072,STU0030,bugfix,92,445,2025-06-27
COM004773,PRJ00406,STU0110,refactor,25,274,2026-07-05
COM004774,PRJ00546,STU0112,documentation,22,332,2024-09-20
COM004775,PRJ00117,STU0220,refactor,136,220,2026-07-11
COM004776,PRJ00041,STU0356,feature,94,397,2025-03-28
COM004777,PRJ00045,STU0282,feature,49,135,2025-09-29
COM004778,PRJ00277,STU0406,testing,48,268,2025-11-10
COM004779,PRJ00971,STU0083,documentation,145,428,2026-05-11
COM004780,PRJ00911,STU0499,documentation,91,328,2024-08-14
COM004781,PRJ00475,STU0400,feature,61,329,2025-11-28
COM004782,PRJ00018,STU0500,bugfix,52,10,2025-05-15
COM004783,PRJ00127,STU0304,feature,40,175,2025-05-05
COM004784,PRJ00649,STU0294,feature,18,330,2025-01-01
COM004785,PRJ00520,STU0113,documentation,11,253,2026-03-04
COM004786,PRJ00282,STU0443,bugfix,148,387,2026-05-03
COM004787,PRJ00993,STU0151,feature,104,339,2025-11-11
COM004788,PRJ00659,STU0133,testing,90,77,2025-11-08
COM004789,PRJ00186,STU0115,bugfix,60,436,2025-01-29
COM004790,PRJ00194,STU0146,documentation,55,421,2024-12-08
COM004791,PRJ00122,STU0417,deployment,145,9,2025-12-17
COM004792,PRJ00394,STU0439,bugfix,12,7,2026-01-21
COM004793,PRJ00802,STU0314,documentation,52,11,2026-05-30
COM004794,PRJ00963,STU0242,bugfix,68,403,2025-09-17
COM004795,PRJ00177,STU0259,documentation,110,72,2024-08-30
COM004796,PRJ00266,STU0052,deployment,148,232,2026-05-08
COM004797,PRJ00373,STU0145,bugfix,122,484,2025-02-09
COM004798,PRJ00812,STU0045,deployment,75,13,2026-06-14
COM004799,PRJ00715,STU0301,refactor,128,453,2025-03-15
COM004800,PRJ00801,STU0243,deployment,25,414,2024-09-30
COM004801,PRJ00658,STU0161,refactor,80,201,2026-01-24
COM004802,PRJ00969,STU0167,deployment,96,462,2025-11-24
COM004803,PRJ00418,STU0059,deployment,128,131,2025-01-12
COM004804,PRJ00051,STU0280,deployment,99,278,2024-10-22
COM004805,PRJ00925,STU0366,documentation,55,186,2026-01-10
COM004806,PRJ00662,STU0368,refactor,66,482,2026-03-29
COM004807,PRJ00382,STU0149,bugfix,67,170,2026-03-31
COM004808,PRJ00742,STU0140,feature,73,195,2024-12-17
COM004809,PRJ00672,STU0017,documentation,142,500,2025-06-17
COM004810,PRJ00550,STU0300,deployment,109,182,2025-07-29
COM004811,PRJ00950,STU0413,testing,52,342,2024-10-26
COM004812,PRJ00766,STU0412,refactor,131,102,2025-07-09
COM004813,PRJ00806,STU0087,refactor,145,380,2026-02-06
COM004814,PRJ00877,STU0277,bugfix,92,336,2024-12-06
COM004815,PRJ00561,STU0315,documentation,42,438,2026-07-08
COM004816,PRJ00427,STU0284,documentation,57,223,2026-03-03
COM004817,PRJ00402,STU0375,refactor,134,161,2024-10-10
COM004818,PRJ00247,STU0399,bugfix,9,441,2025-10-21
COM004819,PRJ00679,STU0041,documentation,123,187,2025-05-25
COM004820,PRJ00538,STU0348,documentation,3,474,2025-05-09
COM004821,PRJ00521,STU0403,testing,76,125,2025-09-05
COM004822,PRJ00163,STU0032,deployment,106,395,2024-09-20
COM004823,PRJ00824,STU0496,testing,145,112,2026-01-23
COM004824,PRJ00673,STU0491,deployment,66,154,2025-12-25
COM004825,PRJ00250,STU0209,deployment,112,306,2025-08-08
COM004826,PRJ00708,STU0362,refactor,139,17,2024-08-14
COM004827,PRJ00365,STU0006,feature,80,164,2026-02-14
COM004828,PRJ00819,STU0453,feature,94,370,2025-05-06
COM004829,PRJ00033,STU0452,testing,46,273,2026-06-07
COM004830,PRJ00276,STU0372,documentation,120,85,2026-05-27
COM004831,PRJ00751,STU0373,feature,15,235,2026-06-25
COM004832,PRJ00202,STU0068,refactor,46,470,2025-04-29
COM004833,PRJ00777,STU0141,testing,52,291,2026-06-25
COM004834,PRJ00047,STU0319,deployment,121,229,2026-05-31
COM004835,PRJ00233,STU0037,deployment,127,465,2024-10-20
COM004836,PRJ00146,STU0234,testing,82,139,2025-09-07
COM004837,PRJ00651,STU0410,refactor,3,124,2026-02-21
COM004838,PRJ00576,STU0012,feature,18,216,2025-04-05
COM004839,PRJ00142,STU0395,refactor,145,180,2024-12-22
COM004840,PRJ00113,STU0390,refactor,11,347,2025-02-08
COM004841,PRJ00136,STU0247,deployment,3,154,2026-01-23
COM004842,PRJ00352,STU0416,feature,49,492,2026-03-31
COM004843,PRJ00576,STU0012,feature,81,108,2025-03-15
COM004844,PRJ00352,STU0416,bugfix,18,72,2025-04-10
COM004845,PRJ00931,STU0498,documentation,69,396,2025-10-13
COM004846,PRJ00701,STU0085,deployment,61,423,2025-10-13
COM004847,PRJ00230,STU0374,documentation,86,97,2025-11-29
COM004848,PRJ00081,STU0359,deployment,27,58,2025-09-24
COM004849,PRJ00146,STU0234,bugfix,92,295,2026-07-05
COM004850,PRJ00030,STU0071,refactor,44,206,2025-05-02
COM004851,PRJ00367,STU0140,bugfix,119,419,2024-10-15
COM004852,PRJ00271,STU0072,bugfix,143,223,2025-07-26
COM004853,PRJ00861,STU0403,deployment,99,464,2025-12-16
COM004854,PRJ00188,STU0066,deployment,90,57,2025-02-28
COM004855,PRJ00709,STU0135,feature,136,187,2026-03-18
COM004856,PRJ00508,STU0053,bugfix,137,99,2024-09-09
COM004857,PRJ00568,STU0288,deployment,91,179,2025-03-19
COM004858,PRJ00300,STU0274,refactor,22,133,2025-03-10
COM004859,PRJ00648,STU0488,documentation,12,409,2025-10-12
COM004860,PRJ00619,STU0260,deployment,22,300,2026-07-01
COM004861,PRJ00238,STU0466,refactor,26,41,2025-11-19
COM004862,PRJ00489,STU0233,deployment,79,177,2025-09-22
COM004863,PRJ00849,STU0394,refactor,82,387,2025-10-02
COM004864,PRJ00701,STU0085,bugfix,118,358,2024-09-13
COM004865,PRJ00033,STU0452,documentation,36,243,2025-04-10
COM004866,PRJ00191,STU0309,testing,29,213,2025-07-27
COM004867,PRJ00467,STU0407,bugfix,65,227,2025-03-29
COM004868,PRJ00257,STU0477,documentation,26,432,2025-04-01
COM004869,PRJ00144,STU0127,feature,83,426,2025-07-11
COM004870,PRJ00488,STU0253,refactor,110,369,2026-04-08
COM004871,PRJ00740,STU0053,deployment,44,390,2024-10-12
COM004872,PRJ00436,STU0451,refactor,27,89,2025-11-03
COM004873,PRJ00772,STU0269,documentation,9,264,2025-01-11
COM004874,PRJ00264,STU0316,testing,32,262,2024-12-06
COM004875,PRJ01000,STU0107,deployment,115,201,2026-05-03
COM004876,PRJ00164,STU0268,feature,17,218,2025-12-23
COM004877,PRJ00585,STU0263,bugfix,23,309,2025-10-01
COM004878,PRJ00853,STU0146,documentation,63,11,2025-05-19
COM004879,PRJ00810,STU0326,bugfix,88,487,2025-12-20
COM004880,PRJ00076,STU0310,documentation,128,482,2025-09-30
COM004881,PRJ00061,STU0225,refactor,87,17,2025-09-25
COM004882,PRJ00730,STU0218,refactor,140,74,2025-04-30
COM004883,PRJ00940,STU0268,bugfix,109,226,2025-02-13
COM004884,PRJ00234,STU0337,deployment,27,486,2025-08-02
COM004885,PRJ00178,STU0427,bugfix,73,401,2026-04-07
COM004886,PRJ00235,STU0404,testing,144,272,2026-07-02
COM004887,PRJ00981,STU0236,feature,80,258,2025-02-01
COM004888,PRJ00353,STU0002,feature,76,333,2025-12-17
COM004889,PRJ00156,STU0091,feature,39,190,2025-06-22
COM004890,PRJ00623,STU0199,bugfix,104,153,2025-12-27
COM004891,PRJ00376,STU0292,feature,39,284,2025-02-25
COM004892,PRJ00180,STU0386,deployment,62,55,2024-10-15
COM004893,PRJ00253,STU0493,refactor,35,242,2025-04-29
COM004894,PRJ00371,STU0412,refactor,115,194,2024-11-15
COM004895,PRJ00478,STU0146,bugfix,18,57,2025-06-30
COM004896,PRJ00736,STU0026,refactor,76,303,2025-06-26
COM004897,PRJ00025,STU0184,deployment,75,322,2024-11-30
COM004898,PRJ00265,STU0003,bugfix,23,267,2024-12-16
COM004899,PRJ00872,STU0471,deployment,53,332,2026-07-10
COM004900,PRJ00307,STU0197,bugfix,113,453,2025-01-09
COM004901,PRJ00630,STU0161,refactor,59,469,2025-12-04
COM004902,PRJ00815,STU0192,feature,11,352,2026-02-22
COM004903,PRJ00669,STU0016,bugfix,125,248,2025-08-26
COM004904,PRJ00122,STU0417,deployment,29,165,2025-11-09
COM004905,PRJ00017,STU0420,documentation,39,350,2026-07-20
COM004906,PRJ00599,STU0147,feature,121,310,2026-01-01
COM004907,PRJ00130,STU0156,documentation,88,415,2025-06-29
COM004908,PRJ00066,STU0291,documentation,56,439,2026-03-10
COM004909,PRJ00166,STU0310,testing,30,432,2025-11-27
COM004910,PRJ00438,STU0079,bugfix,23,381,2025-05-29
COM004911,PRJ00055,STU0438,deployment,130,251,2024-08-20
COM004912,PRJ00235,STU0404,testing,41,81,2026-06-03
COM004913,PRJ00101,STU0009,testing,142,127,2025-09-22
COM004914,PRJ00407,STU0405,testing,21,403,2026-03-05
COM004915,PRJ00330,STU0406,documentation,57,348,2025-04-30
COM004916,PRJ00472,STU0210,documentation,125,59,2026-03-19
COM004917,PRJ00792,STU0334,feature,93,71,2026-03-17
COM004918,PRJ00579,STU0141,testing,117,250,2026-05-25
COM004919,PRJ00002,STU0194,documentation,76,178,2025-04-30
COM004920,PRJ00871,STU0458,testing,22,192,2026-02-06
COM004921,PRJ00885,STU0278,bugfix,16,131,2024-10-30
COM004922,PRJ00281,STU0079,refactor,15,6,2026-04-09
COM004923,PRJ00829,STU0184,bugfix,3,68,2025-09-11
COM004924,PRJ00795,STU0478,deployment,98,381,2025-04-06
COM004925,PRJ00827,STU0301,testing,64,287,2025-02-15
COM004926,PRJ00507,STU0143,testing,10,455,2024-09-16
COM004927,PRJ00219,STU0276,deployment,81,327,2025-12-28
COM004928,PRJ00355,STU0435,feature,45,305,2025-07-26
COM004929,PRJ00324,STU0159,testing,104,232,2026-02-12
COM004930,PRJ00780,STU0111,documentation,14,122,2026-04-27
COM004931,PRJ00665,STU0058,feature,71,5,2026-07-07
COM004932,PRJ00620,STU0401,deployment,54,140,2026-04-27
COM004933,PRJ00418,STU0059,deployment,119,348,2026-01-03
COM004934,PRJ00357,STU0029,refactor,19,275,2025-03-19
COM004935,PRJ00729,STU0134,deployment,39,123,2025-07-19
COM004936,PRJ00808,STU0076,documentation,140,259,2025-07-13
COM004937,PRJ00099,STU0027,feature,21,455,2025-12-18
COM004938,PRJ00250,STU0209,testing,35,229,2025-03-27
COM004939,PRJ00177,STU0259,feature,14,447,2025-01-28
COM004940,PRJ00769,STU0456,refactor,27,125,2024-12-02
COM004941,PRJ00251,STU0374,refactor,98,31,2025-12-15
COM004942,PRJ00103,STU0086,testing,81,82,2025-09-24
COM004943,PRJ00153,STU0108,feature,27,121,2025-02-12
COM004944,PRJ00549,STU0489,deployment,142,87,2025-04-29
COM004945,PRJ00371,STU0412,bugfix,46,17,2025-02-27
COM004946,PRJ00790,STU0074,testing,52,351,2025-02-10
COM004947,PRJ00749,STU0048,feature,101,268,2026-05-21
COM004948,PRJ00125,STU0004,deployment,107,114,2026-03-08
COM004949,PRJ00426,STU0475,feature,62,276,2025-09-02
COM004950,PRJ00579,STU0141,deployment,24,333,2026-05-08
COM004951,PRJ00961,STU0437,deployment,124,126,2025-11-29
COM004952,PRJ00756,STU0207,documentation,5,239,2025-01-30
COM004953,PRJ00768,STU0369,testing,80,332,2024-11-19
COM004954,PRJ00498,STU0271,documentation,125,95,2025-03-16
COM004955,PRJ00048,STU0210,feature,7,182,2026-05-09
COM004956,PRJ00133,STU0391,feature,67,358,2026-07-05
COM004957,PRJ00735,STU0171,feature,14,495,2026-07-31
COM004958,PRJ00486,STU0425,feature,118,59,2025-07-07
COM004959,PRJ00445,STU0224,bugfix,70,288,2025-12-29
COM004960,PRJ00374,STU0006,feature,138,430,2026-04-13
COM004961,PRJ00622,STU0350,refactor,28,93,2024-09-29
COM004962,PRJ00222,STU0106,documentation,3,271,2025-08-25
COM004963,PRJ00381,STU0301,feature,30,452,2025-05-21
COM004964,PRJ00800,STU0422,testing,22,319,2025-08-24
COM004965,PRJ00272,STU0102,deployment,79,186,2025-06-27
COM004966,PRJ00266,STU0052,refactor,109,311,2025-12-06
COM004967,PRJ00484,STU0068,bugfix,103,177,2025-09-26
COM004968,PRJ00347,STU0066,documentation,31,308,2025-05-10
COM004969,PRJ00191,STU0309,documentation,111,256,2026-03-19
COM004970,PRJ00081,STU0359,bugfix,114,229,2026-07-10
COM004971,PRJ00752,STU0115,deployment,31,353,2025-04-26
COM004972,PRJ00774,STU0360,deployment,130,257,2026-02-22
COM004973,PRJ00426,STU0475,bugfix,110,124,2024-10-18
COM004974,PRJ00599,STU0147,refactor,104,55,2025-06-29
COM004975,PRJ00138,STU0374,deployment,104,392,2026-03-28
COM004976,PRJ00850,STU0422,documentation,114,279,2025-07-28
COM004977,PRJ00225,STU0154,feature,97,187,2025-05-11
COM004978,PRJ00507,STU0143,bugfix,119,51,2026-04-01
COM004979,PRJ00201,STU0145,testing,136,245,2025-01-31
COM004980,PRJ00766,STU0412,refactor,13,85,2026-06-12
COM004981,PRJ00747,STU0381,bugfix,57,352,2025-08-22
COM004982,PRJ00672,STU0017,deployment,75,342,2026-02-01
COM004983,PRJ00390,STU0296,feature,79,153,2025-03-23
COM004984,PRJ00807,STU0207,documentation,99,91,2025-11-27
COM004985,PRJ00507,STU0143,documentation,54,373,2026-04-13
COM004986,PRJ00224,STU0153,feature,77,488,2024-12-13
COM004987,PRJ00697,STU0297,feature,20,413,2025-07-03
COM004988,PRJ00469,STU0140,documentation,26,351,2026-01-21
COM004989,PRJ00306,STU0273,bugfix,28,192,2025-02-14
COM004990,PRJ00191,STU0309,refactor,132,117,2026-05-04
COM004991,PRJ00116,STU0389,testing,103,273,2025-02-08
COM004992,PRJ00755,STU0107,documentation,55,455,2026-07-11
COM004993,PRJ00946,STU0405,documentation,69,246,2026-07-22
COM004994,PRJ00028,STU0090,refactor,101,161,2025-08-05
COM004995,PRJ00387,STU0255,testing,146,199,2025-09-15
COM004996,PRJ00608,STU0119,testing,125,475,2026-02-16
COM004997,PRJ00023,STU0123,bugfix,98,283,2024-10-25
COM004998,PRJ00573,STU0201,bugfix,2,15,2025-04-03
COM004999,PRJ00285,STU0206,testing,58,250,2025-01-22
COM005000,PRJ00700,STU0295,testing,60,206,2025-03-23
