student_id,skill,course_count,avg_marks,project_count,project_stars,avg_complexity,assessment_count,assessment_score,verified_score,verified,proficiency
STU0001,Python,0.0,0.0,1.0,56.0,2.0,0.0,0.0,0.0,0,Not Verified
STU0001,Java,0.0,0.0,1.0,138.0,1.0,0.0,0.0,0.0,0,Not Verified
STU0001,JavaScript,1.0,68.0,0.0,0.0,0.0,0.0,0.0,0.0,0,Not Verified
STU0001,React,0.0,0.0,1.0,142.0,2.0,0.0,0.0,0.0,0,Not Verified
STU0001,Node.js,0.0,0.0,1.0,142.0,2.0,0.0,0.0,0.0,0,Not Verified
STU0001,SQL,0.0,0.0,1.0,138.0,1.0,0.0,0.0,0.0,0,Not Verified
STU0001,Machine Learning,1.0,93.0,1.0,56.0,2.0,1.0,76.8,76.8,1,Intermediate
STU0001,Data Science,1.0,76.0,0.0,0.0,0.0,0.0,0.0,0.0,0,Not Verified
STU0001,FastAPI,0.0,0.0,1.0,56.0,2.0,2.0,85.4,85.4,1,Advanced
STU0001,Git,0.0,0.0,0.0,0.0,0.0,1.0,79.2,79.2,1,Intermediate
STU0001,Docker,0.0,0.0,0.0,0.0,0.0,0.0,0.0,0.0,0,Not Verified
STU0001,C++,1.0,75.0,0.0,0.0,0.0,0.0,0.0,0.0,0,Not Verified
STU0001,HTML/CSS,0.0,0.0,0.0,0.0,0.0,0.0,0.0,0.0,0,Not Verified
STU0001,MongoDB,1.0,64.0,1.0,142.0,2.0,0.0,0.0,0.0,0,Not Verified
STU0001,Firebase,0.0,0.0,0.0,0.0,0.0,0.0,0.0,0.0,0,Not Verified
STU0002,Python,0.0,0.0,2.0,217.0,1.5,0.0,0.0,0.0,0,Not Verified
STU0002,Java,1.0,58.0,0.0,0.0,0.0,0.0,0.0,0.0,0,Not Verified
STU0002,JavaScript,1.0,70.0,0.0,0.0,0.0,0.0,0.0,0.0,0,Not Verified
STU0002,React,0.0,0.0,0.0,0.0,0.0,0.0,0.0,0.0,0,Not Verified
STU0002,Node.js,0.0,0.0,0.0,0.0,0.0,0.0,0.0,0.0,0,Not Verified
STU0002,SQL,1.0,84.0,1.0,97.0,2.0,0.0,0.0,0.0,0,Not Verified
STU0002,Machine Learning,1.0,83.0,0.0,0.0,0.0,0.0,0.0,0.0,0,Not Verified
STU0002,Data Science,1.0,79.0,1.0,97.0,2.0,0.0,0.0,0.0,0,Not Verified
STU0002,FastAPI,1.0,61.0,0.0,0.0,0.0,0.0,0.0,0.0,0,Not Verified
STU0002,Git,0.0,0.0,0.0,0.0,0.0,1.0,68.2,68.2,1,Beginner
STU0002,Docker,1.0,73.0,0.0,0.0,0.0,0.0,0.0,0.0,0,Not Verified
STU0002,C++,1.0,62.0,0.0,0.0,0.0,1.0,77.5,77.5,1,Intermediate
STU0002,HTML/CSS,1.0,64.0,0.0,0.0,0.0,0.0,0.0,0.0,0,Not Verified
STU0002,MongoDB,0.0,0.0,0.0,0.0,0.0,1.0,73.5,73.5,1,Intermediate
STU0002,Firebase,1.0,72.0,1.0,120.0,1.0,0.0,0.0,0.0,0,Not Verified
STU0003,Python,0.0,0.0,2.0,200.0,1.5,1.0,70.3,70.3,1,Intermediate
STU0003,Java,0.0,0.0,1.0,5.0,2.0,0.0,0.0,0.0,0,Not Verified
STU0003,JavaScript,1.0,86.0,0.0,0.0,0.0,0.0,0.0,0.0,0,Not Verified
STU0003,React,1.0,84.0,0.0,0.0,0.0,0.0,0.0,0.0,0,Not Verified
STU0003,Node.js,0.0,0.0,0.0,0.0,0.0,0.0,0.0,0.0,0,Not Verified
STU0003,SQL,1.0,74.0,1.0,5.0,2.0,0.0,0.0,0.0,0,Not Verified
STU0003,Machine Learning,1.0,87.0,1.0,107.0,1.0,0.0,0.0,0.0,0,Not Verified
STU0003,Data Science,0.0,0.0,0.0,0.0,0.0,0.0,0.0,0.0,0,Not Verified
STU0003,FastAPI,1.0,87.0,0.0,0.0,0.0,0.0,0.0,0.0,0,Not Verified
STU0003,Git,1.0,86.0,0.0,0.0,0.0,0.0,0.0,0.0,0,Not Verified
STU0003,Docker,0.0,0.0,0.0,0.0,0.0,0.0,0.0,0.0,0,Not Verified
STU0003,C++,1.0,56.0,0.0,0.0,0.0,0.0,0.0,0.0,0,Not Verified
STU0003,HTML/CSS,1.0,80.0,0.0,0.0,0.0,1.0,62.0,62.0,1,Beginner
STU0003,MongoDB,1.0,60.0,0.0,0.0,0.0,0.0,0.0,0.0,0,Not Verified
STU0003,Firebase,0.0,0.0,1.0,93.0,2.0,0.0,0.0,0.0,0,Not Verified
STU0004,Python,1.0,73.0,0.0,0.0,0.0,0.0,0.0,0.0,0,Not Verified
STU0004,Java,0.0,0.0,1.0,62.0,2.0,1.0,65.9,65.9,1,Beginner
STU0004,JavaScript,0.0,0.0,1.0,22.0,1.0,0.0,0.0,0.0,0,Not Verified
STU0004,React,1.0,93.0,1.0,22.0,1.0,0.0,0.0,0.0,0,Not Verified
STU0004,Node.js,1.0,55.0,1.0,22.0,1.0,0.0,0.0,0.0,0,Not Verified
STU0004,SQL,1.0,85.0,2.0,84.0,1.5,0.0,0.0,0.0,0,Not Verified
STU0004,Machine Learning,0.0,0.0,0.0,0.0,0.0,0.0,0.0,0.0,0,Not Verified
STU0004,Data Science,1.0,61.0,0.0,0.0,0.0,0.0,0.0,0.0,0,Not Verified
STU0004,FastAPI,0.0,0.0,0.0,0.0,0.0,1.0,71.9,71.9,1,Intermediate
STU0004,Git,1.0,98.0,0.0,0.0,0.0,1.0,61.9,61.9,1,Beginner
STU0004,Docker,1.0,89.0,0.0,0.0,0.0,1.0,73.5,73.5,1,Intermediate
STU0004,C++,0.0,0.0,0.0,0.0,0.0,0.0,0.0,0.0,0,Not Verified
STU0004,HTML/CSS,0.0,0.0,0.0,0.0,0.0,0.0,0.0,0.0,0,Not Verified
STU0004,MongoDB,0.0,0.0,0.0,0.0,0.0,0.0,0.0,0.0,0,Not Verified
STU0004,Firebase,1.0,96.0,0.0,0.0,0.0,1.0,60.0,60.0,1,Beginner
STU0005,Python,1.0,73.0,0.0,0.0,0.0,0.0,0.0,0.0,0,Not Verified
STU0005,Java,0.0,0.0,0.0,0.0,0.0,0.0,0.0,0.0,0,Not Verified
STU0005,JavaScript,1.0,58.0,0.0,0.0,0.0,0.0,0.0,0.0,0,Not Verified
STU0005,React,0.0,0.0,0.0,0.0,0.0,1.0,60.1,60.1,1,Beginner
STU0005,Node.js,1.0,91.0,0.0,0.0,0.0,0.0,0.0,0.0,0,Not Verified
STU0005,SQL,1.0,67.0,0.0,0.0,0.0,0.0,0.0,0.0,0,Not Verified
STU0005,Machine Learning,1.0,78.0,0.0,0.0,0.0,0.0,0.0,0.0,0,Not Verified
STU0005,Data Science,0.0,0.0,0.0,0.0,0.0,0.0,0.0,0.0,0,Not Verified
STU0005,FastAPI,0.0,0.0,0.0,0.0,0.0,0.0,0.0,0.0,0,Not Verified
STU0005,Git,0.0,0.0,0.0,0.0,0.0,0.0,0.0,0.0,0,Not Verified
STU0005,Docker,1.0,59.0,0.0,0.0,0.0,1.0,82.7,82.7,1,Intermediate
STU0005,C++,1.0,90.0,0.0,0.0,0.0,1.0,71.3,71.3,1,Intermediate
STU0005,HTML/CSS,1.0,90.0,0.0,0.0,0.0,0.0,0.0,0.0,0,Not Verified
STU0005,MongoDB,0.0,0.0,0.0,0.0,0.0,1.0,66.3,66.3,1,Beginner
STU0005,Firebase,0.0,0.0,0.0,0.0,0.0,0.0,0.0,0.0,0,Not Verified
STU0006,Python,0.0,0.0,1.0,53.0,1.0,1.0,61.0,61.0,1,Beginner
STU0006,Java,1.0,64.0,1.0,121.0,3.0,0.0,0.0,0.0,0,Not Verified
STU0006,JavaScript,1.0,67.0,2.0,87.0,1.5,1.0,79.2,79.2,1,Intermediate
STU0006,React,0.0,0.0,3.0,146.0,2.0,0.0,0.0,0.0,0,Not Verified
STU0006,Node.js,1.0,90.0,3.0,146.0,2.0,0.0,0.0,0.0,0,Not Verified
STU0006,SQL,0.0,0.0,3.0,208.0,2.0,0.0,0.0,0.0,0,Not Verified
STU0006,Machine Learning,0.0,0.0,1.0,53.0,1.0,0.0,0.0,0.0,0,Not Verified
STU0006,Data Science,1.0,80.0,1.0,53.0,1.0,1.0,50.8,50.8,1,Beginner
STU0006,FastAPI,1.0,61.0,0.0,0.0,0.0,0.0,0.0,0.0,0,Not Verified
STU0006,Git,1.0,78.0,0.0,0.0,0.0,1.0,89.8,89.8,1,Advanced
STU0006,Docker,0.0,0.0,0.0,0.0,0.0,0.0,0.0,0.0,0,Not Verified
STU0006,C++,0.0,0.0,0.0,0.0,0.0,0.0,0.0,0.0,0,Not Verified
STU0006,HTML/CSS,1.0,78.0,0.0,0.0,0.0,0.0,0.0,0.0,0,Not Verified
STU0006,MongoDB,0.0,0.0,1.0,59.0,3.0,1.0,70.4,70.4,1,Intermediate
STU0006,Firebase,1.0,76.0,0.0,0.0,0.0,0.0,0.0,0.0,0,Not Verified
STU0007,Python,1.0,64.0,2.0,124.0,1.5,0.0,0.0,0.0,0,Not Verified
STU0007,Java,0.0,0.0,0.0,0.0,0.0,0.0,0.0,0.0,0,Not Verified
STU0007,JavaScript,1.0,63.0,0.0,0.0,0.0,0.0,0.0,0.0,0,Not Verified
STU0007,React,0.0,0.0,0.0,0.0,0.0,0.0,0.0,0.0,0,Not Verified
STU0007,Node.js,0.0,0.0,0.0,0.0,0.0,0.0,0.0,0.0,0,Not Verified
STU0007,SQL,1.0,75.0,0.0,0.0,0.0,1.0,52.4,52.4,1,Beginner
STU0007,Machine Learning,1.0,88.0,1.0,18.0,2.0,0.0,0.0,0.0,0,Not Verified
STU0007,Data Science,0.0,0.0,1.0,18.0,2.0,0.0,0.0,0.0,0,Not Verified
STU0007,FastAPI,1.0,85.0,0.0,0.0,0.0,0.0,0.0,0.0,0,Not Verified
STU0007,Git,0.0,0.0,0.0,0.0,0.0,0.0,0.0,0.0,0,Not Verified
STU0007,Docker,1.0,87.0,0.0,0.0,0.0,1.0,77.8,77.8,1,Intermediate
STU0007,C++,1.0,93.0,0.0,0.0,0.0,0.0,0.0,0.0,0,Not Verified
STU0007,HTML/CSS,0.0,0.0,0.0,0.0,0.0,0.0,0.0,0.0,0,Not Verified
STU0007,MongoDB,1.0,94.0,0.0,0.0,0.0,1.0,50.9,50.9,1,Beginner
STU0007,Firebase,1.0,84.0,1.0,106.0,1.0,0.0,0.0,0.0,0,Not Verified
STU0008,Python,0.0,0.0,0.0,0.0,0.0,0.0,0.0,0.0,0,Not Verified
STU0008,Java,0.0,0.0,0.0,0.0,0.0,1.0,80.2,80.2,1,Intermediate
STU0008,JavaScript,1.0,87.0,0.0,0.0,0.0,0.0,0.0,0.0,0,Not Verified
STU0008,React,0.0,0.0,0.0,0.0,0.0,0.0,0.0,0.0,0,Not Verified
STU0008,Node.js,1.0,91.0,0.0,0.0,0.0,1.0,69.5,69.5,1,Intermediate
STU0008,SQL,1.0,85.0,0.0,0.0,0.0,0.0,0.0,0.0,0,Not Verified
STU0008,Machine Learning,1.0,87.0,0.0,0.0,0.0,0.0,0.0,0.0,0,Not Verified
STU0008,Data Science,0.0,0.0,0.0,0.0,0.0,1.0,72.9,72.9,1,Intermediate
STU0008,FastAPI,0.0,0.0,0.0,0.0,0.0,0.0,0.0,0.0,0,Not Verified
STU0008,Git,1.0,89.0,0.0,0.0,0.0,0.0,0.0,0.0,0,Not Verified
STU0008,Docker,0.0,0.0,0.0,0.0,0.0,0.0,0.0,0.0,0,Not Verified
STU0008,C++,1.0,86.0,0.0,0.0,0.0,0.0,0.0,0.0,0,Not Verified
STU0008,HTML/CSS,1.0,74.0,0.0,0.0,0.0,1.0,55.5,55.5,1,Beginner
STU0008,MongoDB,0.0,0.0,0.0,0.0,0.0,0.0,0.0,0.0,0,Not Verified
STU0008,Firebase,0.0,0.0,0.0,0.0,0.0,0.0,0.0,0.0,0,Not Verified
STU0009,Python,0.0,0.0,0.0,0.0,0.0,0.0,0.0,0.0,0,Not Verified
STU0009,Java,1.0,56.0,1.0,8.0,1.0,0.0,0.0,0.0,0,Not Verified
STU0009,JavaScript,0.0,0.0,0.0,0.0,0.0,0.0,0.0,0.0,0,Not Verified
STU0009,React,0.0,0.0,0.0,0.0,0.0,0.0,0.0,0.0,0,Not Verified
STU0009,Node.js,0.0,0.0,1.0,52.0,1.0,0.0,0.0,0.0,0,Not Verified
STU0009,SQL,1.0,92.0,1.0,8.0,1.0,0.0,0.0,0.0,0,Not Verified
STU0009,Machine Learning,1.0,93.0,0.0,0.0,0.0,0.0,0.0,0.0,0,Not Verified
STU0009,Data Science,0.0,0.0,0.0,0.0,0.0,1.0,92.4,92.4,1,Advanced
STU0009,FastAPI,0.0,0.0,0.0,0.0,0.0,0.0,0.0,0.0,0,Not Verified
STU0009,Git,0.0,0.0,1.0,52.0,1.0,0.0,0.0,0.0,0,Not Verified
STU0009,Docker,1.0,95.0,1.0,52.0,1.0,2.0,73.7,73.7,1,Intermediate
STU0009,C++,0.0,0.0,0.0,0.0,0.0,1.0,68.5,68.5,1,Beginner
STU0009,HTML/CSS,0.0,0.0,0.0,0.0,0.0,0.0,0.0,0.0,0,Not Verified
STU0009,MongoDB,0.0,0.0,0.0,0.0,0.0,0.0,0.0,0.0,0,Not Verified
STU0009,Firebase,1.0,74.0,0.0,0.0,0.0,0.0,0.0,0.0,0,Not Verified
STU0010,Python,1.0,98.0,0.0,0.0,0.0,0.0,0.0,0.0,0,Not Verified
STU0010,Java,0.0,0.0,1.0,58.0,2.0,0.0,0.0,0.0,0,Not Verified
STU0010,JavaScript,0.0,0.0,0.0,0.0,0.0,0.0,0.0,0.0,0,Not Verified
STU0010,React,1.0,64.0,3.0,191.0,2.6666666666666665,0.0,0.0,0.0,0,Not Verified
STU0010,Node.js,1.0,65.0,1.0,61.0,3.0,0.0,0.0,0.0,0,Not Verified
STU0010,SQL,0.0,0.0,1.0,58.0,2.0,1.0,59.1,59.1,1,Beginner
STU0010,Machine Learning,0.0,0.0,0.0,0.0,0.0,0.0,0.0,0.0,0,Not Verified
STU0010,Data Science,1.0,70.0,0.0,0.0,0.0,0.0,0.0,0.0,0,Not Verified
STU0010,FastAPI,0.0,0.0,0.0,0.0,0.0,0.0,0.0,0.0,0,Not Verified
STU0010,Git,1.0,94.0,0.0,0.0,0.0,0.0,0.0,0.0,0,Not Verified
STU0010,Docker,1.0,88.0,0.0,0.0,0.0,0.0,0.0,0.0,0,Not Verified
STU0010,C++,1.0,79.0,0.0,0.0,0.0,1.0,68.5,68.5,1,Beginner
STU0010,HTML/CSS,1.0,95.0,0.0,0.0,0.0,0.0,0.0,0.0,0,Not Verified
STU0010,MongoDB,0.0,0.0,1.0,61.0,3.0,0.0,0.0,0.0,0,Not Verified
STU0010,Firebase,0.0,0.0,2.0,130.0,2.5,0.0,0.0,0.0,0,Not Verified
STU0011,Python,1.0,81.0,0.0,0.0,0.0,0.0,0.0,0.0,0,Not Verified
STU0011,Java,1.0,81.0,0.0,0.0,0.0,0.0,0.0,0.0,0,Not Verified
STU0011,JavaScript,0.0,0.0,1.0,16.0,1.0,1.0,75.5,75.5,1,Intermediate
STU0011,React,1.0,64.0,3.0,124.0,2.0,0.0,0.0,0.0,0,Not Verified
STU0011,Node.js,0.0,0.0,3.0,124.0,2.0,0.0,0.0,0.0,0,Not Verified
STU0011,SQL,0.0,0.0,1.0,16.0,1.0,0.0,0.0,0.0,0,Not Verified
STU0011,Machine Learning,0.0,0.0,0.0,0.0,0.0,0.0,0.0,0.0,0,Not Verified
STU0011,Data Science,0.0,0.0,0.0,0.0,0.0,0.0,0.0,0.0,0,Not Verified
STU0011,FastAPI,0.0,0.0,0.0,0.0,0.0,0.0,0.0,0.0,0,Not Verified
STU0011,Git,1.0,83.0,0.0,0.0,0.0,0.0,0.0,0.0,0,Not Verified
STU0011,Docker,0.0,0.0,0.0,0.0,0.0,1.0,89.5,89.5,1,Advanced
STU0011,C++,1.0,75.0,0.0,0.0,0.0,0.0,0.0,0.0,0,Not Verified
STU0011,HTML/CSS,0.0,0.0,0.0,0.0,0.0,0.0,0.0,0.0,0,Not Verified
STU0011,MongoDB,0.0,0.0,2.0,108.0,2.5,0.0,0.0,0.0,0,Not Verified
STU0011,Firebase,0.0,0.0,0.0,0.0,0.0,0.0,0.0,0.0,0,Not Verified
STU0012,Python,1.0,66.0,0.0,0.0,0.0,0.0,0.0,0.0,0,Not Verified
STU0012,Java,0.0,0.0,2.0,91.0,2.0,0.0,0.0,0.0,0,Not Verified
STU0012,JavaScript,1.0,84.0,0.0,0.0,0.0,0.0,0.0,0.0,0,Not Verified
STU0012,React,1.0,97.0,0.0,0.0,0.0,0.0,0.0,0.0,0,Not Verified
STU0012,Node.js,1.0,76.0,0.0,0.0,0.0,1.0,48.0,48.0,0,Not Verified
STU0012,SQL,0.0,0.0,2.0,91.0,2.0,0.0,0.0,0.0,0,Not Verified
STU0012,Machine Learning,1.0,85.0,0.0,0.0,0.0,0.0,0.0,0.0,0,Not Verified
STU0012,Data Science,1.0,75.0,0.0,0.0,0.0,0.0,0.0,0.0,0,Not Verified
STU0012,FastAPI,1.0,88.0,0.0,0.0,0.0,0.0,0.0,0.0,0,Not Verified
STU0012,Git,1.0,79.0,0.0,0.0,0.0,0.0,0.0,0.0,0,Not Verified
STU0012,Docker,0.0,0.0,0.0,0.0,0.0,0.0,0.0,0.0,0,Not Verified
STU0012,C++,0.0,0.0,0.0,0.0,0.0,0.0,0.0,0.0,0,Not Verified
STU0012,HTML/CSS,1.0,89.0,0.0,0.0,0.0,0.0,0.0,0.0,0,Not Verified
STU0012,MongoDB,0.0,0.0,0.0,0.0,0.0,0.0,0.0,0.0,0,Not Verified
STU0012,Firebase,1.0,89.0,0.0,0.0,0.0,0.0,0.0,0.0,0,Not Verified
STU0013,Python,0.0,0.0,1.0,103.0,2.0,1.0,86.1,86.1,1,Advanced
STU0013,Java,0.0,0.0,1.0,64.0,3.0,0.0,0.0,0.0,0,Not Verified
STU0013,JavaScript,0.0,0.0,0.0,0.0,0.0,0.0,0.0,0.0,0,Not Verified
STU0013,React,0.0,0.0,1.0,23.0,3.0,0.0,0.0,0.0,0,Not Verified
STU0013,Node.js,1.0,69.0,1.0,23.0,3.0,1.0,86.4,86.4,1,Advanced
STU0013,SQL,0.0,0.0,2.0,167.0,2.5,0.0,0.0,0.0,0,Not Verified
STU0013,Machine Learning,0.0,0.0,0.0,0.0,0.0,1.0,83.3,83.3,1,Intermediate
STU0013,Data Science,1.0,74.0,1.0,103.0,2.0,0.0,0.0,0.0,0,Not Verified
STU0013,FastAPI,0.0,0.0,0.0,0.0,0.0,0.0,0.0,0.0,0,Not Verified
STU0013,Git,0.0,0.0,0.0,0.0,0.0,0.0,0.0,0.0,0,Not Verified
STU0013,Docker,1.0,67.0,0.0,0.0,0.0,1.0,54.4,54.4,1,Beginner
STU0013,C++,1.0,72.0,0.0,0.0,0.0,0.0,0.0,0.0,0,Not Verified
STU0013,HTML/CSS,1.0,70.0,0.0,0.0,0.0,1.0,62.6,62.6,1,Beginner
STU0013,MongoDB,1.0,74.0,1.0,23.0,3.0,0.0,0.0,0.0,0,Not Verified
STU0013,Firebase,1.0,90.0,0.0,0.0,0.0,1.0,63.4,63.4,1,Beginner
STU0014,Python,0.0,0.0,0.0,0.0,0.0,0.0,0.0,0.0,0,Not Verified
STU0014,Java,0.0,0.0,1.0,22.0,2.0,1.0,75.2,75.2,1,Intermediate
STU0014,JavaScript,0.0,0.0,0.0,0.0,0.0,0.0,0.0,0.0,0,Not Verified
STU0014,React,1.0,90.0,0.0,0.0,0.0,1.0,83.7,83.7,1,Intermediate
STU0014,Node.js,0.0,0.0,0.0,0.0,0.0,0.0,0.0,0.0,0,Not Verified
STU0014,SQL,1.0,91.0,1.0,22.0,2.0,0.0,0.0,0.0,0,Not Verified
STU0014,Machine Learning,0.0,0.0,0.0,0.0,0.0,0.0,0.0,0.0,0,Not Verified
STU0014,Data Science,1.0,62.0,0.0,0.0,0.0,0.0,0.0,0.0,0,Not Verified
STU0014,FastAPI,0.0,0.0,0.0,0.0,0.0,0.0,0.0,0.0,0,Not Verified
STU0014,Git,0.0,0.0,0.0,0.0,0.0,1.0,94.8,94.8,1,Advanced
STU0014,Docker,1.0,98.0,0.0,0.0,0.0,0.0,0.0,0.0,0,Not Verified
STU0014,C++,1.0,77.0,0.0,0.0,0.0,0.0,0.0,0.0,0,Not Verified
STU0014,HTML/CSS,1.0,73.0,0.0,0.0,0.0,0.0,0.0,0.0,0,Not Verified
STU0014,MongoDB,0.0,0.0,0.0,0.0,0.0,0.0,0.0,0.0,0,Not Verified
STU0014,Firebase,1.0,72.0,0.0,0.0,0.0,0.0,0.0,0.0,0,Not Verified
STU0015,Python,1.0,67.0,1.0,7.0,1.0,1.0,79.6,79.6,1,Intermediate
STU0015,Java,1.0,72.0,1.0,103.0,1.0,0.0,0.0,0.0,0,Not Verified
STU0015,JavaScript,1.0,85.0,0.0,0.0,0.0,0.0,0.0,0.0,0,Not Verified
STU0015,React,0.0,0.0,0.0,0.0,0.0,0.0,0.0,0.0,0,Not Verified
STU0015,Node.js,1.0,68.0,1.0,112.0,1.0,0.0,0.0,0.0,0,Not Verified
STU0015,SQL,1.0,71.0,2.0,110.0,1.0,0.0,0.0,0.0,0,Not Verified
STU0015,Machine Learning,1.0,83.0,0.0,0.0,0.0,0.0,0.0,0.0,0,Not Verified
STU0015,Data Science,0.0,0.0,1.0,7.0,1.0,1.0,73.1,73.1,1,Intermediate
STU0015,FastAPI,0.0,0.0,0.0,0.0,0.0,0.0,0.0,0.0,0,Not Verified
STU0015,Git,0.0,0.0,1.0,112.0,1.0,0.0,0.0,0.0,0,Not Verified
STU0015,Docker,1.0,89.0,1.0,112.0,1.0,1.0,49.5,49.5,0,Beginner
STU0015,C++,1.0,90.0,0.0,0.0,0.0,1.0,47.2,47.2,0,Not Verified
STU0015,HTML/CSS,0.0,0.0,0.0,0.0,0.0,0.0,0.0,0.0,0,Not Verified
STU0015,MongoDB,0.0,0.0,0.0,0.0,0.0,1.0,67.3,67.3,1,Beginner
STU0015,Firebase,1.0,96.0,0.0,0.0,0.0,0.0,0.0,0.0,0,Not Verified
STU0016,Python,1.0,85.0,1.0,112.0,1.0,0.0,0.0,0.0,0,Not Verified
STU0016,Java,1.0,69.0,3.0,121.0,1.6666666666666667,0.0,0.0,0.0,0,Not Verified
STU0016,JavaScript,1.0,95.0,0.0,0.0,0.0,0.0,0.0,0.0,0,Not Verified
STU0016,React,1.0,81.0,0.0,0.0,0.0,0.0,0.0,0.0,0,Not Verified
STU0016,Node.js,1.0,69.0,0.0,0.0,0.0,0.0,0.0,0.0,0,Not Verified
STU0016,SQL,1.0,61.0,3.0,121.0,1.6666666666666667,1.0,61.0,61.0,1,Beginner
STU0016,Machine Learning,0.0,0.0,1.0,112.0,1.0,0.0,0.0,0.0,0,Not Verified
STU0016,Data Science,0.0,0.0,0.0,0.0,0.0,0.0,0.0,0.0,0,Not Verified
STU0016,FastAPI,0.0,0.0,1.0,112.0,1.0,0.0,0.0,0.0,0,Not Verified
STU0016,Git,1.0,58.0,0.0,0.0,0.0,0.0,0.0,0.0,0,Not Verified
STU0016,Docker,1.0,76.0,0.0,0.0,0.0,0.0,0.0,0.0,0,Not Verified
STU0016,C++,1.0,61.0,0.0,0.0,0.0,0.0,0.0,0.0,0,Not Verified
STU0016,HTML/CSS,0.0,0.0,0.0,0.0,0.0,1.0,55.6,55.6,1,Beginner
STU0016,MongoDB,0.0,0.0,0.0,0.0,0.0,0.0,0.0,0.0,0,Not Verified
STU0016,Firebase,1.0,98.0,0.0,0.0,0.0,1.0,75.5,75.5,1,Intermediate
STU0017,Python,1.0,85.0,1.0,102.0,1.0,0.0,0.0,0.0,0,Not Verified
STU0017,Java,0.0,0.0,0.0,0.0,0.0,1.0,48.3,48.3,0,Not Verified
STU0017,JavaScript,1.0,67.0,1.0,142.0,2.0,0.0,0.0,0.0,0,Not Verified
STU0017,React,0.0,0.0,0.0,0.0,0.0,0.0,0.0,0.0,0,Not Verified
STU0017,Node.js,0.0,0.0,0.0,0.0,0.0,0.0,0.0,0.0,0,Not Verified
STU0017,SQL,0.0,0.0,0.0,0.0,0.0,0.0,0.0,0.0,0,Not Verified
STU0017,Machine Learning,1.0,73.0,1.0,102.0,1.0,0.0,0.0,0.0,0,Not Verified
STU0017,Data Science,1.0,73.0,0.0,0.0,0.0,0.0,0.0,0.0,0,Not Verified
STU0017,FastAPI,1.0,96.0,1.0,102.0,1.0,0.0,0.0,0.0,0,Not Verified
STU0017,Git,0.0,0.0,0.0,0.0,0.0,0.0,0.0,0.0,0,Not Verified
STU0017,Docker,1.0,75.0,0.0,0.0,0.0,1.0,57.4,57.4,1,Beginner
STU0017,C++,0.0,0.0,0.0,0.0,0.0,0.0,0.0,0.0,0,Not Verified
STU0017,HTML/CSS,0.0,0.0,1.0,142.0,2.0,0.0,0.0,0.0,0,Not Verified
STU0017,MongoDB,0.0,0.0,0.0,0.0,0.0,0.0,0.0,0.0,0,Not Verified
STU0017,Firebase,0.0,0.0,0.0,0.0,0.0,0.0,0.0,0.0,0,Not Verified
STU0018,Python,1.0,66.0,1.0,15.0,1.0,0.0,0.0,0.0,0,Not Verified
STU0018,Java,1.0,80.0,0.0,0.0,0.0,0.0,0.0,0.0,0,Not Verified
STU0018,JavaScript,0.0,0.0,1.0,106.0,2.0,0.0,0.0,0.0,0,Not Verified
STU0018,React,1.0,73.0,1.0,106.0,2.0,0.0,0.0,0.0,0,Not Verified
STU0018,Node.js,0.0,0.0,1.0,106.0,2.0,0.0,0.0,0.0,0,Not Verified
STU0018,SQL,0.0,0.0,1.0,106.0,2.0,0.0,0.0,0.0,0,Not Verified
STU0018,Machine Learning,0.0,0.0,1.0,15.0,1.0,0.0,0.0,0.0,0,Not Verified
STU0018,Data Science,0.0,0.0,0.0,0.0,0.0,0.0,0.0,0.0,0,Not Verified
STU0018,FastAPI,1.0,57.0,1.0,15.0,1.0,0.0,0.0,0.0,0,Not Verified
STU0018,Git,1.0,66.0,0.0,0.0,0.0,1.0,59.7,59.7,1,Beginner
STU0018,Docker,1.0,86.0,0.0,0.0,0.0,0.0,0.0,0.0,0,Not Verified
STU0018,C++,1.0,91.0,0.0,0.0,0.0,0.0,0.0,0.0,0,Not Verified
STU0018,HTML/CSS,1.0,57.0,0.0,0.0,0.0,0.0,0.0,0.0,0,Not Verified
STU0018,MongoDB,1.0,74.0,0.0,0.0,0.0,0.0,0.0,0.0,0,Not Verified
STU0018,Firebase,1.0,55.0,0.0,0.0,0.0,1.0,74.2,74.2,1,Intermediate
STU0019,Python,0.0,0.0,2.0,193.0,1.0,0.0,0.0,0.0,0,Not Verified
STU0019,Java,1.0,87.0,0.0,0.0,0.0,0.0,0.0,0.0,0,Not Verified
STU0019,JavaScript,0.0,0.0,1.0,68.0,1.0,0.0,0.0,0.0,0,Not Verified
STU0019,React,0.0,0.0,0.0,0.0,0.0,0.0,0.0,0.0,0,Not Verified
STU0019,Node.js,1.0,72.0,0.0,0.0,0.0,0.0,0.0,0.0,0,Not Verified
STU0019,SQL,1.0,84.0,2.0,193.0,1.0,2.0,64.25,64.25,1,Beginner
STU0019,Machine Learning,0.0,0.0,0.0,0.0,0.0,0.0,0.0,0.0,0,Not Verified
STU0019,Data Science,1.0,67.0,2.0,193.0,1.0,0.0,0.0,0.0,0,Not Verified
STU0019,FastAPI,1.0,76.0,0.0,0.0,0.0,0.0,0.0,0.0,0,Not Verified
STU0019,Git,1.0,65.0,0.0,0.0,0.0,1.0,63.2,63.2,1,Beginner
STU0019,Docker,1.0,62.0,0.0,0.0,0.0,0.0,0.0,0.0,0,Not Verified
STU0019,C++,1.0,84.0,0.0,0.0,0.0,0.0,0.0,0.0,0,Not Verified
STU0019,HTML/CSS,0.0,0.0,1.0,68.0,1.0,0.0,0.0,0.0,0,Not Verified
STU0019,MongoDB,0.0,0.0,0.0,0.0,0.0,0.0,0.0,0.0,0,Not Verified
STU0019,Firebase,1.0,96.0,0.0,0.0,0.0,1.0,55.7,55.7,1,Beginner
STU0020,Python,1.0,95.0,0.0,0.0,0.0,0.0,0.0,0.0,0,Not Verified
STU0020,Java,0.0,0.0,1.0,86.0,3.0,0.0,0.0,0.0,0,Not Verified
STU0020,JavaScript,1.0,94.0,1.0,125.0,3.0,1.0,79.6,79.6,1,Intermediate
STU0020,React,1.0,75.0,0.0,0.0,0.0,0.0,0.0,0.0,0,Not Verified
STU0020,Node.js,1.0,87.0,1.0,131.0,3.0,0.0,0.0,0.0,0,Not Verified
STU0020,SQL,1.0,82.0,1.0,86.0,3.0,1.0,72.9,72.9,1,Intermediate
STU0020,Machine Learning,0.0,0.0,0.0,0.0,0.0,0.0,0.0,0.0,0,Not Verified
STU0020,Data Science,0.0,0.0,0.0,0.0,0.0,0.0,0.0,0.0,0,Not Verified
STU0020,FastAPI,0.0,0.0,0.0,0.0,0.0,1.0,77.2,77.2,1,Intermediate
STU0020,Git,0.0,0.0,1.0,131.0,3.0,0.0,0.0,0.0,0,Not Verified
STU0020,Docker,0.0,0.0,1.0,131.0,3.0,0.0,0.0,0.0,0,Not Verified
STU0020,C++,1.0,66.0,0.0,0.0,0.0,0.0,0.0,0.0,0,Not Verified
STU0020,HTML/CSS,0.0,0.0,1.0,125.0,3.0,1.0,86.4,86.4,1,Advanced
STU0020,MongoDB,0.0,0.0,0.0,0.0,0.0,0.0,0.0,0.0,0,Not Verified
STU0020,Firebase,1.0,80.0,0.0,0.0,0.0,0.0,0.0,0.0,0,Not Verified
STU0021,Python,0.0,0.0,1.0,22.0,1.0,0.0,0.0,0.0,0,Not Verified
STU0021,Java,1.0,70.0,0.0,0.0,0.0,0.0,0.0,0.0,0,Not Verified
STU0021,JavaScript,1.0,55.0,0.0,0.0,0.0,0.0,0.0,0.0,0,Not Verified
STU0021,React,0.0,0.0,2.0,224.0,1.5,0.0,0.0,0.0,0,Not Verified
STU0021,Node.js,0.0,0.0,1.0,78.0,2.0,0.0,0.0,0.0,0,Not Verified
STU0021,SQL,0.0,0.0,0.0,0.0,0.0,1.0,73.0,73.0,1,Intermediate
STU0021,Machine Learning,1.0,85.0,1.0,22.0,1.0,0.0,0.0,0.0,0,Not Verified
STU0021,Data Science,0.0,0.0,0.0,0.0,0.0,1.0,63.4,63.4,1,Beginner
STU0021,FastAPI,0.0,0.0,0.0,0.0,0.0,0.0,0.0,0.0,0,Not Verified
STU0021,Git,0.0,0.0,0.0,0.0,0.0,0.0,0.0,0.0,0,Not Verified
STU0021,Docker,1.0,75.0,0.0,0.0,0.0,0.0,0.0,0.0,0,Not Verified
STU0021,C++,1.0,71.0,0.0,0.0,0.0,0.0,0.0,0.0,0,Not Verified
STU0021,HTML/CSS,0.0,0.0,0.0,0.0,0.0,0.0,0.0,0.0,0,Not Verified
STU0021,MongoDB,0.0,0.0,1.0,78.0,2.0,1.0,81.2,81.2,1,Intermediate
STU0021,Firebase,0.0,0.0,1.0,146.0,1.0,0.0,0.0,0.0,0,Not Verified
STU0022,Python,1.0,84.0,0.0,0.0,0.0,0.0,0.0,0.0,0,Not Verified
STU0022,Java,0.0,0.0,0.0,0.0,0.0,0.0,0.0,0.0,0,Not Verified
STU0022,JavaScript,0.0,0.0,0.0,0.0,0.0,0.0,0.0,0.0,0,Not Verified
STU0022,React,1.0,96.0,1.0,54.0,1.0,0.0,0.0,0.0,0,Not Verified
STU0022,Node.js,1.0,58.0,0.0,0.0,0.0,0.0,0.0,0.0,0,Not Verified
STU0022,SQL,1.0,97.0,0.0,0.0,0.0,0.0,0.0,0.0,0,Not Verified
STU0022,Machine Learning,0.0,0.0,0.0,0.0,0.0,0.0,0.0,0.0,0,Not Verified
STU0022,Data Science,1.0,78.0,0.0,0.0,0.0,0.0,0.0,0.0,0,Not Verified
STU0022,FastAPI,0.0,0.0,0.0,0.0,0.0,0.0,0.0,0.0,0,Not Verified
STU0022,Git,1.0,74.0,0.0,0.0,0.0,0.0,0.0,0.0,0,Not Verified
STU0022,Docker,0.0,0.0,0.0,0.0,0.0,1.0,79.7,79.7,1,Intermediate
STU0022,C++,1.0,62.0,0.0,0.0,0.0,0.0,0.0,0.0,0,Not Verified
STU0022,HTML/CSS,1.0,70.0,0.0,0.0,0.0,0.0,0.0,0.0,0,Not Verified
STU0022,MongoDB,0.0,0.0,0.0,0.0,0.0,0.0,0.0,0.0,0,Not Verified
STU0022,Firebase,0.0,0.0,1.0,54.0,1.0,0.0,0.0,0.0,0,Not Verified
STU0023,Python,0.0,0.0,1.0,102.0,3.0,0.0,0.0,0.0,0,Not Verified
STU0023,Java,1.0,69.0,0.0,0.0,0.0,0.0,0.0,0.0,0,Not Verified
STU0023,JavaScript,0.0,0.0,0.0,0.0,0.0,1.0,54.1,54.1,1,Beginner
STU0023,React,0.0,0.0,1.0,134.0,1.0,0.0,0.0,0.0,0,Not Verified
STU0023,Node.js,1.0,69.0,1.0,134.0,1.0,2.0,68.05,68.05,1,Beginner
STU0023,SQL,0.0,0.0,1.0,102.0,3.0,0.0,0.0,0.0,0,Not Verified
STU0023,Machine Learning,1.0,95.0,0.0,0.0,0.0,1.0,78.1,78.1,1,Intermediate
STU0023,Data Science,0.0,0.0,1.0,102.0,3.0,0.0,0.0,0.0,0,Not Verified
STU0023,FastAPI,1.0,78.0,0.0,0.0,0.0,0.0,0.0,0.0,0,Not Verified
STU0023,Git,0.0,0.0,0.0,0.0,0.0,1.0,75.9,75.9,1,Intermediate
STU0023,Docker,1.0,73.0,0.0,0.0,0.0,0.0,0.0,0.0,0,Not Verified
STU0023,C++,1.0,94.0,0.0,0.0,0.0,0.0,0.0,0.0,0,Not Verified
STU0023,HTML/CSS,0.0,0.0,0.0,0.0,0.0,0.0,0.0,0.0,0,Not Verified
STU0023,MongoDB,0.0,0.0,1.0,134.0,1.0,0.0,0.0,0.0,0,Not Verified
STU0023,Firebase,0.0,0.0,0.0,0.0,0.0,0.0,0.0,0.0,0,Not Verified
STU0024,Python,0.0,0.0,1.0,68.0,1.0,0.0,0.0,0.0,0,Not Verified
STU0024,Java,0.0,0.0,0.0,0.0,0.0,0.0,0.0,0.0,0,Not Verified
STU0024,JavaScript,1.0,90.0,0.0,0.0,0.0,0.0,0.0,0.0,0,Not Verified
STU0024,React,0.0,0.0,0.0,0.0,0.0,0.0,0.0,0.0,0,Not Verified
STU0024,Node.js,0.0,0.0,0.0,0.0,0.0,0.0,0.0,0.0,0,Not Verified
STU0024,SQL,1.0,68.0,0.0,0.0,0.0,1.0,77.9,77.9,1,Intermediate
STU0024,Machine Learning,0.0,0.0,1.0,68.0,1.0,0.0,0.0,0.0,0,Not Verified
STU0024,Data Science,1.0,81.0,1.0,68.0,1.0,0.0,0.0,0.0,0,Not Verified
STU0024,FastAPI,0.0,0.0,0.0,0.0,0.0,0.0,0.0,0.0,0,Not Verified
STU0024,Git,1.0,97.0,0.0,0.0,0.0,0.0,0.0,0.0,0,Not Verified
STU0024,Docker,0.0,0.0,0.0,0.0,0.0,0.0,0.0,0.0,0,Not Verified
STU0024,C++,1.0,89.0,0.0,0.0,0.0,0.0,0.0,0.0,0,Not Verified
STU0024,HTML/CSS,0.0,0.0,0.0,0.0,0.0,1.0,68.1,68.1,1,Beginner
STU0024,MongoDB,0.0,0.0,0.0,0.0,0.0,0.0,0.0,0.0,0,Not Verified
STU0024,Firebase,1.0,85.0,0.0,0.0,0.0,0.0,0.0,0.0,0,Not Verified
STU0025,Python,0.0,0.0,1.0,84.0,2.0,0.0,0.0,0.0,0,Not Verified
STU0025,Java,1.0,91.0,0.0,0.0,0.0,0.0,0.0,0.0,0,Not Verified
STU0025,JavaScript,0.0,0.0,0.0,0.0,0.0,0.0,0.0,0.0,0,Not Verified
STU0025,React,0.0,0.0,0.0,0.0,0.0,0.0,0.0,0.0,0,Not Verified
STU0025,Node.js,0.0,0.0,0.0,0.0,0.0,0.0,0.0,0.0,0,Not Verified
STU0025,SQL,0.0,0.0,0.0,0.0,0.0,0.0,0.0,0.0,0,Not Verified
STU0025,Machine Learning,0.0,0.0,1.0,84.0,2.0,0.0,0.0,0.0,0,Not Verified
STU0025,Data Science,1.0,58.0,0.0,0.0,0.0,0.0,0.0,0.0,0,Not Verified
STU0025,FastAPI,1.0,62.0,0.0,0.0,0.0,0.0,0.0,0.0,0,Not Verified
STU0025,Git,1.0,59.0,0.0,0.0,0.0,0.0,0.0,0.0,0,Not Verified
STU0025,Docker,1.0,88.0,0.0,0.0,0.0,0.0,0.0,0.0,0,Not Verified
STU0025,C++,0.0,0.0,0.0,0.0,0.0,0.0,0.0,0.0,0,Not Verified
STU0025,HTML/CSS,1.0,78.0,0.0,0.0,0.0,0.0,0.0,0.0,0,Not Verified
STU0025,MongoDB,0.0,0.0,0.0,0.0,0.0,0.0,0.0,0.0,0,Not Verified
STU0025,Firebase,0.0,0.0,0.0,0.0,0.0,0.0,0.0,0.0,0,Not Verified
STU0026,Python,0.0,0.0,0.0,0.0,0.0,0.0,0.0,0.0,0,Not Verified
STU0026,Java,0.0,0.0,0.0,0.0,0.0,0.0,0.0,0.0,0,Not Verified
STU0026,JavaScript,1.0,92.0,1.0,97.0,1.0,1.0,59.9,59.9,1,Beginner
STU0026,React,1.0,62.0,0.0,0.0,0.0,0.0,0.0,0.0,0,Not Verified
STU0026,Node.js,0.0,0.0,1.0,69.0,2.0,0.0,0.0,0.0,0,Not Verified
STU0026,SQL,1.0,60.0,0.0,0.0,0.0,0.0,0.0,0.0,0,Not Verified
STU0026,Machine Learning,1.0,87.0,0.0,0.0,0.0,0.0,0.0,0.0,0,Not Verified
STU0026,Data Science,0.0,0.0,0.0,0.0,0.0,0.0,0.0,0.0,0,Not Verified
STU0026,FastAPI,1.0,83.0,0.0,0.0,0.0,1.0,59.9,59.9,1,Beginner
STU0026,Git,1.0,98.0,1.0,69.0,2.0,0.0,0.0,0.0,0,Not Verified
STU0026,Docker,0.0,0.0,1.0,69.0,2.0,0.0,0.0,0.0,0,Not Verified
STU0026,C++,1.0,86.0,0.0,0.0,0.0,0.0,0.0,0.0,0,Not Verified
STU0026,HTML/CSS,0.0,0.0,1.0,97.0,1.0,2.0,67.25,67.25,1,Beginner
STU0026,MongoDB,1.0,68.0,0.0,0.0,0.0,0.0,0.0,0.0,0,Not Verified
STU0026,Firebase,1.0,88.0,0.0,0.0,0.0,0.0,0.0,0.0,0,Not Verified
STU0027,Python,1.0,84.0,0.0,0.0,0.0,0.0,0.0,0.0,0,Not Verified
STU0027,Java,0.0,0.0,0.0,0.0,0.0,0.0,0.0,0.0,0,Not Verified
STU0027,JavaScript,1.0,74.0,0.0,0.0,0.0,2.0,62.05,62.05,1,Beginner
STU0027,React,0.0,0.0,2.0,90.0,1.5,0.0,0.0,0.0,0,Not Verified
STU0027,Node.js,0.0,0.0,1.0,73.0,2.0,0.0,0.0,0.0,0,Not Verified
STU0027,SQL,0.0,0.0,0.0,0.0,0.0,0.0,0.0,0.0,0,Not Verified
STU0027,Machine Learning,1.0,80.0,0.0,0.0,0.0,0.0,0.0,0.0,0,Not Verified
STU0027,Data Science,1.0,98.0,0.0,0.0,0.0,0.0,0.0,0.0,0,Not Verified
STU0027,FastAPI,1.0,56.0,0.0,0.0,0.0,0.0,0.0,0.0,0,Not Verified
STU0027,Git,0.0,0.0,0.0,0.0,0.0,0.0,0.0,0.0,0,Not Verified
STU0027,Docker,0.0,0.0,0.0,0.0,0.0,1.0,70.7,70.7,1,Intermediate
STU0027,C++,0.0,0.0,0.0,0.0,0.0,1.0,88.9,88.9,1,Advanced
STU0027,HTML/CSS,1.0,90.0,0.0,0.0,0.0,0.0,0.0,0.0,0,Not Verified
STU0027,MongoDB,1.0,55.0,1.0,73.0,2.0,1.0,79.7,79.7,1,Intermediate
STU0027,Firebase,1.0,71.0,1.0,17.0,1.0,0.0,0.0,0.0,0,Not Verified
STU0028,Python,1.0,66.0,0.0,0.0,0.0,1.0,55.5,55.5,1,Beginner
STU0028,Java,1.0,81.0,0.0,0.0,0.0,1.0,60.0,60.0,1,Beginner
STU0028,JavaScript,0.0,0.0,0.0,0.0,0.0,0.0,0.0,0.0,0,Not Verified
STU0028,React,1.0,57.0,0.0,0.0,0.0,0.0,0.0,0.0,0,Not Verified
STU0028,Node.js,0.0,0.0,0.0,0.0,0.0,0.0,0.0,0.0,0,Not Verified
STU0028,SQL,1.0,96.0,0.0,0.0,0.0,0.0,0.0,0.0,0,Not Verified
STU0028,Machine Learning,1.0,63.0,0.0,0.0,0.0,0.0,0.0,0.0,0,Not Verified
STU0028,Data Science,1.0,78.0,0.0,0.0,0.0,0.0,0.0,0.0,0,Not Verified
STU0028,FastAPI,0.0,0.0,0.0,0.0,0.0,0.0,0.0,0.0,0,Not Verified
STU0028,Git,1.0,73.0,0.0,0.0,0.0,0.0,0.0,0.0,0,Not Verified
STU0028,Docker,0.0,0.0,0.0,0.0,0.0,0.0,0.0,0.0,0,Not Verified
STU0028,C++,1.0,81.0,0.0,0.0,0.0,0.0,0.0,0.0,0,Not Verified
STU0028,HTML/CSS,1.0,96.0,0.0,0.0,0.0,1.0,72.2,72.2,1,Intermediate
STU0028,MongoDB,0.0,0.0,0.0,0.0,0.0,0.0,0.0,0.0,0,Not Verified
STU0028,Firebase,1.0,79.0,0.0,0.0,0.0,3.0,55.6,55.6,1,Beginner
STU0029,Python,0.0,0.0,0.0,0.0,0.0,0.0,0.0,0.0,0,Not Verified
STU0029,Java,1.0,80.0,1.0,40.0,2.0,0.0,0.0,0.0,0,Not Verified
STU0029,JavaScript,1.0,69.0,1.0,80.0,2.0,0.0,0.0,0.0,0,Not Verified
STU0029,React,0.0,0.0,2.0,56.0,2.5,0.0,0.0,0.0,0,Not Verified
STU0029,Node.js,0.0,0.0,2.0,56.0,2.5,0.0,0.0,0.0,0,Not Verified
STU0029,SQL,1.0,55.0,1.0,40.0,2.0,2.0,69.7,69.7,1,Intermediate
STU0029,Machine Learning,1.0,66.0,0.0,0.0,0.0,0.0,0.0,0.0,0,Not Verified
STU0029,Data Science,0.0,0.0,0.0,0.0,0.0,0.0,0.0,0.0,0,Not Verified
STU0029,FastAPI,1.0,63.0,0.0,0.0,0.0,0.0,0.0,0.0,0,Not Verified
STU0029,Git,0.0,0.0,0.0,0.0,0.0,0.0,0.0,0.0,0,Not Verified
STU0029,Docker,1.0,88.0,0.0,0.0,0.0,0.0,0.0,0.0,0,Not Verified
STU0029,C++,0.0,0.0,0.0,0.0,0.0,0.0,0.0,0.0,0,Not Verified
STU0029,HTML/CSS,0.0,0.0,1.0,80.0,2.0,0.0,0.0,0.0,0,Not Verified
STU0029,MongoDB,1.0,62.0,2.0,56.0,2.5,1.0,71.9,71.9,1,Intermediate
STU0029,Firebase,1.0,89.0,0.0,0.0,0.0,0.0,0.0,0.0,0,Not Verified
STU0030,Python,0.0,0.0,2.0,78.0,2.0,0.0,0.0,0.0,0,Not Verified
STU0030,Java,0.0,0.0,1.0,51.0,1.0,0.0,0.0,0.0,0,Not Verified
STU0030,JavaScript,0.0,0.0,0.0,0.0,0.0,0.0,0.0,0.0,0,Not Verified
STU0030,React,0.0,0.0,1.0,75.0,3.0,1.0,77.4,77.4,1,Intermediate
STU0030,Node.js,1.0,82.0,0.0,0.0,0.0,0.0,0.0,0.0,0,Not Verified
STU0030,SQL,0.0,0.0,1.0,51.0,1.0,0.0,0.0,0.0,0,Not Verified
STU0030,Machine Learning,0.0,0.0,2.0,78.0,2.0,0.0,0.0,0.0,0,Not Verified
STU0030,Data Science,1.0,89.0,0.0,0.0,0.0,1.0,67.3,67.3,1,Beginner
STU0030,FastAPI,1.0,70.0,0.0,0.0,0.0,0.0,0.0,0.0,0,Not Verified
STU0030,Git,0.0,0.0,0.0,0.0,0.0,0.0,0.0,0.0,0,Not Verified
STU0030,Docker,1.0,79.0,0.0,0.0,0.0,0.0,0.0,0.0,0,Not Verified
STU0030,C++,1.0,69.0,0.0,0.0,0.0,0.0,0.0,0.0,0,Not Verified
STU0030,HTML/CSS,0.0,0.0,0.0,0.0,0.0,0.0,0.0,0.0,0,Not Verified
STU0030,MongoDB,0.0,0.0,0.0,0.0,0.0,0.0,0.0,0.0,0,Not Verified
STU0030,Firebase,0.0,0.0,1.0,75.0,3.0,0.0,0.0,0.0,0,Not Verified
STU0031,Python,1.0,57.0,2.0,129.0,2.0,0.0,0.0,0.0,0,Not Verified
STU0031,Java,1.0,93.0,0.0,0.0,0.0,0.0,0.0,0.0,0,Not Verified
STU0031,JavaScript,1.0,68.0,0.0,0.0,0.0,0.0,0.0,0.0,0,Not Verified
STU0031,React,1.0,61.0,0.0,0.0,0.0,0.0,0.0,0.0,0,Not Verified
STU0031,Node.js,1.0,59.0,2.0,58.0,1.5,0.0,0.0,0.0,0,Not Verified
STU0031,SQL,1.0,70.0,1.0,60.0,2.0,0.0,0.0,0.0,0,Not Verified
STU0031,Machine Learning,1.0,83.0,1.0,69.0,2.0,0.0,0.0,0.0,0,Not Verified
STU0031,Data Science,0.0,0.0,2.0,129.0,2.0,0.0,0.0,0.0,0,Not Verified
STU0031,FastAPI,0.0,0.0,0.0,0.0,0.0,0.0,0.0,0.0,0,Not Verified
STU0031,Git,1.0,93.0,2.0,58.0,1.5,0.0,0.0,0.0,0,Not Verified
STU0031,Docker,0.0,0.0,2.0,58.0,1.5,0.0,0.0,0.0,0,Not Verified
STU0031,C++,0.0,0.0,0.0,0.0,0.0,0.0,0.0,0.0,0,Not Verified
STU0031,HTML/CSS,0.0,0.0,0.0,0.0,0.0,1.0,68.7,68.7,1,Beginner
STU0031,MongoDB,0.0,0.0,0.0,0.0,0.0,1.0,71.5,71.5,1,Intermediate
STU0031,Firebase,0.0,0.0,0.0,0.0,0.0,0.0,0.0,0.0,0,Not Verified
STU0032,Python,1.0,87.0,1.0,67.0,3.0,0.0,0.0,0.0,0,Not Verified
STU0032,Java,1.0,98.0,0.0,0.0,0.0,0.0,0.0,0.0,0,Not Verified
STU0032,JavaScript,0.0,0.0,0.0,0.0,0.0,1.0,61.4,61.4,1,Beginner
STU0032,React,1.0,73.0,1.0,15.0,1.0,0.0,0.0,0.0,0,Not Verified
STU0032,Node.js,1.0,93.0,1.0,15.0,1.0,1.0,77.8,77.8,1,Intermediate
STU0032,SQL,0.0,0.0,1.0,67.0,3.0,0.0,0.0,0.0,0,Not Verified
STU0032,Machine Learning,1.0,91.0,0.0,0.0,0.0,1.0,50.3,50.3,1,Beginner
STU0032,Data Science,1.0,75.0,1.0,67.0,3.0,0.0,0.0,0.0,0,Not Verified
STU0032,FastAPI,0.0,0.0,0.0,0.0,0.0,0.0,0.0,0.0,0,Not Verified
STU0032,Git,0.0,0.0,0.0,0.0,0.0,0.0,0.0,0.0,0,Not Verified
STU0032,Docker,0.0,0.0,0.0,0.0,0.0,0.0,0.0,0.0,0,Not Verified
STU0032,C++,1.0,58.0,0.0,0.0,0.0,1.0,70.3,70.3,1,Intermediate
STU0032,HTML/CSS,1.0,69.0,0.0,0.0,0.0,0.0,0.0,0.0,0,Not Verified
STU0032,MongoDB,1.0,63.0,1.0,15.0,1.0,0.0,0.0,0.0,0,Not Verified
STU0032,Firebase,1.0,91.0,0.0,0.0,0.0,0.0,0.0,0.0,0,Not Verified
STU0033,Python,0.0,0.0,0.0,0.0,0.0,1.0,60.9,60.9,1,Beginner
STU0033,Java,0.0,0.0,0.0,0.0,0.0,0.0,0.0,0.0,0,Not Verified
STU0033,JavaScript,1.0,58.0,1.0,53.0,1.0,0.0,0.0,0.0,0,Not Verified
STU0033,React,1.0,74.0,0.0,0.0,0.0,0.0,0.0,0.0,0,Not Verified
STU0033,Node.js,1.0,72.0,0.0,0.0,0.0,0.0,0.0,0.0,0,Not Verified
STU0033,SQL,0.0,0.0,0.0,0.0,0.0,0.0,0.0,0.0,0,Not Verified
STU0033,Machine Learning,1.0,95.0,0.0,0.0,0.0,0.0,0.0,0.0,0,Not Verified
STU0033,Data Science,0.0,0.0,0.0,0.0,0.0,0.0,0.0,0.0,0,Not Verified
STU0033,FastAPI,1.0,92.0,0.0,0.0,0.0,0.0,0.0,0.0,0,Not Verified
STU0033,Git,0.0,0.0,0.0,0.0,0.0,1.0,65.0,65.0,1,Beginner
STU0033,Docker,1.0,90.0,0.0,0.0,0.0,0.0,0.0,0.0,0,Not Verified
STU0033,C++,0.0,0.0,0.0,0.0,0.0,0.0,0.0,0.0,0,Not Verified
STU0033,HTML/CSS,0.0,0.0,1.0,53.0,1.0,0.0,0.0,0.0,0,Not Verified
STU0033,MongoDB,0.0,0.0,0.0,0.0,0.0,0.0,0.0,0.0,0,Not Verified
STU0033,Firebase,1.0,66.0,0.0,0.0,0.0,0.0,0.0,0.0,0,Not Verified
STU0034,Python,1.0,79.0,2.0,90.0,1.5,0.0,0.0,0.0,0,Not Verified
STU0034,Java,0.0,0.0,0.0,0.0,0.0,0.0,0.0,0.0,0,Not Verified
STU0034,JavaScript,0.0,0.0,0.0,0.0,0.0,1.0,83.9,83.9,1,Intermediate
STU0034,React,1.0,74.0,0.0,0.0,0.0,0.0,0.0,0.0,0,Not Verified
STU0034,Node.js,0.0,0.0,0.0,0.0,0.0,0.0,0.0,0.0,0,Not Verified
STU0034,SQL,1.0,66.0,0.0,0.0,0.0,0.0,0.0,0.0,0,Not Verified
STU0034,Machine Learning,1.0,81.0,2.0,90.0,1.5,0.0,0.0,0.0,0,Not Verified
STU0034,Data Science,1.0,74.0,2.0,90.0,1.5,0.0,0.0,0.0,0,Not Verified
STU0034,FastAPI,1.0,64.0,0.0,0.0,0.0,0.0,0.0,0.0,0,Not Verified
STU0034,Git,0.0,0.0,0.0,0.0,0.0,0.0,0.0,0.0,0,Not Verified
STU0034,Docker,1.0,70.0,0.0,0.0,0.0,0.0,0.0,0.0,0,Not Verified
STU0034,C++,0.0,0.0,0.0,0.0,0.0,0.0,0.0,0.0,0,Not Verified
STU0034,HTML/CSS,1.0,69.0,0.0,0.0,0.0,0.0,0.0,0.0,0,Not Verified
STU0034,MongoDB,1.0,85.0,0.0,0.0,0.0,0.0,0.0,0.0,0,Not Verified
STU0034,Firebase,1.0,89.0,0.0,0.0,0.0,0.0,0.0,0.0,0,Not Verified
STU0035,Python,1.0,96.0,1.0,93.0,1.0,0.0,0.0,0.0,0,Not Verified
STU0035,Java,1.0,67.0,0.0,0.0,0.0,0.0,0.0,0.0,0,Not Verified
STU0035,JavaScript,1.0,71.0,0.0,0.0,0.0,0.0,0.0,0.0,0,Not Verified
STU0035,React,1.0,89.0,0.0,0.0,0.0,0.0,0.0,0.0,0,Not Verified
STU0035,Node.js,0.0,0.0,0.0,0.0,0.0,0.0,0.0,0.0,0,Not Verified
STU0035,SQL,0.0,0.0,0.0,0.0,0.0,0.0,0.0,0.0,0,Not Verified
STU0035,Machine Learning,1.0,83.0,1.0,93.0,1.0,0.0,0.0,0.0,0,Not Verified
STU0035,Data Science,1.0,76.0,0.0,0.0,0.0,0.0,0.0,0.0,0,Not Verified
STU0035,FastAPI,1.0,60.0,0.0,0.0,0.0,1.0,76.2,76.2,1,Intermediate
STU0035,Git,1.0,78.0,0.0,0.0,0.0,0.0,0.0,0.0,0,Not Verified
STU0035,Docker,0.0,0.0,0.0,0.0,0.0,0.0,0.0,0.0,0,Not Verified
STU0035,C++,0.0,0.0,0.0,0.0,0.0,0.0,0.0,0.0,0,Not Verified
STU0035,HTML/CSS,1.0,68.0,0.0,0.0,0.0,1.0,94.2,94.2,1,Advanced
STU0035,MongoDB,0.0,0.0,0.0,0.0,0.0,0.0,0.0,0.0,0,Not Verified
STU0035,Firebase,1.0,60.0,0.0,0.0,0.0,0.0,0.0,0.0,0,Not Verified
STU0036,Python,0.0,0.0,0.0,0.0,0.0,1.0,51.8,51.8,1,Beginner
STU0036,Java,0.0,0.0,1.0,114.0,2.0,0.0,0.0,0.0,0,Not Verified
STU0036,JavaScript,0.0,0.0,0.0,0.0,0.0,0.0,0.0,0.0,0,Not Verified
STU0036,React,0.0,0.0,0.0,0.0,0.0,1.0,74.9,74.9,1,Intermediate
STU0036,Node.js,1.0,57.0,0.0,0.0,0.0,0.0,0.0,0.0,0,Not Verified
STU0036,SQL,0.0,0.0,1.0,114.0,2.0,0.0,0.0,0.0,0,Not Verified
STU0036,Machine Learning,1.0,59.0,0.0,0.0,0.0,0.0,0.0,0.0,0,Not Verified
STU0036,Data Science,0.0,0.0,0.0,0.0,0.0,0.0,0.0,0.0,0,Not Verified
STU0036,FastAPI,0.0,0.0,0.0,0.0,0.0,0.0,0.0,0.0,0,Not Verified
STU0036,Git,1.0,92.0,0.0,0.0,0.0,0.0,0.0,0.0,0,Not Verified
STU0036,Docker,1.0,67.0,0.0,0.0,0.0,1.0,55.5,55.5,1,Beginner
STU0036,C++,1.0,97.0,0.0,0.0,0.0,0.0,0.0,0.0,0,Not Verified
STU0036,HTML/CSS,0.0,0.0,0.0,0.0,0.0,0.0,0.0,0.0,0,Not Verified
STU0036,MongoDB,0.0,0.0,0.0,0.0,0.0,1.0,89.8,89.8,1,Advanced
STU0036,Firebase,0.0,0.0,0.0,0.0,0.0,0.0,0.0,0.0,0,Not Verified
STU0037,Python,1.0,80.0,1.0,54.0,3.0,1.0,63.5,63.5,1,Beginner
STU0037,Java,0.0,0.0,0.0,0.0,0.0,0.0,0.0,0.0,0,Not Verified
STU0037,JavaScript,0.0,0.0,0.0,0.0,0.0,0.0,0.0,0.0,0,Not Verified
STU0037,React,1.0,62.0,0.0,0.0,0.0,1.0,78.2,78.2,1,Intermediate
STU0037,Node.js,1.0,68.0,0.0,0.0,0.0,0.0,0.0,0.0,0,Not Verified
STU0037,SQL,1.0,93.0,0.0,0.0,0.0,0.0,0.0,0.0,0,Not Verified
STU0037,Machine Learning,0.0,0.0,1.0,54.0,3.0,0.0,0.0,0.0,0,Not Verified
STU0037,Data Science,1.0,85.0,0.0,0.0,0.0,0.0,0.0,0.0,0,Not Verified
STU0037,FastAPI,1.0,90.0,1.0,54.0,3.0,0.0,0.0,0.0,0,Not Verified
STU0037,Git,0.0,0.0,0.0,0.0,0.0,0.0,0.0,0.0,0,Not Verified
STU0037,Docker,0.0,0.0,0.0,0.0,0.0,0.0,0.0,0.0,0,Not Verified
STU0037,C++,1.0,75.0,0.0,0.0,0.0,0.0,0.0,0.0,0,Not Verified
STU0037,HTML/CSS,1.0,70.0,0.0,0.0,0.0,0.0,0.0,0.0,0,Not Verified
STU0037,MongoDB,0.0,0.0,0.0,0.0,0.0,0.0,0.0,0.0,0,Not Verified
STU0037,Firebase,1.0,70.0,0.0,0.0,0.0,0.0,0.0,0.0,0,Not Verified
STU0038,Python,0.0,0.0,1.0,93.0,2.0,1.0,63.8,63.8,1,Beginner
STU0038,Java,0.0,0.0,0.0,0.0,0.0,1.0,67.1,67.1,1,Beginner
STU0038,JavaScript,0.0,0.0,0.0,0.0,0.0,0.0,0.0,0.0,0,Not Verified
STU0038,React,0.0,0.0,0.0,0.0,0.0,0.0,0.0,0.0,0,Not Verified
STU0038,Node.js,1.0,85.0,0.0,0.0,0.0,0.0,0.0,0.0,0,Not Verified
STU0038,SQL,1.0,61.0,0.0,0.0,0.0,0.0,0.0,0.0,0,Not Verified
STU0038,Machine Learning,1.0,78.0,1.0,93.0,2.0,1.0,60.2,60.2,1,Beginner
STU0038,Data Science,1.0,87.0,1.0,93.0,2.0,0.0,0.0,0.0,0,Not Verified
STU0038,FastAPI,1.0,86.0,0.0,0.0,0.0,0.0,0.0,0.0,0,Not Verified
STU0038,Git,1.0,75.0,0.0,0.0,0.0,1.0,45.8,45.8,0,Not Verified
STU0038,Docker,1.0,84.0,0.0,0.0,0.0,0.0,0.0,0.0,0,Not Verified
STU0038,C++,0.0,0.0,0.0,0.0,0.0,0.0,0.0,0.0,0,Not Verified
STU0038,HTML/CSS,0.0,0.0,0.0,0.0,0.0,0.0,0.0,0.0,0,Not Verified
STU0038,MongoDB,0.0,0.0,0.0,0.0,0.0,0.0,0.0,0.0,0,Not Verified
STU0038,Firebase,0.0,0.0,0.0,0.0,0.0,1.0,71.5,71.5,1,Intermediate
STU0039,Python,1.0,90.0,1.0,80.0,3.0,0.0,0.0,0.0,0,Not Verified
STU0039,Java,0.0,0.0,0.0,0.0,0.0,0.0,0.0,0.0,0,Not Verified
STU0039,JavaScript,0.0,0.0,1.0,82.0,1.0,0.0,0.0,0.0,0,Not Verified
STU0039,React,1.0,92.0,0.0,0.0,0.0,0.0,0.0,0.0,0,Not Verified
STU0039,Node.js,0.0,0.0,0.0,0.0,0.0,1.0,71.6,71.6,1,Intermediate
STU0039,SQL,1.0,64.0,0.0,0.0,0.0,0.0,0.0,0.0,0,Not Verified
STU0039,Machine Learning,1.0,71.0,1.0,80.0,3.0,0.0,0.0,0.0,0,Not Verified
STU0039,Data Science,0.0,0.0,0.0,0.0,0.0,0.0,0.0,0.0,0,Not Verified
STU0039,FastAPI,0.0,0.0,0.0,0.0,0.0,0.0,0.0,0.0,0,Not Verified
STU0039,Git,1.0,92.0,0.0,0.0,0.0,0.0,0.0,0.0,0,Not Verified
STU0039,Docker,0.0,0.0,0.0,0.0,0.0,1.0,78.7,78.7,1,Intermediate
STU0039,C++,0.0,0.0,0.0,0.0,0.0,0.0,0.0,0.0,0,Not Verified
STU0039,HTML/CSS,0.0,0.0,1.0,82.0,1.0,0.0,0.0,0.0,0,Not Verified
STU0039,MongoDB,0.0,0.0,0.0,0.0,0.0,0.0,0.0,0.0,0,Not Verified
STU0039,Firebase,1.0,56.0,0.0,0.0,0.0,0.0,0.0,0.0,0,Not Verified
STU0040,Python,0.0,0.0,2.0,144.0,2.5,0.0,0.0,0.0,0,Not Verified
STU0040,Java,0.0,0.0,1.0,8.0,3.0,0.0,0.0,0.0,0,Not Verified
STU0040,JavaScript,1.0,76.0,0.0,0.0,0.0,0.0,0.0,0.0,0,Not Verified
STU0040,React,1.0,71.0,3.0,263.0,1.6666666666666667,0.0,0.0,0.0,0,Not Verified
STU0040,Node.js,1.0,98.0,2.0,228.0,2.0,0.0,0.0,0.0,0,Not Verified
STU0040,SQL,1.0,86.0,2.0,109.0,3.0,0.0,0.0,0.0,0,Not Verified
STU0040,Machine Learning,1.0,96.0,1.0,43.0,2.0,0.0,0.0,0.0,0,Not Verified
STU0040,Data Science,1.0,65.0,1.0,101.0,3.0,1.0,50.2,50.2,1,Beginner
STU0040,FastAPI,0.0,0.0,1.0,43.0,2.0,0.0,0.0,0.0,0,Not Verified
STU0040,Git,1.0,84.0,0.0,0.0,0.0,0.0,0.0,0.0,0,Not Verified
STU0040,Docker,0.0,0.0,0.0,0.0,0.0,0.0,0.0,0.0,0,Not Verified
STU0040,C++,1.0,96.0,0.0,0.0,0.0,0.0,0.0,0.0,0,Not Verified
STU0040,HTML/CSS,0.0,0.0,0.0,0.0,0.0,0.0,0.0,0.0,0,Not Verified
STU0040,MongoDB,1.0,77.0,2.0,228.0,2.0,0.0,0.0,0.0,0,Not Verified
STU0040,Firebase,1.0,86.0,1.0,35.0,1.0,0.0,0.0,0.0,0,Not Verified
STU0041,Python,0.0,0.0,2.0,198.0,2.5,0.0,0.0,0.0,0,Not Verified
STU0041,Java,0.0,0.0,1.0,91.0,2.0,0.0,0.0,0.0,0,Not Verified
STU0041,JavaScript,1.0,96.0,0.0,0.0,0.0,0.0,0.0,0.0,0,Not Verified
STU0041,React,0.0,0.0,0.0,0.0,0.0,0.0,0.0,0.0,0,Not Verified
STU0041,Node.js,0.0,0.0,1.0,47.0,3.0,0.0,0.0,0.0,0,Not Verified
STU0041,SQL,0.0,0.0,1.0,91.0,2.0,0.0,0.0,0.0,0,Not Verified
STU0041,Machine Learning,0.0,0.0,2.0,198.0,2.5,0.0,0.0,0.0,0,Not Verified
STU0041,Data Science,1.0,57.0,0.0,0.0,0.0,1.0,61.0,61.0,1,Beginner
STU0041,FastAPI,1.0,88.0,0.0,0.0,0.0,1.0,62.0,62.0,1,Beginner
STU0041,Git,0.0,0.0,1.0,47.0,3.0,0.0,0.0,0.0,0,Not Verified
STU0041,Docker,0.0,0.0,1.0,47.0,3.0,0.0,0.0,0.0,0,Not Verified
STU0041,C++,1.0,58.0,0.0,0.0,0.0,1.0,56.2,56.2,1,Beginner
STU0041,HTML/CSS,1.0,97.0,0.0,0.0,0.0,0.0,0.0,0.0,0,Not Verified
STU0041,MongoDB,0.0,0.0,0.0,0.0,0.0,0.0,0.0,0.0,0,Not Verified
STU0041,Firebase,1.0,59.0,0.0,0.0,0.0,0.0,0.0,0.0,0,Not Verified
STU0042,Python,1.0,59.0,0.0,0.0,0.0,0.0,0.0,0.0,0,Not Verified
STU0042,Java,0.0,0.0,0.0,0.0,0.0,0.0,0.0,0.0,0,Not Verified
STU0042,JavaScript,1.0,55.0,0.0,0.0,0.0,0.0,0.0,0.0,0,Not Verified
STU0042,React,0.0,0.0,1.0,112.0,1.0,0.0,0.0,0.0,0,Not Verified
STU0042,Node.js,0.0,0.0,1.0,112.0,1.0,0.0,0.0,0.0,0,Not Verified
STU0042,SQL,0.0,0.0,0.0,0.0,0.0,0.0,0.0,0.0,0,Not Verified
STU0042,Machine Learning,1.0,64.0,0.0,0.0,0.0,0.0,0.0,0.0,0,Not Verified
STU0042,Data Science,0.0,0.0,0.0,0.0,0.0,0.0,0.0,0.0,0,Not Verified
STU0042,FastAPI,0.0,0.0,0.0,0.0,0.0,1.0,79.9,79.9,1,Intermediate
STU0042,Git,0.0,0.0,0.0,0.0,0.0,0.0,0.0,0.0,0,Not Verified
STU0042,Docker,1.0,68.0,0.0,0.0,0.0,0.0,0.0,0.0,0,Not Verified
STU0042,C++,0.0,0.0,0.0,0.0,0.0,0.0,0.0,0.0,0,Not Verified
STU0042,HTML/CSS,1.0,69.0,0.0,0.0,0.0,0.0,0.0,0.0,0,Not Verified
STU0042,MongoDB,0.0,0.0,1.0,112.0,1.0,0.0,0.0,0.0,0,Not Verified
STU0042,Firebase,0.0,0.0,0.0,0.0,0.0,0.0,0.0,0.0,0,Not Verified
STU0043,Python,1.0,90.0,1.0,82.0,2.0,0.0,0.0,0.0,0,Not Verified
STU0043,Java,0.0,0.0,0.0,0.0,0.0,0.0,0.0,0.0,0,Not Verified
STU0043,JavaScript,0.0,0.0,0.0,0.0,0.0,1.0,66.0,66.0,1,Beginner
STU0043,React,0.0,0.0,1.0,73.0,2.0,0.0,0.0,0.0,0,Not Verified
STU0043,Node.js,0.0,0.0,2.0,83.0,1.5,1.0,54.8,54.8,1,Beginner
STU0043,SQL,1.0,89.0,1.0,82.0,2.0,1.0,61.4,61.4,1,Beginner
STU0043,Machine Learning,0.0,0.0,0.0,0.0,0.0,0.0,0.0,0.0,0,Not Verified
STU0043,Data Science,1.0,55.0,1.0,82.0,2.0,1.0,73.8,73.8,1,Intermediate
STU0043,FastAPI,1.0,72.0,0.0,0.0,0.0,0.0,0.0,0.0,0,Not Verified
STU0043,Git,1.0,81.0,1.0,10.0,1.0,0.0,0.0,0.0,0,Not Verified
STU0043,Docker,1.0,55.0,1.0,10.0,1.0,0.0,0.0,0.0,0,Not Verified
STU0043,C++,1.0,56.0,0.0,0.0,0.0,3.0,72.76666666666667,72.76666666666667,1,Intermediate
STU0043,HTML/CSS,1.0,89.0,0.0,0.0,0.0,0.0,0.0,0.0,0,Not Verified
STU0043,MongoDB,0.0,0.0,1.0,73.0,2.0,0.0,0.0,0.0,0,Not Verified
STU0043,Firebase,1.0,88.0,0.0,0.0,0.0,0.0,0.0,0.0,0,Not Verified
STU0044,Python,1.0,61.0,1.0,127.0,2.0,0.0,0.0,0.0,0,Not Verified
STU0044,Java,1.0,88.0,0.0,0.0,0.0,0.0,0.0,0.0,0,Not Verified
STU0044,JavaScript,1.0,94.0,0.0,0.0,0.0,0.0,0.0,0.0,0,Not Verified
STU0044,React,0.0,0.0,1.0,146.0,1.0,0.0,0.0,0.0,0,Not Verified
STU0044,Node.js,0.0,0.0,1.0,146.0,1.0,1.0,75.3,75.3,1,Intermediate
STU0044,SQL,0.0,0.0,1.0,127.0,2.0,0.0,0.0,0.0,0,Not Verified
STU0044,Machine Learning,1.0,67.0,0.0,0.0,0.0,0.0,0.0,0.0,0,Not Verified
STU0044,Data Science,0.0,0.0,1.0,127.0,2.0,0.0,0.0,0.0,0,Not Verified
STU0044,FastAPI,1.0,88.0,0.0,0.0,0.0,0.0,0.0,0.0,0,Not Verified
STU0044,Git,0.0,0.0,0.0,0.0,0.0,0.0,0.0,0.0,0,Not Verified
STU0044,Docker,1.0,70.0,0.0,0.0,0.0,0.0,0.0,0.0,0,Not Verified
STU0044,C++,1.0,64.0,0.0,0.0,0.0,0.0,0.0,0.0,0,Not Verified
STU0044,HTML/CSS,0.0,0.0,0.0,0.0,0.0,0.0,0.0,0.0,0,Not Verified
STU0044,MongoDB,0.0,0.0,1.0,146.0,1.0,0.0,0.0,0.0,0,Not Verified
STU0044,Firebase,0.0,0.0,0.0,0.0,0.0,0.0,0.0,0.0,0,Not Verified
STU0045,Python,0.0,0.0,1.0,27.0,3.0,1.0,83.5,83.5,1,Intermediate
STU0045,Java,1.0,74.0,0.0,0.0,0.0,0.0,0.0,0.0,0,Not Verified
STU0045,JavaScript,0.0,0.0,0.0,0.0,0.0,1.0,61.0,61.0,1,Beginner
STU0045,React,0.0,0.0,1.0,27.0,1.0,0.0,0.0,0.0,0,Not Verified
STU0045,Node.js,1.0,70.0,1.0,38.0,1.0,0.0,0.0,0.0,0,Not Verified
STU0045,SQL,1.0,91.0,0.0,0.0,0.0,1.0,76.2,76.2,1,Intermediate
STU0045,Machine Learning,1.0,69.0,1.0,27.0,3.0,0.0,0.0,0.0,0,Not Verified
STU0045,Data Science,0.0,0.0,1.0,27.0,3.0,0.0,0.0,0.0,0,Not Verified
STU0045,FastAPI,0.0,0.0,0.0,0.0,0.0,1.0,70.5,70.5,1,Intermediate
STU0045,Git,0.0,0.0,1.0,38.0,1.0,0.0,0.0,0.0,0,Not Verified
STU0045,Docker,0.0,0.0,1.0,38.0,1.0,1.0,58.5,58.5,1,Beginner
STU0045,C++,1.0,60.0,0.0,0.0,0.0,0.0,0.0,0.0,0,Not Verified
STU0045,HTML/CSS,0.0,0.0,0.0,0.0,0.0,2.0,77.7,77.7,1,Intermediate
STU0045,MongoDB,1.0,84.0,0.0,0.0,0.0,0.0,0.0,0.0,0,Not Verified
STU0045,Firebase,1.0,98.0,1.0,27.0,1.0,0.0,0.0,0.0,0,Not Verified
STU0046,Python,1.0,65.0,2.0,66.0,2.5,0.0,0.0,0.0,0,Not Verified
STU0046,Java,1.0,60.0,0.0,0.0,0.0,1.0,58.3,58.3,1,Beginner
STU0046,JavaScript,0.0,0.0,0.0,0.0,0.0,1.0,77.6,77.6,1,Intermediate
STU0046,React,1.0,91.0,0.0,0.0,0.0,0.0,0.0,0.0,0,Not Verified
STU0046,Node.js,1.0,76.0,0.0,0.0,0.0,0.0,0.0,0.0,0,Not Verified
STU0046,SQL,0.0,0.0,1.0,32.0,3.0,0.0,0.0,0.0,0,Not Verified
STU0046,Machine Learning,1.0,86.0,1.0,34.0,2.0,0.0,0.0,0.0,0,Not Verified
STU0046,Data Science,0.0,0.0,1.0,32.0,3.0,0.0,0.0,0.0,0,Not Verified
STU0046,FastAPI,1.0,96.0,0.0,0.0,0.0,1.0,77.3,77.3,1,Intermediate
STU0046,Git,1.0,82.0,0.0,0.0,0.0,0.0,0.0,0.0,0,Not Verified
STU0046,Docker,1.0,95.0,0.0,0.0,0.0,0.0,0.0,0.0,0,Not Verified
STU0046,C++,0.0,0.0,0.0,0.0,0.0,0.0,0.0,0.0,0,Not Verified
STU0046,HTML/CSS,1.0,55.0,0.0,0.0,0.0,1.0,65.0,65.0,1,Beginner
STU0046,MongoDB,1.0,58.0,0.0,0.0,0.0,0.0,0.0,0.0,0,Not Verified
STU0046,Firebase,0.0,0.0,0.0,0.0,0.0,0.0,0.0,0.0,0,Not Verified
STU0047,Python,1.0,72.0,1.0,104.0,3.0,1.0,88.0,88.0,1,Advanced
STU0047,Java,0.0,0.0,0.0,0.0,0.0,0.0,0.0,0.0,0,Not Verified
STU0047,JavaScript,0.0,0.0,0.0,0.0,0.0,0.0,0.0,0.0,0,Not Verified
STU0047,React,1.0,57.0,1.0,44.0,2.0,0.0,0.0,0.0,0,Not Verified
STU0047,Node.js,0.0,0.0,1.0,44.0,2.0,0.0,0.0,0.0,0,Not Verified
STU0047,SQL,0.0,0.0,0.0,0.0,0.0,0.0,0.0,0.0,0,Not Verified
STU0047,Machine Learning,0.0,0.0,1.0,104.0,3.0,0.0,0.0,0.0,0,Not Verified
STU0047,Data Science,0.0,0.0,0.0,0.0,0.0,0.0,0.0,0.0,0,Not Verified
STU0047,FastAPI,1.0,85.0,0.0,0.0,0.0,0.0,0.0,0.0,0,Not Verified
STU0047,Git,0.0,0.0,0.0,0.0,0.0,0.0,0.0,0.0,0,Not Verified
STU0047,Docker,0.0,0.0,0.0,0.0,0.0,0.0,0.0,0.0,0,Not Verified
STU0047,C++,1.0,59.0,0.0,0.0,0.0,0.0,0.0,0.0,0,Not Verified
STU0047,HTML/CSS,0.0,0.0,0.0,0.0,0.0,1.0,90.2,90.2,1,Advanced
STU0047,MongoDB,0.0,0.0,1.0,44.0,2.0,1.0,65.2,65.2,1,Beginner
STU0047,Firebase,1.0,91.0,0.0,0.0,0.0,0.0,0.0,0.0,0,Not Verified
STU0048,Python,1.0,65.0,3.0,321.0,1.3333333333333333,0.0,0.0,0.0,0,Not Verified
STU0048,Java,1.0,79.0,0.0,0.0,0.0,1.0,68.0,68.0,1,Beginner
STU0048,JavaScript,1.0,91.0,0.0,0.0,0.0,0.0,0.0,0.0,0,Not Verified
STU0048,React,0.0,0.0,1.0,60.0,3.0,0.0,0.0,0.0,0,Not Verified
STU0048,Node.js,1.0,64.0,1.0,60.0,3.0,1.0,82.5,82.5,1,Intermediate
STU0048,SQL,1.0,70.0,1.0,148.0,2.0,0.0,0.0,0.0,0,Not Verified
STU0048,Machine Learning,0.0,0.0,1.0,51.0,1.0,0.0,0.0,0.0,0,Not Verified
STU0048,Data Science,0.0,0.0,1.0,148.0,2.0,1.0,89.8,89.8,1,Advanced
STU0048,FastAPI,1.0,80.0,0.0,0.0,0.0,0.0,0.0,0.0,0,Not Verified
STU0048,Git,1.0,59.0,0.0,0.0,0.0,0.0,0.0,0.0,0,Not Verified
STU0048,Docker,1.0,74.0,0.0,0.0,0.0,1.0,76.2,76.2,1,Intermediate
STU0048,C++,1.0,91.0,0.0,0.0,0.0,0.0,0.0,0.0,0,Not Verified
STU0048,HTML/CSS,0.0,0.0,0.0,0.0,0.0,1.0,72.7,72.7,1,Intermediate
STU0048,MongoDB,0.0,0.0,1.0,60.0,3.0,0.0,0.0,0.0,0,Not Verified
STU0048,Firebase,1.0,92.0,1.0,122.0,1.0,1.0,66.7,66.7,1,Beginner
STU0049,Python,1.0,75.0,0.0,0.0,0.0,0.0,0.0,0.0,0,Not Verified
STU0049,Java,1.0,94.0,0.0,0.0,0.0,0.0,0.0,0.0,0,Not Verified
STU0049,JavaScript,1.0,93.0,0.0,0.0,0.0,0.0,0.0,0.0,0,Not Verified
STU0049,React,0.0,0.0,0.0,0.0,0.0,0.0,0.0,0.0,0,Not Verified
STU0049,Node.js,0.0,0.0,0.0,0.0,0.0,0.0,0.0,0.0,0,Not Verified
STU0049,SQL,1.0,59.0,0.0,0.0,0.0,0.0,0.0,0.0,0,Not Verified
STU0049,Machine Learning,1.0,76.0,0.0,0.0,0.0,0.0,0.0,0.0,0,Not Verified
STU0049,Data Science,0.0,0.0,0.0,0.0,0.0,1.0,66.1,66.1,1,Beginner
STU0049,FastAPI,1.0,69.0,0.0,0.0,0.0,1.0,68.1,68.1,1,Beginner
STU0049,Git,0.0,0.0,0.0,0.0,0.0,0.0,0.0,0.0,0,Not Verified
STU0049,Docker,0.0,0.0,0.0,0.0,0.0,0.0,0.0,0.0,0,Not Verified
STU0049,C++,1.0,56.0,0.0,0.0,0.0,0.0,0.0,0.0,0,Not Verified
STU0049,HTML/CSS,1.0,80.0,0.0,0.0,0.0,0.0,0.0,0.0,0,Not Verified
STU0049,MongoDB,1.0,93.0,0.0,0.0,0.0,0.0,0.0,0.0,0,Not Verified
STU0049,Firebase,1.0,82.0,0.0,0.0,0.0,0.0,0.0,0.0,0,Not Verified
STU0050,Python,0.0,0.0,1.0,146.0,2.0,0.0,0.0,0.0,0,Not Verified
STU0050,Java,1.0,60.0,1.0,59.0,3.0,0.0,0.0,0.0,0,Not Verified
STU0050,JavaScript,0.0,0.0,0.0,0.0,0.0,0.0,0.0,0.0,0,Not Verified
STU0050,React,1.0,60.0,1.0,64.0,3.0,0.0,0.0,0.0,0,Not Verified
STU0050,Node.js,1.0,98.0,0.0,0.0,0.0,0.0,0.0,0.0,0,Not Verified
STU0050,SQL,1.0,94.0,1.0,59.0,3.0,1.0,79.5,79.5,1,Intermediate
STU0050,Machine Learning,1.0,70.0,1.0,146.0,2.0,0.0,0.0,0.0,0,Not Verified
STU0050,Data Science,1.0,97.0,0.0,0.0,0.0,0.0,0.0,0.0,0,Not Verified
STU0050,FastAPI,1.0,73.0,1.0,146.0,2.0,0.0,0.0,0.0,0,Not Verified
STU0050,Git,0.0,0.0,0.0,0.0,0.0,0.0,0.0,0.0,0,Not Verified
STU0050,Docker,1.0,59.0,0.0,0.0,0.0,0.0,0.0,0.0,0,Not Verified
STU0050,C++,0.0,0.0,0.0,0.0,0.0,0.0,0.0,0.0,0,Not Verified
STU0050,HTML/CSS,1.0,92.0,0.0,0.0,0.0,2.0,80.55,80.55,1,Intermediate
STU0050,MongoDB,1.0,79.0,0.0,0.0,0.0,2.0,64.95,64.95,1,Beginner
STU0050,Firebase,0.0,0.0,1.0,64.0,3.0,1.0,61.2,61.2,1,Beginner
STU0051,Python,0.0,0.0,1.0,142.0,2.0,0.0,0.0,0.0,0,Not Verified
STU0051,Java,0.0,0.0,0.0,0.0,0.0,0.0,0.0,0.0,0,Not Verified
STU0051,JavaScript,1.0,78.0,0.0,0.0,0.0,0.0,0.0,0.0,0,Not Verified
STU0051,React,0.0,0.0,0.0,0.0,0.0,0.0,0.0,0.0,0,Not Verified
STU0051,Node.js,0.0,0.0,1.0,48.0,2.0,0.0,0.0,0.0,0,Not Verified
STU0051,SQL,1.0,78.0,0.0,0.0,0.0,0.0,0.0,0.0,0,Not Verified
STU0051,Machine Learning,1.0,61.0,1.0,142.0,2.0,1.0,73.1,73.1,1,Intermediate
STU0051,Data Science,0.0,0.0,0.0,0.0,0.0,0.0,0.0,0.0,0,Not Verified
STU0051,FastAPI,0.0,0.0,0.0,0.0,0.0,0.0,0.0,0.0,0,Not Verified
STU0051,Git,0.0,0.0,1.0,48.0,2.0,0.0,0.0,0.0,0,Not Verified
STU0051,Docker,1.0,55.0,1.0,48.0,2.0,0.0,0.0,0.0,0,Not Verified
STU0051,C++,1.0,60.0,0.0,0.0,0.0,1.0,73.3,73.3,1,Intermediate
STU0051,HTML/CSS,0.0,0.0,0.0,0.0,0.0,0.0,0.0,0.0,0,Not Verified
STU0051,MongoDB,1.0,83.0,0.0,0.0,0.0,0.0,0.0,0.0,0,Not Verified
STU0051,Firebase,1.0,74.0,0.0,0.0,0.0,0.0,0.0,0.0,0,Not Verified
STU0052,Python,0.0,0.0,1.0,133.0,1.0,0.0,0.0,0.0,0,Not Verified
STU0052,Java,1.0,90.0,1.0,55.0,3.0,0.0,0.0,0.0,0,Not Verified
STU0052,JavaScript,1.0,87.0,0.0,0.0,0.0,0.0,0.0,0.0,0,Not Verified
STU0052,React,0.0,0.0,1.0,101.0,2.0,0.0,0.0,0.0,0,Not Verified
STU0052,Node.js,0.0,0.0,1.0,101.0,2.0,0.0,0.0,0.0,0,Not Verified
STU0052,SQL,0.0,0.0,1.0,55.0,3.0,0.0,0.0,0.0,0,Not Verified
STU0052,Machine Learning,1.0,56.0,1.0,133.0,1.0,0.0,0.0,0.0,0,Not Verified
STU0052,Data Science,1.0,60.0,0.0,0.0,0.0,0.0,0.0,0.0,0,Not Verified
STU0052,FastAPI,1.0,77.0,1.0,133.0,1.0,1.0,76.3,76.3,1,Intermediate
STU0052,Git,0.0,0.0,0.0,0.0,0.0,0.0,0.0,0.0,0,Not Verified
STU0052,Docker,0.0,0.0,0.0,0.0,0.0,0.0,0.0,0.0,0,Not Verified
STU0052,C++,0.0,0.0,0.0,0.0,0.0,0.0,0.0,0.0,0,Not Verified
STU0052,HTML/CSS,0.0,0.0,0.0,0.0,0.0,0.0,0.0,0.0,0,Not Verified
STU0052,MongoDB,1.0,61.0,1.0,101.0,2.0,0.0,0.0,0.0,0,Not Verified
STU0052,Firebase,1.0,81.0,0.0,0.0,0.0,0.0,0.0,0.0,0,Not Verified
STU0053,Python,1.0,65.0,1.0,58.0,3.0,1.0,65.1,65.1,1,Beginner
STU0053,Java,1.0,60.0,1.0,32.0,1.0,0.0,0.0,0.0,0,Not Verified
STU0053,JavaScript,0.0,0.0,1.0,129.0,1.0,0.0,0.0,0.0,0,Not Verified
STU0053,React,1.0,65.0,0.0,0.0,0.0,0.0,0.0,0.0,0,Not Verified
STU0053,Node.js,1.0,98.0,0.0,0.0,0.0,0.0,0.0,0.0,0,Not Verified
STU0053,SQL,1.0,91.0,1.0,32.0,1.0,1.0,87.1,87.1,1,Advanced
STU0053,Machine Learning,1.0,88.0,1.0,58.0,3.0,0.0,0.0,0.0,0,Not Verified
STU0053,Data Science,0.0,0.0,0.0,0.0,0.0,1.0,91.1,91.1,1,Advanced
STU0053,FastAPI,0.0,0.0,1.0,58.0,3.0,0.0,0.0,0.0,0,Not Verified
STU0053,Git,1.0,90.0,0.0,0.0,0.0,0.0,0.0,0.0,0,Not Verified
STU0053,Docker,1.0,79.0,0.0,0.0,0.0,1.0,58.6,58.6,1,Beginner
STU0053,C++,0.0,0.0,0.0,0.0,0.0,0.0,0.0,0.0,0,Not Verified
STU0053,HTML/CSS,0.0,0.0,1.0,129.0,1.0,0.0,0.0,0.0,0,Not Verified
STU0053,MongoDB,1.0,70.0,0.0,0.0,0.0,0.0,0.0,0.0,0,Not Verified
STU0053,Firebase,0.0,0.0,0.0,0.0,0.0,1.0,67.7,67.7,1,Beginner
STU0054,Python,0.0,0.0,2.0,144.0,1.5,0.0,0.0,0.0,0,Not Verified
STU0054,Java,1.0,85.0,0.0,0.0,0.0,1.0,73.9,73.9,1,Intermediate
STU0054,JavaScript,1.0,74.0,1.0,90.0,1.0,0.0,0.0,0.0,0,Not Verified
STU0054,React,0.0,0.0,1.0,90.0,1.0,0.0,0.0,0.0,0,Not Verified
STU0054,Node.js,1.0,65.0,1.0,90.0,1.0,0.0,0.0,0.0,0,Not Verified
STU0054,SQL,0.0,0.0,1.0,90.0,1.0,0.0,0.0,0.0,0,Not Verified
STU0054,Machine Learning,0.0,0.0,1.0,13.0,2.0,0.0,0.0,0.0,0,Not Verified
STU0054,Data Science,1.0,81.0,0.0,0.0,0.0,0.0,0.0,0.0,0,Not Verified
STU0054,FastAPI,0.0,0.0,1.0,13.0,2.0,0.0,0.0,0.0,0,Not Verified
STU0054,Git,0.0,0.0,0.0,0.0,0.0,1.0,70.8,70.8,1,Intermediate
STU0054,Docker,0.0,0.0,0.0,0.0,0.0,1.0,87.0,87.0,1,Advanced
STU0054,C++,0.0,0.0,0.0,0.0,0.0,0.0,0.0,0.0,0,Not Verified
STU0054,HTML/CSS,0.0,0.0,0.0,0.0,0.0,0.0,0.0,0.0,0,Not Verified
STU0054,MongoDB,1.0,72.0,0.0,0.0,0.0,0.0,0.0,0.0,0,Not Verified
STU0054,Firebase,1.0,82.0,1.0,131.0,1.0,0.0,0.0,0.0,0,Not Verified
STU0055,Python,0.0,0.0,3.0,293.0,2.0,0.0,0.0,0.0,0,Not Verified
STU0055,Java,0.0,0.0,0.0,0.0,0.0,1.0,82.3,82.3,1,Intermediate
STU0055,JavaScript,0.0,0.0,0.0,0.0,0.0,0.0,0.0,0.0,0,Not Verified
STU0055,React,1.0,94.0,0.0,0.0,0.0,0.0,0.0,0.0,0,Not Verified
STU0055,Node.js,1.0,93.0,0.0,0.0,0.0,0.0,0.0,0.0,0,Not Verified
STU0055,SQL,1.0,86.0,0.0,0.0,0.0,0.0,0.0,0.0,0,Not Verified
STU0055,Machine Learning,0.0,0.0,2.0,206.0,1.5,0.0,0.0,0.0,0,Not Verified
STU0055,Data Science,0.0,0.0,0.0,0.0,0.0,1.0,78.0,78.0,1,Intermediate
STU0055,FastAPI,0.0,0.0,1.0,127.0,1.0,0.0,0.0,0.0,0,Not Verified
STU0055,Git,0.0,0.0,0.0,0.0,0.0,0.0,0.0,0.0,0,Not Verified
STU0055,Docker,1.0,84.0,0.0,0.0,0.0,1.0,69.8,69.8,1,Intermediate
STU0055,C++,1.0,67.0,0.0,0.0,0.0,0.0,0.0,0.0,0,Not Verified
STU0055,HTML/CSS,0.0,0.0,0.0,0.0,0.0,0.0,0.0,0.0,0,Not Verified
STU0055,MongoDB,0.0,0.0,0.0,0.0,0.0,0.0,0.0,0.0,0,Not Verified
STU0055,Firebase,0.0,0.0,1.0,87.0,3.0,1.0,58.7,58.7,1,Beginner
STU0056,Python,1.0,76.0,0.0,0.0,0.0,1.0,66.1,66.1,1,Beginner
STU0056,Java,0.0,0.0,1.0,87.0,3.0,0.0,0.0,0.0,0,Not Verified
STU0056,JavaScript,1.0,94.0,0.0,0.0,0.0,0.0,0.0,0.0,0,Not Verified
STU0056,React,0.0,0.0,0.0,0.0,0.0,0.0,0.0,0.0,0,Not Verified
STU0056,Node.js,1.0,79.0,0.0,0.0,0.0,0.0,0.0,0.0,0,Not Verified
STU0056,SQL,1.0,76.0,1.0,87.0,3.0,2.0,66.7,66.7,1,Beginner
STU0056,Machine Learning,1.0,83.0,0.0,0.0,0.0,1.0,73.2,73.2,1,Intermediate
STU0056,Data Science,0.0,0.0,0.0,0.0,0.0,0.0,0.0,0.0,0,Not Verified
STU0056,FastAPI,0.0,0.0,0.0,0.0,0.0,1.0,78.9,78.9,1,Intermediate
STU0056,Git,0.0,0.0,0.0,0.0,0.0,1.0,79.2,79.2,1,Intermediate
STU0056,Docker,0.0,0.0,0.0,0.0,0.0,0.0,0.0,0.0,0,Not Verified
STU0056,C++,0.0,0.0,0.0,0.0,0.0,0.0,0.0,0.0,0,Not Verified
STU0056,HTML/CSS,0.0,0.0,0.0,0.0,0.0,0.0,0.0,0.0,0,Not Verified
STU0056,MongoDB,0.0,0.0,0.0,0.0,0.0,0.0,0.0,0.0,0,Not Verified
STU0056,Firebase,0.0,0.0,0.0,0.0,0.0,0.0,0.0,0.0,0,Not Verified
STU0057,Python,0.0,0.0,2.0,182.0,1.5,0.0,0.0,0.0,0,Not Verified
STU0057,Java,0.0,0.0,0.0,0.0,0.0,0.0,0.0,0.0,0,Not Verified
STU0057,JavaScript,1.0,75.0,0.0,0.0,0.0,0.0,0.0,0.0,0,Not Verified
STU0057,React,1.0,86.0,1.0,38.0,3.0,0.0,0.0,0.0,0,Not Verified
STU0057,Node.js,1.0,73.0,0.0,0.0,0.0,1.0,74.1,74.1,1,Intermediate
STU0057,SQL,1.0,95.0,0.0,0.0,0.0,1.0,83.8,83.8,1,Intermediate
STU0057,Machine Learning,0.0,0.0,1.0,150.0,1.0,0.0,0.0,0.0,0,Not Verified
STU0057,Data Science,0.0,0.0,0.0,0.0,0.0,0.0,0.0,0.0,0,Not Verified
STU0057,FastAPI,0.0,0.0,1.0,150.0,1.0,0.0,0.0,0.0,0,Not Verified
STU0057,Git,1.0,80.0,0.0,0.0,0.0,0.0,0.0,0.0,0,Not Verified
STU0057,Docker,1.0,66.0,0.0,0.0,0.0,0.0,0.0,0.0,0,Not Verified
STU0057,C++,0.0,0.0,0.0,0.0,0.0,0.0,0.0,0.0,0,Not Verified
STU0057,HTML/CSS,0.0,0.0,0.0,0.0,0.0,0.0,0.0,0.0,0,Not Verified
STU0057,MongoDB,1.0,85.0,0.0,0.0,0.0,2.0,75.15,75.15,1,Intermediate
STU0057,Firebase,1.0,75.0,2.0,70.0,2.5,0.0,0.0,0.0,0,Not Verified
STU0058,Python,0.0,0.0,0.0,0.0,0.0,1.0,65.6,65.6,1,Beginner
STU0058,Java,1.0,84.0,0.0,0.0,0.0,0.0,0.0,0.0,0,Not Verified
STU0058,JavaScript,0.0,0.0,1.0,65.0,2.0,0.0,0.0,0.0,0,Not Verified
STU0058,React,1.0,92.0,0.0,0.0,0.0,0.0,0.0,0.0,0,Not Verified
STU0058,Node.js,1.0,98.0,0.0,0.0,0.0,0.0,0.0,0.0,0,Not Verified
STU0058,SQL,1.0,89.0,0.0,0.0,0.0,0.0,0.0,0.0,0,Not Verified
STU0058,Machine Learning,1.0,66.0,0.0,0.0,0.0,0.0,0.0,0.0,0,Not Verified
STU0058,Data Science,0.0,0.0,0.0,0.0,0.0,0.0,0.0,0.0,0,Not Verified
STU0058,FastAPI,0.0,0.0,0.0,0.0,0.0,1.0,80.3,80.3,1,Intermediate
STU0058,Git,0.0,0.0,0.0,0.0,0.0,0.0,0.0,0.0,0,Not Verified
STU0058,Docker,1.0,68.0,0.0,0.0,0.0,0.0,0.0,0.0,0,Not Verified
STU0058,C++,1.0,90.0,0.0,0.0,0.0,0.0,0.0,0.0,0,Not Verified
STU0058,HTML/CSS,1.0,67.0,1.0,65.0,2.0,0.0,0.0,0.0,0,Not Verified
STU0058,MongoDB,0.0,0.0,0.0,0.0,0.0,0.0,0.0,0.0,0,Not Verified
STU0058,Firebase,1.0,56.0,0.0,0.0,0.0,0.0,0.0,0.0,0,Not Verified
STU0059,Python,0.0,0.0,1.0,72.0,3.0,0.0,0.0,0.0,0,Not Verified
STU0059,Java,1.0,64.0,0.0,0.0,0.0,0.0,0.0,0.0,0,Not Verified
STU0059,JavaScript,1.0,59.0,0.0,0.0,0.0,0.0,0.0,0.0,0,Not Verified
STU0059,React,0.0,0.0,0.0,0.0,0.0,0.0,0.0,0.0,0,Not Verified
STU0059,Node.js,1.0,71.0,0.0,0.0,0.0,1.0,78.9,78.9,1,Intermediate
STU0059,SQL,0.0,0.0,0.0,0.0,0.0,0.0,0.0,0.0,0,Not Verified
STU0059,Machine Learning,1.0,82.0,1.0,72.0,3.0,0.0,0.0,0.0,0,Not Verified
STU0059,Data Science,1.0,79.0,1.0,72.0,3.0,0.0,0.0,0.0,0,Not Verified
STU0059,FastAPI,0.0,0.0,0.0,0.0,0.0,0.0,0.0,0.0,0,Not Verified
STU0059,Git,0.0,0.0,0.0,0.0,0.0,0.0,0.0,0.0,0,Not Verified
STU0059,Docker,0.0,0.0,0.0,0.0,0.0,0.0,0.0,0.0,0,Not Verified
STU0059,C++,1.0,97.0,0.0,0.0,0.0,0.0,0.0,0.0,0,Not Verified
STU0059,HTML/CSS,1.0,70.0,0.0,0.0,0.0,0.0,0.0,0.0,0,Not Verified
STU0059,MongoDB,1.0,83.0,0.0,0.0,0.0,0.0,0.0,0.0,0,Not Verified
STU0059,Firebase,0.0,0.0,0.0,0.0,0.0,0.0,0.0,0.0,0,Not Verified
STU0060,Python,1.0,97.0,0.0,0.0,0.0,0.0,0.0,0.0,0,Not Verified
STU0060,Java,0.0,0.0,0.0,0.0,0.0,0.0,0.0,0.0,0,Not Verified
STU0060,JavaScript,0.0,0.0,0.0,0.0,0.0,0.0,0.0,0.0,0,Not Verified
STU0060,React,0.0,0.0,0.0,0.0,0.0,0.0,0.0,0.0,0,Not Verified
STU0060,Node.js,0.0,0.0,0.0,0.0,0.0,0.0,0.0,0.0,0,Not Verified
STU0060,SQL,0.0,0.0,0.0,0.0,0.0,1.0,65.5,65.5,1,Beginner
STU0060,Machine Learning,1.0,93.0,0.0,0.0,0.0,0.0,0.0,0.0,0,Not Verified
STU0060,Data Science,1.0,78.0,0.0,0.0,0.0,0.0,0.0,0.0,0,Not Verified
STU0060,FastAPI,1.0,95.0,0.0,0.0,0.0,0.0,0.0,0.0,0,Not Verified
STU0060,Git,1.0,89.0,0.0,0.0,0.0,0.0,0.0,0.0,0,Not Verified
STU0060,Docker,1.0,70.0,0.0,0.0,0.0,0.0,0.0,0.0,0,Not Verified
STU0060,C++,1.0,60.0,0.0,0.0,0.0,0.0,0.0,0.0,0,Not Verified
STU0060,HTML/CSS,1.0,61.0,0.0,0.0,0.0,1.0,45.2,45.2,0,Not Verified
STU0060,MongoDB,1.0,97.0,0.0,0.0,0.0,0.0,0.0,0.0,0,Not Verified
STU0060,Firebase,0.0,0.0,0.0,0.0,0.0,1.0,65.0,65.0,1,Beginner
STU0061,Python,1.0,61.0,0.0,0.0,0.0,0.0,0.0,0.0,0,Not Verified
STU0061,Java,0.0,0.0,0.0,0.0,0.0,1.0,66.8,66.8,1,Beginner
STU0061,JavaScript,1.0,82.0,2.0,126.0,1.0,0.0,0.0,0.0,0,Not Verified
STU0061,React,0.0,0.0,2.0,126.0,1.0,0.0,0.0,0.0,0,Not Verified
STU0061,Node.js,0.0,0.0,2.0,126.0,1.0,0.0,0.0,0.0,0,Not Verified
STU0061,SQL,1.0,87.0,2.0,126.0,1.0,1.0,66.8,66.8,1,Beginner
STU0061,Machine Learning,1.0,69.0,0.0,0.0,0.0,1.0,61.0,61.0,1,Beginner
STU0061,Data Science,0.0,0.0,0.0,0.0,0.0,0.0,0.0,0.0,0,Not Verified
STU0061,FastAPI,0.0,0.0,0.0,0.0,0.0,0.0,0.0,0.0,0,Not Verified
STU0061,Git,1.0,55.0,0.0,0.0,0.0,0.0,0.0,0.0,0,Not Verified
STU0061,Docker,1.0,61.0,0.0,0.0,0.0,0.0,0.0,0.0,0,Not Verified
STU0061,C++,0.0,0.0,0.0,0.0,0.0,0.0,0.0,0.0,0,Not Verified
STU0061,HTML/CSS,1.0,71.0,0.0,0.0,0.0,0.0,0.0,0.0,0,Not Verified
STU0061,MongoDB,0.0,0.0,0.0,0.0,0.0,0.0,0.0,0.0,0,Not Verified
STU0061,Firebase,0.0,0.0,0.0,0.0,0.0,0.0,0.0,0.0,0,Not Verified
STU0062,Python,0.0,0.0,1.0,32.0,2.0,0.0,0.0,0.0,0,Not Verified
STU0062,Java,0.0,0.0,0.0,0.0,0.0,0.0,0.0,0.0,0,Not Verified
STU0062,JavaScript,0.0,0.0,0.0,0.0,0.0,0.0,0.0,0.0,0,Not Verified
STU0062,React,1.0,56.0,1.0,7.0,2.0,0.0,0.0,0.0,0,Not Verified
STU0062,Node.js,0.0,0.0,0.0,0.0,0.0,0.0,0.0,0.0,0,Not Verified
STU0062,SQL,1.0,61.0,1.0,32.0,2.0,0.0,0.0,0.0,0,Not Verified
STU0062,Machine Learning,1.0,81.0,0.0,0.0,0.0,0.0,0.0,0.0,0,Not Verified
STU0062,Data Science,1.0,85.0,1.0,32.0,2.0,0.0,0.0,0.0,0,Not Verified
STU0062,FastAPI,1.0,98.0,0.0,0.0,0.0,0.0,0.0,0.0,0,Not Verified
STU0062,Git,1.0,87.0,0.0,0.0,0.0,0.0,0.0,0.0,0,Not Verified
STU0062,Docker,1.0,73.0,0.0,0.0,0.0,0.0,0.0,0.0,0,Not Verified
STU0062,C++,1.0,64.0,0.0,0.0,0.0,1.0,71.8,71.8,1,Intermediate
STU0062,HTML/CSS,1.0,77.0,0.0,0.0,0.0,1.0,57.6,57.6,1,Beginner
STU0062,MongoDB,0.0,0.0,0.0,0.0,0.0,0.0,0.0,0.0,0,Not Verified
STU0062,Firebase,1.0,92.0,1.0,7.0,2.0,0.0,0.0,0.0,0,Not Verified
STU0063,Python,0.0,0.0,1.0,14.0,3.0,0.0,0.0,0.0,0,Not Verified
STU0063,Java,1.0,74.0,1.0,68.0,2.0,0.0,0.0,0.0,0,Not Verified
STU0063,JavaScript,1.0,68.0,0.0,0.0,0.0,0.0,0.0,0.0,0,Not Verified
STU0063,React,0.0,0.0,0.0,0.0,0.0,0.0,0.0,0.0,0,Not Verified
STU0063,Node.js,0.0,0.0,0.0,0.0,0.0,0.0,0.0,0.0,0,Not Verified
STU0063,SQL,1.0,88.0,1.0,68.0,2.0,0.0,0.0,0.0,0,Not Verified
STU0063,Machine Learning,0.0,0.0,1.0,14.0,3.0,0.0,0.0,0.0,0,Not Verified
STU0063,Data Science,0.0,0.0,0.0,0.0,0.0,0.0,0.0,0.0,0,Not Verified
STU0063,FastAPI,0.0,0.0,0.0,0.0,0.0,0.0,0.0,0.0,0,Not Verified
STU0063,Git,0.0,0.0,0.0,0.0,0.0,0.0,0.0,0.0,0,Not Verified
STU0063,Docker,0.0,0.0,0.0,0.0,0.0,0.0,0.0,0.0,0,Not Verified
STU0063,C++,1.0,84.0,0.0,0.0,0.0,0.0,0.0,0.0,0,Not Verified
STU0063,HTML/CSS,0.0,0.0,0.0,0.0,0.0,0.0,0.0,0.0,0,Not Verified
STU0063,MongoDB,1.0,76.0,0.0,0.0,0.0,0.0,0.0,0.0,0,Not Verified
STU0063,Firebase,0.0,0.0,0.0,0.0,0.0,0.0,0.0,0.0,0,Not Verified
STU0064,Python,0.0,0.0,0.0,0.0,0.0,0.0,0.0,0.0,0,Not Verified
STU0064,Java,1.0,56.0,0.0,0.0,0.0,0.0,0.0,0.0,0,Not Verified
STU0064,JavaScript,0.0,0.0,1.0,48.0,3.0,0.0,0.0,0.0,0,Not Verified
STU0064,React,0.0,0.0,0.0,0.0,0.0,1.0,50.3,50.3,1,Beginner
STU0064,Node.js,1.0,65.0,0.0,0.0,0.0,0.0,0.0,0.0,0,Not Verified
STU0064,SQL,1.0,57.0,0.0,0.0,0.0,0.0,0.0,0.0,0,Not Verified
STU0064,Machine Learning,0.0,0.0,0.0,0.0,0.0,0.0,0.0,0.0,0,Not Verified
STU0064,Data Science,1.0,62.0,0.0,0.0,0.0,0.0,0.0,0.0,0,Not Verified
STU0064,FastAPI,0.0,0.0,0.0,0.0,0.0,0.0,0.0,0.0,0,Not Verified
STU0064,Git,0.0,0.0,0.0,0.0,0.0,0.0,0.0,0.0,0,Not Verified
STU0064,Docker,0.0,0.0,0.0,0.0,0.0,0.0,0.0,0.0,0,Not Verified
STU0064,C++,1.0,96.0,0.0,0.0,0.0,1.0,55.1,55.1,1,Beginner
STU0064,HTML/CSS,1.0,98.0,1.0,48.0,3.0,0.0,0.0,0.0,0,Not Verified
STU0064,MongoDB,1.0,76.0,0.0,0.0,0.0,0.0,0.0,0.0,0,Not Verified
STU0064,Firebase,1.0,61.0,0.0,0.0,0.0,0.0,0.0,0.0,0,Not Verified
STU0065,Python,0.0,0.0,1.0,89.0,3.0,0.0,0.0,0.0,0,Not Verified
STU0065,Java,1.0,94.0,1.0,80.0,3.0,1.0,78.6,78.6,1,Intermediate
STU0065,JavaScript,1.0,66.0,0.0,0.0,0.0,0.0,0.0,0.0,0,Not Verified
STU0065,React,1.0,80.0,0.0,0.0,0.0,0.0,0.0,0.0,0,Not Verified
STU0065,Node.js,0.0,0.0,0.0,0.0,0.0,0.0,0.0,0.0,0,Not Verified
STU0065,SQL,1.0,97.0,1.0,80.0,3.0,1.0,68.8,68.8,1,Beginner
STU0065,Machine Learning,1.0,80.0,1.0,89.0,3.0,0.0,0.0,0.0,0,Not Verified
STU0065,Data Science,0.0,0.0,1.0,89.0,3.0,0.0,0.0,0.0,0,Not Verified
STU0065,FastAPI,1.0,95.0,0.0,0.0,0.0,0.0,0.0,0.0,0,Not Verified
STU0065,Git,0.0,0.0,0.0,0.0,0.0,1.0,88.5,88.5,1,Advanced
STU0065,Docker,0.0,0.0,0.0,0.0,0.0,1.0,72.4,72.4,1,Intermediate
STU0065,C++,1.0,82.0,0.0,0.0,0.0,0.0,0.0,0.0,0,Not Verified
STU0065,HTML/CSS,1.0,95.0,0.0,0.0,0.0,1.0,59.4,59.4,1,Beginner
STU0065,MongoDB,1.0,66.0,0.0,0.0,0.0,0.0,0.0,0.0,0,Not Verified
STU0065,Firebase,1.0,56.0,0.0,0.0,0.0,1.0,72.6,72.6,1,Intermediate
STU0066,Python,1.0,61.0,2.0,156.0,2.0,0.0,0.0,0.0,0,Not Verified
STU0066,Java,0.0,0.0,2.0,197.0,2.5,0.0,0.0,0.0,0,Not Verified
STU0066,JavaScript,0.0,0.0,0.0,0.0,0.0,0.0,0.0,0.0,0,Not Verified
STU0066,React,1.0,89.0,0.0,0.0,0.0,1.0,64.4,64.4,1,Beginner
STU0066,Node.js,0.0,0.0,0.0,0.0,0.0,1.0,69.8,69.8,1,Intermediate
STU0066,SQL,0.0,0.0,2.0,197.0,2.5,2.0,71.35,71.35,1,Intermediate
STU0066,Machine Learning,1.0,59.0,2.0,156.0,2.0,0.0,0.0,0.0,0,Not Verified
STU0066,Data Science,1.0,68.0,0.0,0.0,0.0,0.0,0.0,0.0,0,Not Verified
STU0066,FastAPI,0.0,0.0,1.0,49.0,2.0,0.0,0.0,0.0,0,Not Verified
STU0066,Git,1.0,72.0,0.0,0.0,0.0,0.0,0.0,0.0,0,Not Verified
STU0066,Docker,0.0,0.0,0.0,0.0,0.0,0.0,0.0,0.0,0,Not Verified
STU0066,C++,0.0,0.0,0.0,0.0,0.0,0.0,0.0,0.0,0,Not Verified
STU0066,HTML/CSS,1.0,91.0,0.0,0.0,0.0,0.0,0.0,0.0,0,Not Verified
STU0066,MongoDB,0.0,0.0,0.0,0.0,0.0,0.0,0.0,0.0,0,Not Verified
STU0066,Firebase,0.0,0.0,0.0,0.0,0.0,0.0,0.0,0.0,0,Not Verified
STU0067,Python,0.0,0.0,0.0,0.0,0.0,1.0,54.1,54.1,1,Beginner
STU0067,Java,1.0,75.0,0.0,0.0,0.0,0.0,0.0,0.0,0,Not Verified
STU0067,JavaScript,0.0,0.0,0.0,0.0,0.0,0.0,0.0,0.0,0,Not Verified
STU0067,React,1.0,88.0,0.0,0.0,0.0,0.0,0.0,0.0,0,Not Verified
STU0067,Node.js,1.0,93.0,0.0,0.0,0.0,0.0,0.0,0.0,0,Not Verified
STU0067,SQL,1.0,97.0,0.0,0.0,0.0,1.0,66.1,66.1,1,Beginner
STU0067,Machine Learning,0.0,0.0,0.0,0.0,0.0,0.0,0.0,0.0,0,Not Verified
STU0067,Data Science,1.0,95.0,0.0,0.0,0.0,1.0,62.1,62.1,1,Beginner
STU0067,FastAPI,0.0,0.0,0.0,0.0,0.0,1.0,69.2,69.2,1,Intermediate
STU0067,Git,0.0,0.0,0.0,0.0,0.0,1.0,73.3,73.3,1,Intermediate
STU0067,Docker,0.0,0.0,0.0,0.0,0.0,1.0,58.7,58.7,1,Beginner
STU0067,C++,0.0,0.0,0.0,0.0,0.0,0.0,0.0,0.0,0,Not Verified
STU0067,HTML/CSS,0.0,0.0,0.0,0.0,0.0,0.0,0.0,0.0,0,Not Verified
STU0067,MongoDB,0.0,0.0,0.0,0.0,0.0,0.0,0.0,0.0,0,Not Verified
STU0067,Firebase,1.0,86.0,0.0,0.0,0.0,0.0,0.0,0.0,0,Not Verified
STU0068,Python,0.0,0.0,1.0,82.0,3.0,0.0,0.0,0.0,0,Not Verified
STU0068,Java,1.0,92.0,1.0,14.0,3.0,0.0,0.0,0.0,0,Not Verified
STU0068,JavaScript,1.0,75.0,0.0,0.0,0.0,0.0,0.0,0.0,0,Not Verified
STU0068,React,0.0,0.0,1.0,12.0,3.0,0.0,0.0,0.0,0,Not Verified
STU0068,Node.js,0.0,0.0,1.0,12.0,3.0,0.0,0.0,0.0,0,Not Verified
STU0068,SQL,1.0,60.0,1.0,14.0,3.0,0.0,0.0,0.0,0,Not Verified
STU0068,Machine Learning,1.0,74.0,1.0,82.0,3.0,0.0,0.0,0.0,0,Not Verified
STU0068,Data Science,1.0,63.0,0.0,0.0,0.0,0.0,0.0,0.0,0,Not Verified
STU0068,FastAPI,0.0,0.0,0.0,0.0,0.0,0.0,0.0,0.0,0,Not Verified
STU0068,Git,1.0,98.0,0.0,0.0,0.0,0.0,0.0,0.0,0,Not Verified
STU0068,Docker,1.0,98.0,0.0,0.0,0.0,0.0,0.0,0.0,0,Not Verified
STU0068,C++,0.0,0.0,0.0,0.0,0.0,0.0,0.0,0.0,0,Not Verified
STU0068,HTML/CSS,0.0,0.0,0.0,0.0,0.0,0.0,0.0,0.0,0,Not Verified
STU0068,MongoDB,0.0,0.0,1.0,12.0,3.0,1.0,71.1,71.1,1,Intermediate
STU0068,Firebase,1.0,94.0,0.0,0.0,0.0,0.0,0.0,0.0,0,Not Verified
STU0069,Python,0.0,0.0,0.0,0.0,0.0,0.0,0.0,0.0,0,Not Verified
STU0069,Java,1.0,79.0,0.0,0.0,0.0,0.0,0.0,0.0,0,Not Verified
STU0069,JavaScript,1.0,81.0,0.0,0.0,0.0,0.0,0.0,0.0,0,Not Verified
STU0069,React,1.0,64.0,1.0,135.0,1.0,0.0,0.0,0.0,0,Not Verified
STU0069,Node.js,1.0,87.0,1.0,135.0,1.0,0.0,0.0,0.0,0,Not Verified
STU0069,SQL,1.0,93.0,0.0,0.0,0.0,1.0,74.6,74.6,1,Intermediate
STU0069,Machine Learning,0.0,0.0,0.0,0.0,0.0,0.0,0.0,0.0,0,Not Verified
STU0069,Data Science,0.0,0.0,0.0,0.0,0.0,0.0,0.0,0.0,0,Not Verified
STU0069,FastAPI,0.0,0.0,0.0,0.0,0.0,1.0,65.8,65.8,1,Beginner
STU0069,Git,0.0,0.0,0.0,0.0,0.0,1.0,67.5,67.5,1,Beginner
STU0069,Docker,0.0,0.0,0.0,0.0,0.0,0.0,0.0,0.0,0,Not Verified
STU0069,C++,0.0,0.0,0.0,0.0,0.0,0.0,0.0,0.0,0,Not Verified
STU0069,HTML/CSS,0.0,0.0,0.0,0.0,0.0,0.0,0.0,0.0,0,Not Verified
STU0069,MongoDB,0.0,0.0,1.0,135.0,1.0,0.0,0.0,0.0,0,Not Verified
STU0069,Firebase,0.0,0.0,0.0,0.0,0.0,0.0,0.0,0.0,0,Not Verified
STU0070,Python,0.0,0.0,0.0,0.0,0.0,0.0,0.0,0.0,0,Not Verified
STU0070,Java,0.0,0.0,0.0,0.0,0.0,0.0,0.0,0.0,0,Not Verified
STU0070,JavaScript,1.0,65.0,0.0,0.0,0.0,0.0,0.0,0.0,0,Not Verified
STU0070,React,0.0,0.0,0.0,0.0,0.0,0.0,0.0,0.0,0,Not Verified
STU0070,Node.js,0.0,0.0,0.0,0.0,0.0,0.0,0.0,0.0,0,Not Verified
STU0070,SQL,0.0,0.0,0.0,0.0,0.0,0.0,0.0,0.0,0,Not Verified
STU0070,Machine Learning,1.0,66.0,0.0,0.0,0.0,0.0,0.0,0.0,0,Not Verified
STU0070,Data Science,1.0,86.0,0.0,0.0,0.0,1.0,77.5,77.5,1,Intermediate
STU0070,FastAPI,1.0,73.0,0.0,0.0,0.0,0.0,0.0,0.0,0,Not Verified
STU0070,Git,1.0,96.0,0.0,0.0,0.0,0.0,0.0,0.0,0,Not Verified
STU0070,Docker,0.0,0.0,0.0,0.0,0.0,0.0,0.0,0.0,0,Not Verified
STU0070,C++,0.0,0.0,0.0,0.0,0.0,0.0,0.0,0.0,0,Not Verified
STU0070,HTML/CSS,0.0,0.0,0.0,0.0,0.0,0.0,0.0,0.0,0,Not Verified
STU0070,MongoDB,1.0,90.0,0.0,0.0,0.0,0.0,0.0,0.0,0,Not Verified
STU0070,Firebase,0.0,0.0,0.0,0.0,0.0,0.0,0.0,0.0,0,Not Verified
STU0071,Python,1.0,79.0,1.0,133.0,1.0,0.0,0.0,0.0,0,Not Verified
STU0071,Java,0.0,0.0,1.0,91.0,2.0,0.0,0.0,0.0,0,Not Verified
STU0071,JavaScript,1.0,55.0,0.0,0.0,0.0,0.0,0.0,0.0,0,Not Verified
STU0071,React,0.0,0.0,1.0,78.0,2.0,0.0,0.0,0.0,0,Not Verified
STU0071,Node.js,0.0,0.0,0.0,0.0,0.0,0.0,0.0,0.0,0,Not Verified
STU0071,SQL,1.0,86.0,1.0,91.0,2.0,1.0,69.4,69.4,1,Intermediate
STU0071,Machine Learning,0.0,0.0,1.0,133.0,1.0,0.0,0.0,0.0,0,Not Verified
STU0071,Data Science,1.0,63.0,0.0,0.0,0.0,0.0,0.0,0.0,0,Not Verified
STU0071,FastAPI,0.0,0.0,0.0,0.0,0.0,1.0,75.0,75.0,1,Intermediate
STU0071,Git,1.0,67.0,0.0,0.0,0.0,0.0,0.0,0.0,0,Not Verified
STU0071,Docker,0.0,0.0,0.0,0.0,0.0,0.0,0.0,0.0,0,Not Verified
STU0071,C++,0.0,0.0,0.0,0.0,0.0,0.0,0.0,0.0,0,Not Verified
STU0071,HTML/CSS,0.0,0.0,0.0,0.0,0.0,0.0,0.0,0.0,0,Not Verified
STU0071,MongoDB,1.0,90.0,0.0,0.0,0.0,0.0,0.0,0.0,0,Not Verified
STU0071,Firebase,0.0,0.0,1.0,78.0,2.0,0.0,0.0,0.0,0,Not Verified
STU0072,Python,0.0,0.0,1.0,6.0,3.0,0.0,0.0,0.0,0,Not Verified
STU0072,Java,1.0,89.0,0.0,0.0,0.0,1.0,60.4,60.4,1,Beginner
STU0072,JavaScript,0.0,0.0,0.0,0.0,0.0,0.0,0.0,0.0,0,Not Verified
STU0072,React,0.0,0.0,0.0,0.0,0.0,0.0,0.0,0.0,0,Not Verified
STU0072,Node.js,0.0,0.0,0.0,0.0,0.0,0.0,0.0,0.0,0,Not Verified
STU0072,SQL,0.0,0.0,0.0,0.0,0.0,0.0,0.0,0.0,0,Not Verified
STU0072,Machine Learning,1.0,56.0,1.0,6.0,3.0,0.0,0.0,0.0,0,Not Verified
STU0072,Data Science,1.0,91.0,0.0,0.0,0.0,0.0,0.0,0.0,0,Not Verified
STU0072,FastAPI,1.0,69.0,0.0,0.0,0.0,0.0,0.0,0.0,0,Not Verified
STU0072,Git,0.0,0.0,0.0,0.0,0.0,0.0,0.0,0.0,0,Not Verified
STU0072,Docker,1.0,60.0,0.0,0.0,0.0,0.0,0.0,0.0,0,Not Verified
STU0072,C++,1.0,72.0,0.0,0.0,0.0,0.0,0.0,0.0,0,Not Verified
STU0072,HTML/CSS,1.0,57.0,0.0,0.0,0.0,0.0,0.0,0.0,0,Not Verified
STU0072,MongoDB,1.0,73.0,0.0,0.0,0.0,0.0,0.0,0.0,0,Not Verified
STU0072,Firebase,1.0,69.0,0.0,0.0,0.0,0.0,0.0,0.0,0,Not Verified
STU0073,Python,0.0,0.0,1.0,114.0,1.0,0.0,0.0,0.0,0,Not Verified
STU0073,Java,0.0,0.0,0.0,0.0,0.0,0.0,0.0,0.0,0,Not Verified
STU0073,JavaScript,1.0,62.0,0.0,0.0,0.0,0.0,0.0,0.0,0,Not Verified
STU0073,React,0.0,0.0,0.0,0.0,0.0,0.0,0.0,0.0,0,Not Verified
STU0073,Node.js,0.0,0.0,0.0,0.0,0.0,0.0,0.0,0.0,0,Not Verified
STU0073,SQL,0.0,0.0,0.0,0.0,0.0,0.0,0.0,0.0,0,Not Verified
STU0073,Machine Learning,0.0,0.0,1.0,114.0,1.0,0.0,0.0,0.0,0,Not Verified
STU0073,Data Science,1.0,62.0,0.0,0.0,0.0,0.0,0.0,0.0,0,Not Verified
STU0073,FastAPI,1.0,78.0,1.0,114.0,1.0,0.0,0.0,0.0,0,Not Verified
STU0073,Git,1.0,72.0,0.0,0.0,0.0,0.0,0.0,0.0,0,Not Verified
STU0073,Docker,0.0,0.0,0.0,0.0,0.0,0.0,0.0,0.0,0,Not Verified
STU0073,C++,1.0,89.0,0.0,0.0,0.0,0.0,0.0,0.0,0,Not Verified
STU0073,HTML/CSS,1.0,91.0,0.0,0.0,0.0,0.0,0.0,0.0,0,Not Verified
STU0073,MongoDB,1.0,89.0,0.0,0.0,0.0,0.0,0.0,0.0,0,Not Verified
STU0073,Firebase,0.0,0.0,0.0,0.0,0.0,1.0,71.7,71.7,1,Intermediate
STU0074,Python,0.0,0.0,1.0,97.0,2.0,0.0,0.0,0.0,0,Not Verified
STU0074,Java,0.0,0.0,2.0,153.0,1.5,0.0,0.0,0.0,0,Not Verified
STU0074,JavaScript,0.0,0.0,0.0,0.0,0.0,0.0,0.0,0.0,0,Not Verified
STU0074,React,1.0,74.0,0.0,0.0,0.0,0.0,0.0,0.0,0,Not Verified
STU0074,Node.js,0.0,0.0,0.0,0.0,0.0,0.0,0.0,0.0,0,Not Verified
STU0074,SQL,0.0,0.0,2.0,153.0,1.5,0.0,0.0,0.0,0,Not Verified
STU0074,Machine Learning,0.0,0.0,1.0,97.0,2.0,0.0,0.0,0.0,0,Not Verified
STU0074,Data Science,1.0,96.0,0.0,0.0,0.0,0.0,0.0,0.0,0,Not Verified
STU0074,FastAPI,1.0,70.0,1.0,97.0,2.0,0.0,0.0,0.0,0,Not Verified
STU0074,Git,0.0,0.0,0.0,0.0,0.0,0.0,0.0,0.0,0,Not Verified
STU0074,Docker,0.0,0.0,0.0,0.0,0.0,0.0,0.0,0.0,0,Not Verified
STU0074,C++,1.0,61.0,0.0,0.0,0.0,0.0,0.0,0.0,0,Not Verified
STU0074,HTML/CSS,1.0,82.0,0.0,0.0,0.0,1.0,82.6,82.6,1,Intermediate
STU0074,MongoDB,0.0,0.0,0.0,0.0,0.0,0.0,0.0,0.0,0,Not Verified
STU0074,Firebase,0.0,0.0,0.0,0.0,0.0,0.0,0.0,0.0,0,Not Verified
STU0075,Python,0.0,0.0,0.0,0.0,0.0,0.0,0.0,0.0,0,Not Verified
STU0075,Java,1.0,92.0,0.0,0.0,0.0,0.0,0.0,0.0,0,Not Verified
STU0075,JavaScript,0.0,0.0,0.0,0.0,0.0,0.0,0.0,0.0,0,Not Verified
STU0075,React,0.0,0.0,0.0,0.0,0.0,1.0,51.3,51.3,1,Beginner
STU0075,Node.js,1.0,70.0,0.0,0.0,0.0,0.0,0.0,0.0,0,Not Verified
STU0075,SQL,1.0,68.0,0.0,0.0,0.0,1.0,70.7,70.7,1,Intermediate
STU0075,Machine Learning,0.0,0.0,0.0,0.0,0.0,0.0,0.0,0.0,0,Not Verified
STU0075,Data Science,1.0,62.0,0.0,0.0,0.0,0.0,0.0,0.0,0,Not Verified
STU0075,FastAPI,0.0,0.0,0.0,0.0,0.0,0.0,0.0,0.0,0,Not Verified
STU0075,Git,0.0,0.0,0.0,0.0,0.0,0.0,0.0,0.0,0,Not Verified
STU0075,Docker,0.0,0.0,0.0,0.0,0.0,0.0,0.0,0.0,0,Not Verified
STU0075,C++,0.0,0.0,0.0,0.0,0.0,0.0,0.0,0.0,0,Not Verified
STU0075,HTML/CSS,0.0,0.0,0.0,0.0,0.0,0.0,0.0,0.0,0,Not Verified
STU0075,MongoDB,0.0,0.0,0.0,0.0,0.0,0.0,0.0,0.0,0,Not Verified
STU0075,Firebase,1.0,77.0,0.0,0.0,0.0,0.0,0.0,0.0,0,Not Verified
STU0076,Python,1.0,73.0,0.0,0.0,0.0,0.0,0.0,0.0,0,Not Verified
STU0076,Java,0.0,0.0,0.0,0.0,0.0,0.0,0.0,0.0,0,Not Verified
STU0076,JavaScript,1.0,72.0,0.0,0.0,0.0,0.0,0.0,0.0,0,Not Verified
STU0076,React,1.0,65.0,1.0,26.0,2.0,0.0,0.0,0.0,0,Not Verified
STU0076,Node.js,0.0,0.0,1.0,26.0,2.0,1.0,55.3,55.3,1,Beginner
STU0076,SQL,0.0,0.0,0.0,0.0,0.0,1.0,71.4,71.4,1,Intermediate
STU0076,Machine Learning,1.0,89.0,0.0,0.0,0.0,0.0,0.0,0.0,0,Not Verified
STU0076,Data Science,0.0,0.0,0.0,0.0,0.0,0.0,0.0,0.0,0,Not Verified
STU0076,FastAPI,1.0,75.0,0.0,0.0,0.0,0.0,0.0,0.0,0,Not Verified
STU0076,Git,1.0,91.0,0.0,0.0,0.0,0.0,0.0,0.0,0,Not Verified
STU0076,Docker,1.0,77.0,0.0,0.0,0.0,0.0,0.0,0.0,0,Not Verified
STU0076,C++,1.0,89.0,0.0,0.0,0.0,0.0,0.0,0.0,0,Not Verified
STU0076,HTML/CSS,1.0,73.0,0.0,0.0,0.0,0.0,0.0,0.0,0,Not Verified
STU0076,MongoDB,0.0,0.0,1.0,26.0,2.0,0.0,0.0,0.0,0,Not Verified
STU0076,Firebase,1.0,93.0,0.0,0.0,0.0,0.0,0.0,0.0,0,Not Verified
STU0077,Python,1.0,98.0,0.0,0.0,0.0,1.0,59.6,59.6,1,Beginner
STU0077,Java,1.0,64.0,0.0,0.0,0.0,0.0,0.0,0.0,0,Not Verified
STU0077,JavaScript,1.0,75.0,0.0,0.0,0.0,1.0,52.2,52.2,1,Beginner
STU0077,React,0.0,0.0,0.0,0.0,0.0,1.0,75.1,75.1,1,Intermediate
STU0077,Node.js,1.0,96.0,0.0,0.0,0.0,0.0,0.0,0.0,0,Not Verified
STU0077,SQL,0.0,0.0,0.0,0.0,0.0,0.0,0.0,0.0,0,Not Verified
STU0077,Machine Learning,1.0,70.0,0.0,0.0,0.0,1.0,67.4,67.4,1,Beginner
STU0077,Data Science,0.0,0.0,0.0,0.0,0.0,0.0,0.0,0.0,0,Not Verified
STU0077,FastAPI,1.0,63.0,0.0,0.0,0.0,0.0,0.0,0.0,0,Not Verified
STU0077,Git,1.0,80.0,0.0,0.0,0.0,0.0,0.0,0.0,0,Not Verified
STU0077,Docker,1.0,70.0,0.0,0.0,0.0,0.0,0.0,0.0,0,Not Verified
STU0077,C++,0.0,0.0,0.0,0.0,0.0,0.0,0.0,0.0,0,Not Verified
STU0077,HTML/CSS,0.0,0.0,0.0,0.0,0.0,0.0,0.0,0.0,0,Not Verified
STU0077,MongoDB,1.0,63.0,0.0,0.0,0.0,0.0,0.0,0.0,0,Not Verified
STU0077,Firebase,0.0,0.0,0.0,0.0,0.0,0.0,0.0,0.0,0,Not Verified
STU0078,Python,0.0,0.0,1.0,132.0,1.0,0.0,0.0,0.0,0,Not Verified
STU0078,Java,0.0,0.0,1.0,135.0,1.0,0.0,0.0,0.0,0,Not Verified
STU0078,JavaScript,1.0,59.0,0.0,0.0,0.0,1.0,66.1,66.1,1,Beginner
STU0078,React,0.0,0.0,0.0,0.0,0.0,1.0,66.4,66.4,1,Beginner
STU0078,Node.js,1.0,80.0,1.0,42.0,2.0,0.0,0.0,0.0,0,Not Verified
STU0078,SQL,0.0,0.0,1.0,135.0,1.0,0.0,0.0,0.0,0,Not Verified
STU0078,Machine Learning,1.0,72.0,0.0,0.0,0.0,0.0,0.0,0.0,0,Not Verified
STU0078,Data Science,1.0,84.0,0.0,0.0,0.0,0.0,0.0,0.0,0,Not Verified
STU0078,FastAPI,0.0,0.0,0.0,0.0,0.0,0.0,0.0,0.0,0,Not Verified
STU0078,Git,1.0,95.0,1.0,42.0,2.0,0.0,0.0,0.0,0,Not Verified
STU0078,Docker,1.0,60.0,1.0,42.0,2.0,0.0,0.0,0.0,0,Not Verified
STU0078,C++,0.0,0.0,0.0,0.0,0.0,0.0,0.0,0.0,0,Not Verified
STU0078,HTML/CSS,1.0,87.0,0.0,0.0,0.0,0.0,0.0,0.0,0,Not Verified
STU0078,MongoDB,1.0,78.0,0.0,0.0,0.0,1.0,59.1,59.1,1,Beginner
STU0078,Firebase,0.0,0.0,1.0,132.0,1.0,0.0,0.0,0.0,0,Not Verified
STU0079,Python,1.0,68.0,1.0,137.0,2.0,0.0,0.0,0.0,0,Not Verified
STU0079,Java,1.0,68.0,1.0,38.0,2.0,0.0,0.0,0.0,0,Not Verified
STU0079,JavaScript,0.0,0.0,0.0,0.0,0.0,0.0,0.0,0.0,0,Not Verified
STU0079,React,0.0,0.0,1.0,68.0,1.0,0.0,0.0,0.0,0,Not Verified
STU0079,Node.js,0.0,0.0,1.0,68.0,1.0,0.0,0.0,0.0,0,Not Verified
STU0079,SQL,1.0,89.0,1.0,38.0,2.0,1.0,63.6,63.6,1,Beginner
STU0079,Machine Learning,0.0,0.0,1.0,137.0,2.0,0.0,0.0,0.0,0,Not Verified
STU0079,Data Science,1.0,86.0,1.0,137.0,2.0,0.0,0.0,0.0,0,Not Verified
STU0079,FastAPI,0.0,0.0,0.0,0.0,0.0,0.0,0.0,0.0,0,Not Verified
STU0079,Git,1.0,80.0,0.0,0.0,0.0,0.0,0.0,0.0,0,Not Verified
STU0079,Docker,1.0,75.0,0.0,0.0,0.0,0.0,0.0,0.0,0,Not Verified
STU0079,C++,1.0,82.0,0.0,0.0,0.0,0.0,0.0,0.0,0,Not Verified
STU0079,HTML/CSS,0.0,0.0,0.0,0.0,0.0,0.0,0.0,0.0,0,Not Verified
STU0079,MongoDB,0.0,0.0,1.0,68.0,1.0,0.0,0.0,0.0,0,Not Verified
STU0079,Firebase,1.0,72.0,0.0,0.0,0.0,0.0,0.0,0.0,0,Not Verified
STU0080,Python,0.0,0.0,1.0,54.0,1.0,0.0,0.0,0.0,0,Not Verified
STU0080,Java,0.0,0.0,0.0,0.0,0.0,0.0,0.0,0.0,0,Not Verified
STU0080,JavaScript,1.0,61.0,0.0,0.0,0.0,0.0,0.0,0.0,0,Not Verified
STU0080,React,0.0,0.0,0.0,0.0,0.0,0.0,0.0,0.0,0,Not Verified
STU0080,Node.js,0.0,0.0,1.0,6.0,3.0,0.0,0.0,0.0,0,Not Verified
STU0080,SQL,1.0,98.0,0.0,0.0,0.0,0.0,0.0,0.0,0,Not Verified
STU0080,Machine Learning,0.0,0.0,1.0,54.0,1.0,1.0,83.0,83.0,1,Intermediate
STU0080,Data Science,1.0,84.0,0.0,0.0,0.0,0.0,0.0,0.0,0,Not Verified
STU0080,FastAPI,1.0,58.0,0.0,0.0,0.0,0.0,0.0,0.0,0,Not Verified
STU0080,Git,1.0,57.0,1.0,6.0,3.0,0.0,0.0,0.0,0,Not Verified
STU0080,Docker,0.0,0.0,1.0,6.0,3.0,0.0,0.0,0.0,0,Not Verified
STU0080,C++,0.0,0.0,0.0,0.0,0.0,1.0,66.8,66.8,1,Beginner
STU0080,HTML/CSS,1.0,95.0,0.0,0.0,0.0,0.0,0.0,0.0,0,Not Verified
STU0080,MongoDB,0.0,0.0,0.0,0.0,0.0,0.0,0.0,0.0,0,Not Verified
STU0080,Firebase,1.0,56.0,0.0,0.0,0.0,0.0,0.0,0.0,0,Not Verified
STU0081,Python,0.0,0.0,0.0,0.0,0.0,0.0,0.0,0.0,0,Not Verified
STU0081,Java,0.0,0.0,1.0,63.0,1.0,0.0,0.0,0.0,0,Not Verified
STU0081,JavaScript,1.0,67.0,0.0,0.0,0.0,0.0,0.0,0.0,0,Not Verified
STU0081,React,0.0,0.0,0.0,0.0,0.0,1.0,72.1,72.1,1,Intermediate
STU0081,Node.js,0.0,0.0,0.0,0.0,0.0,0.0,0.0,0.0,0,Not Verified
STU0081,SQL,0.0,0.0,1.0,63.0,1.0,0.0,0.0,0.0,0,Not Verified
STU0081,Machine Learning,0.0,0.0,0.0,0.0,0.0,0.0,0.0,0.0,0,Not Verified
STU0081,Data Science,1.0,63.0,0.0,0.0,0.0,0.0,0.0,0.0,0,Not Verified
STU0081,FastAPI,0.0,0.0,0.0,0.0,0.0,0.0,0.0,0.0,0,Not Verified
STU0081,Git,0.0,0.0,0.0,0.0,0.0,0.0,0.0,0.0,0,Not Verified
STU0081,Docker,0.0,0.0,0.0,0.0,0.0,0.0,0.0,0.0,0,Not Verified
STU0081,C++,1.0,96.0,0.0,0.0,0.0,0.0,0.0,0.0,0,Not Verified
STU0081,HTML/CSS,0.0,0.0,0.0,0.0,0.0,1.0,77.7,77.7,1,Intermediate
STU0081,MongoDB,1.0,82.0,0.0,0.0,0.0,0.0,0.0,0.0,0,Not Verified
STU0081,Firebase,1.0,55.0,0.0,0.0,0.0,0.0,0.0,0.0,0,Not Verified
STU0082,Python,0.0,0.0,1.0,28.0,1.0,0.0,0.0,0.0,0,Not Verified
STU0082,Java,1.0,96.0,0.0,0.0,0.0,0.0,0.0,0.0,0,Not Verified
STU0082,JavaScript,1.0,60.0,0.0,0.0,0.0,1.0,66.0,66.0,1,Beginner
STU0082,React,0.0,0.0,0.0,0.0,0.0,0.0,0.0,0.0,0,Not Verified
STU0082,Node.js,1.0,97.0,0.0,0.0,0.0,0.0,0.0,0.0,0,Not Verified
STU0082,SQL,1.0,58.0,0.0,0.0,0.0,0.0,0.0,0.0,0,Not Verified
STU0082,Machine Learning,0.0,0.0,1.0,28.0,1.0,0.0,0.0,0.0,0,Not Verified
STU0082,Data Science,0.0,0.0,0.0,0.0,0.0,0.0,0.0,0.0,0,Not Verified
STU0082,FastAPI,0.0,0.0,0.0,0.0,0.0,0.0,0.0,0.0,0,Not Verified
STU0082,Git,0.0,0.0,0.0,0.0,0.0,0.0,0.0,0.0,0,Not Verified
STU0082,Docker,1.0,65.0,0.0,0.0,0.0,0.0,0.0,0.0,0,Not Verified
STU0082,C++,0.0,0.0,0.0,0.0,0.0,1.0,61.7,61.7,1,Beginner
STU0082,HTML/CSS,1.0,80.0,0.0,0.0,0.0,0.0,0.0,0.0,0,Not Verified
STU0082,MongoDB,1.0,78.0,0.0,0.0,0.0,0.0,0.0,0.0,0,Not Verified
STU0082,Firebase,0.0,0.0,0.0,0.0,0.0,2.0,75.4,75.4,1,Intermediate
STU0083,Python,1.0,55.0,1.0,125.0,3.0,0.0,0.0,0.0,0,Not Verified
STU0083,Java,1.0,98.0,0.0,0.0,0.0,0.0,0.0,0.0,0,Not Verified
STU0083,JavaScript,0.0,0.0,1.0,119.0,2.0,0.0,0.0,0.0,0,Not Verified
STU0083,React,1.0,69.0,0.0,0.0,0.0,0.0,0.0,0.0,0,Not Verified
STU0083,Node.js,1.0,59.0,0.0,0.0,0.0,0.0,0.0,0.0,0,Not Verified
STU0083,SQL,0.0,0.0,0.0,0.0,0.0,0.0,0.0,0.0,0,Not Verified
STU0083,Machine Learning,1.0,88.0,1.0,125.0,3.0,0.0,0.0,0.0,0,Not Verified
STU0083,Data Science,0.0,0.0,0.0,0.0,0.0,0.0,0.0,0.0,0,Not Verified
STU0083,FastAPI,1.0,55.0,0.0,0.0,0.0,0.0,0.0,0.0,0,Not Verified
STU0083,Git,1.0,83.0,0.0,0.0,0.0,0.0,0.0,0.0,0,Not Verified
STU0083,Docker,0.0,0.0,0.0,0.0,0.0,0.0,0.0,0.0,0,Not Verified
STU0083,C++,1.0,63.0,0.0,0.0,0.0,0.0,0.0,0.0,0,Not Verified
STU0083,HTML/CSS,1.0,76.0,1.0,119.0,2.0,0.0,0.0,0.0,0,Not Verified
STU0083,MongoDB,1.0,92.0,0.0,0.0,0.0,0.0,0.0,0.0,0,Not Verified
STU0083,Firebase,0.0,0.0,0.0,0.0,0.0,0.0,0.0,0.0,0,Not Verified
STU0084,Python,0.0,0.0,1.0,10.0,3.0,0.0,0.0,0.0,0,Not Verified
STU0084,Java,0.0,0.0,0.0,0.0,0.0,0.0,0.0,0.0,0,Not Verified
STU0084,JavaScript,1.0,60.0,1.0,81.0,3.0,0.0,0.0,0.0,0,Not Verified
STU0084,React,0.0,0.0,1.0,118.0,2.0,0.0,0.0,0.0,0,Not Verified
STU0084,Node.js,0.0,0.0,0.0,0.0,0.0,0.0,0.0,0.0,0,Not Verified
STU0084,SQL,0.0,0.0,0.0,0.0,0.0,0.0,0.0,0.0,0,Not Verified
STU0084,Machine Learning,1.0,69.0,0.0,0.0,0.0,0.0,0.0,0.0,0,Not Verified
STU0084,Data Science,1.0,61.0,0.0,0.0,0.0,0.0,0.0,0.0,0,Not Verified
STU0084,FastAPI,0.0,0.0,0.0,0.0,0.0,0.0,0.0,0.0,0,Not Verified
STU0084,Git,0.0,0.0,0.0,0.0,0.0,0.0,0.0,0.0,0,Not Verified
STU0084,Docker,0.0,0.0,0.0,0.0,0.0,0.0,0.0,0.0,0,Not Verified
STU0084,C++,1.0,79.0,0.0,0.0,0.0,0.0,0.0,0.0,0,Not Verified
STU0084,HTML/CSS,0.0,0.0,1.0,81.0,3.0,0.0,0.0,0.0,0,Not Verified
STU0084,MongoDB,1.0,59.0,0.0,0.0,0.0,0.0,0.0,0.0,0,Not Verified
STU0084,Firebase,0.0,0.0,2.0,128.0,2.5,0.0,0.0,0.0,0,Not Verified
STU0085,Python,0.0,0.0,0.0,0.0,0.0,1.0,85.8,85.8,1,Advanced
STU0085,Java,0.0,0.0,0.0,0.0,0.0,0.0,0.0,0.0,0,Not Verified
STU0085,JavaScript,1.0,64.0,1.0,75.0,2.0,0.0,0.0,0.0,0,Not Verified
STU0085,React,0.0,0.0,1.0,75.0,2.0,0.0,0.0,0.0,0,Not Verified
STU0085,Node.js,1.0,98.0,1.0,75.0,2.0,0.0,0.0,0.0,0,Not Verified
STU0085,SQL,1.0,63.0,1.0,75.0,2.0,0.0,0.0,0.0,0,Not Verified
STU0085,Machine Learning,1.0,59.0,0.0,0.0,0.0,0.0,0.0,0.0,0,Not Verified
STU0085,Data Science,0.0,0.0,0.0,0.0,0.0,0.0,0.0,0.0,0,Not Verified
STU0085,FastAPI,0.0,0.0,0.0,0.0,0.0,1.0,65.0,65.0,1,Beginner
STU0085,Git,0.0,0.0,0.0,0.0,0.0,1.0,72.9,72.9,1,Intermediate
STU0085,Docker,0.0,0.0,0.0,0.0,0.0,0.0,0.0,0.0,0,Not Verified
STU0085,C++,0.0,0.0,0.0,0.0,0.0,0.0,0.0,0.0,0,Not Verified
STU0085,HTML/CSS,0.0,0.0,0.0,0.0,0.0,0.0,0.0,0.0,0,Not Verified
STU0085,MongoDB,0.0,0.0,0.0,0.0,0.0,0.0,0.0,0.0,0,Not Verified
STU0085,Firebase,1.0,96.0,0.0,0.0,0.0,0.0,0.0,0.0,0,Not Verified
STU0086,Python,1.0,81.0,0.0,0.0,0.0,0.0,0.0,0.0,0,Not Verified
STU0086,Java,0.0,0.0,0.0,0.0,0.0,0.0,0.0,0.0,0,Not Verified
STU0086,JavaScript,1.0,83.0,2.0,207.0,2.5,1.0,75.9,75.9,1,Intermediate
STU0086,React,1.0,61.0,2.0,88.0,3.0,0.0,0.0,0.0,0,Not Verified
STU0086,Node.js,0.0,0.0,3.0,223.0,3.0,0.0,0.0,0.0,0,Not Verified
STU0086,SQL,1.0,60.0,1.0,72.0,3.0,0.0,0.0,0.0,0,Not Verified
STU0086,Machine Learning,0.0,0.0,0.0,0.0,0.0,2.0,78.5,78.5,1,Intermediate
STU0086,Data Science,1.0,68.0,0.0,0.0,0.0,0.0,0.0,0.0,0,Not Verified
STU0086,FastAPI,1.0,63.0,0.0,0.0,0.0,0.0,0.0,0.0,0,Not Verified
STU0086,Git,1.0,64.0,1.0,135.0,3.0,0.0,0.0,0.0,0,Not Verified
STU0086,Docker,1.0,98.0,1.0,135.0,3.0,0.0,0.0,0.0,0,Not Verified
STU0086,C++,0.0,0.0,0.0,0.0,0.0,0.0,0.0,0.0,0,Not Verified
STU0086,HTML/CSS,0.0,0.0,1.0,135.0,2.0,0.0,0.0,0.0,0,Not Verified
STU0086,MongoDB,0.0,0.0,1.0,16.0,3.0,0.0,0.0,0.0,0,Not Verified
STU0086,Firebase,1.0,94.0,0.0,0.0,0.0,0.0,0.0,0.0,0,Not Verified
STU0087,Python,0.0,0.0,0.0,0.0,0.0,0.0,0.0,0.0,0,Not Verified
STU0087,Java,0.0,0.0,0.0,0.0,0.0,2.0,63.15,63.15,1,Beginner
STU0087,JavaScript,0.0,0.0,1.0,31.0,2.0,1.0,56.6,56.6,1,Beginner
STU0087,React,0.0,0.0,1.0,31.0,2.0,0.0,0.0,0.0,0,Not Verified
STU0087,Node.js,0.0,0.0,2.0,168.0,2.5,0.0,0.0,0.0,0,Not Verified
STU0087,SQL,1.0,72.0,1.0,31.0,2.0,0.0,0.0,0.0,0,Not Verified
STU0087,Machine Learning,1.0,70.0,0.0,0.0,0.0,0.0,0.0,0.0,0,Not Verified
STU0087,Data Science,0.0,0.0,0.0,0.0,0.0,0.0,0.0,0.0,0,Not Verified
STU0087,FastAPI,0.0,0.0,0.0,0.0,0.0,0.0,0.0,0.0,0,Not Verified
STU0087,Git,1.0,75.0,1.0,137.0,3.0,1.0,66.3,66.3,1,Beginner
STU0087,Docker,0.0,0.0,1.0,137.0,3.0,0.0,0.0,0.0,0,Not Verified
STU0087,C++,1.0,63.0,0.0,0.0,0.0,0.0,0.0,0.0,0,Not Verified
STU0087,HTML/CSS,1.0,96.0,0.0,0.0,0.0,0.0,0.0,0.0,0,Not Verified
STU0087,MongoDB,0.0,0.0,0.0,0.0,0.0,0.0,0.0,0.0,0,Not Verified
STU0087,Firebase,0.0,0.0,0.0,0.0,0.0,0.0,0.0,0.0,0,Not Verified
STU0088,Python,0.0,0.0,1.0,70.0,1.0,0.0,0.0,0.0,0,Not Verified
STU0088,Java,0.0,0.0,1.0,30.0,2.0,0.0,0.0,0.0,0,Not Verified
STU0088,JavaScript,0.0,0.0,0.0,0.0,0.0,0.0,0.0,0.0,0,Not Verified
STU0088,React,1.0,73.0,1.0,88.0,3.0,0.0,0.0,0.0,0,Not Verified
STU0088,Node.js,0.0,0.0,1.0,88.0,3.0,1.0,71.9,71.9,1,Intermediate
STU0088,SQL,0.0,0.0,1.0,30.0,2.0,0.0,0.0,0.0,0,Not Verified
STU0088,Machine Learning,0.0,0.0,1.0,70.0,1.0,0.0,0.0,0.0,0,Not Verified
STU0088,Data Science,0.0,0.0,0.0,0.0,0.0,0.0,0.0,0.0,0,Not Verified
STU0088,FastAPI,1.0,56.0,1.0,70.0,1.0,1.0,85.8,85.8,1,Advanced
STU0088,Git,1.0,97.0,0.0,0.0,0.0,0.0,0.0,0.0,0,Not Verified
STU0088,Docker,0.0,0.0,0.0,0.0,0.0,0.0,0.0,0.0,0,Not Verified
STU0088,C++,1.0,68.0,0.0,0.0,0.0,1.0,72.5,72.5,1,Intermediate
STU0088,HTML/CSS,1.0,74.0,0.0,0.0,0.0,0.0,0.0,0.0,0,Not Verified
STU0088,MongoDB,0.0,0.0,1.0,88.0,3.0,0.0,0.0,0.0,0,Not Verified
STU0088,Firebase,0.0,0.0,0.0,0.0,0.0,2.0,56.8,56.8,1,Beginner
STU0089,Python,1.0,59.0,1.0,85.0,2.0,1.0,59.6,59.6,1,Beginner
STU0089,Java,0.0,0.0,0.0,0.0,0.0,0.0,0.0,0.0,0,Not Verified
STU0089,JavaScript,0.0,0.0,0.0,0.0,0.0,0.0,0.0,0.0,0,Not Verified
STU0089,React,1.0,70.0,0.0,0.0,0.0,0.0,0.0,0.0,0,Not Verified
STU0089,Node.js,1.0,93.0,0.0,0.0,0.0,0.0,0.0,0.0,0,Not Verified
STU0089,SQL,0.0,0.0,0.0,0.0,0.0,0.0,0.0,0.0,0,Not Verified
STU0089,Machine Learning,1.0,95.0,1.0,85.0,2.0,0.0,0.0,0.0,0,Not Verified
STU0089,Data Science,1.0,55.0,0.0,0.0,0.0,0.0,0.0,0.0,0,Not Verified
STU0089,FastAPI,1.0,62.0,1.0,85.0,2.0,0.0,0.0,0.0,0,Not Verified
STU0089,Git,1.0,79.0,0.0,0.0,0.0,1.0,69.7,69.7,1,Intermediate
STU0089,Docker,0.0,0.0,0.0,0.0,0.0,1.0,86.6,86.6,1,Advanced
STU0089,C++,1.0,86.0,0.0,0.0,0.0,1.0,82.4,82.4,1,Intermediate
STU0089,HTML/CSS,1.0,88.0,0.0,0.0,0.0,1.0,81.4,81.4,1,Intermediate
STU0089,MongoDB,0.0,0.0,0.0,0.0,0.0,0.0,0.0,0.0,0,Not Verified
STU0089,Firebase,0.0,0.0,0.0,0.0,0.0,0.0,0.0,0.0,0,Not Verified
STU0090,Python,0.0,0.0,2.0,58.0,1.5,0.0,0.0,0.0,0,Not Verified
STU0090,Java,0.0,0.0,1.0,64.0,3.0,0.0,0.0,0.0,0,Not Verified
STU0090,JavaScript,1.0,66.0,0.0,0.0,0.0,0.0,0.0,0.0,0,Not Verified
STU0090,React,0.0,0.0,0.0,0.0,0.0,1.0,53.1,53.1,1,Beginner
STU0090,Node.js,0.0,0.0,0.0,0.0,0.0,0.0,0.0,0.0,0,Not Verified
STU0090,SQL,1.0,98.0,1.0,64.0,3.0,0.0,0.0,0.0,0,Not Verified
STU0090,Machine Learning,1.0,85.0,1.0,50.0,1.0,0.0,0.0,0.0,0,Not Verified
STU0090,Data Science,0.0,0.0,0.0,0.0,0.0,0.0,0.0,0.0,0,Not Verified
STU0090,FastAPI,0.0,0.0,0.0,0.0,0.0,1.0,70.4,70.4,1,Intermediate
STU0090,Git,1.0,59.0,0.0,0.0,0.0,1.0,69.4,69.4,1,Intermediate
STU0090,Docker,0.0,0.0,0.0,0.0,0.0,0.0,0.0,0.0,0,Not Verified
STU0090,C++,1.0,56.0,0.0,0.0,0.0,0.0,0.0,0.0,0,Not Verified
STU0090,HTML/CSS,0.0,0.0,0.0,0.0,0.0,0.0,0.0,0.0,0,Not Verified
STU0090,MongoDB,1.0,92.0,0.0,0.0,0.0,0.0,0.0,0.0,0,Not Verified
STU0090,Firebase,1.0,89.0,1.0,8.0,2.0,0.0,0.0,0.0,0,Not Verified
STU0091,Python,1.0,80.0,2.0,73.0,2.5,1.0,49.9,49.9,0,Beginner
STU0091,Java,0.0,0.0,1.0,30.0,3.0,1.0,61.3,61.3,1,Beginner
STU0091,JavaScript,0.0,0.0,1.0,22.0,2.0,0.0,0.0,0.0,0,Not Verified
STU0091,React,1.0,73.0,2.0,70.0,2.5,0.0,0.0,0.0,0,Not Verified
STU0091,Node.js,1.0,87.0,2.0,70.0,2.5,0.0,0.0,0.0,0,Not Verified
STU0091,SQL,0.0,0.0,2.0,52.0,2.5,1.0,63.8,63.8,1,Beginner
STU0091,Machine Learning,0.0,0.0,1.0,39.0,2.0,1.0,68.1,68.1,1,Beginner
STU0091,Data Science,0.0,0.0,0.0,0.0,0.0,0.0,0.0,0.0,0,Not Verified
STU0091,FastAPI,0.0,0.0,0.0,0.0,0.0,0.0,0.0,0.0,0,Not Verified
STU0091,Git,0.0,0.0,0.0,0.0,0.0,0.0,0.0,0.0,0,Not Verified
STU0091,Docker,0.0,0.0,0.0,0.0,0.0,0.0,0.0,0.0,0,Not Verified
STU0091,C++,1.0,87.0,0.0,0.0,0.0,0.0,0.0,0.0,0,Not Verified
STU0091,HTML/CSS,0.0,0.0,0.0,0.0,0.0,0.0,0.0,0.0,0,Not Verified
STU0091,MongoDB,0.0,0.0,1.0,48.0,3.0,0.0,0.0,0.0,0,Not Verified
STU0091,Firebase,1.0,95.0,1.0,34.0,3.0,0.0,0.0,0.0,0,Not Verified
STU0092,Python,0.0,0.0,1.0,141.0,2.0,0.0,0.0,0.0,0,Not Verified
STU0092,Java,1.0,60.0,1.0,22.0,2.0,0.0,0.0,0.0,0,Not Verified
STU0092,JavaScript,1.0,89.0,0.0,0.0,0.0,0.0,0.0,0.0,0,Not Verified
STU0092,React,0.0,0.0,0.0,0.0,0.0,0.0,0.0,0.0,0,Not Verified
STU0092,Node.js,0.0,0.0,0.0,0.0,0.0,0.0,0.0,0.0,0,Not Verified
STU0092,SQL,0.0,0.0,2.0,163.0,2.0,0.0,0.0,0.0,0,Not Verified
STU0092,Machine Learning,1.0,72.0,0.0,0.0,0.0,2.0,71.65,71.65,1,Intermediate
STU0092,Data Science,0.0,0.0,1.0,141.0,2.0,0.0,0.0,0.0,0,Not Verified
STU0092,FastAPI,1.0,68.0,0.0,0.0,0.0,1.0,63.4,63.4,1,Beginner
STU0092,Git,1.0,64.0,0.0,0.0,0.0,0.0,0.0,0.0,0,Not Verified
STU0092,Docker,1.0,87.0,0.0,0.0,0.0,0.0,0.0,0.0,0,Not Verified
STU0092,C++,1.0,60.0,0.0,0.0,0.0,0.0,0.0,0.0,0,Not Verified
STU0092,HTML/CSS,0.0,0.0,0.0,0.0,0.0,0.0,0.0,0.0,0,Not Verified
STU0092,MongoDB,0.0,0.0,0.0,0.0,0.0,0.0,0.0,0.0,0,Not Verified
STU0092,Firebase,1.0,74.0,0.0,0.0,0.0,0.0,0.0,0.0,0,Not Verified
STU0093,Python,0.0,0.0,2.0,241.0,1.5,0.0,0.0,0.0,0,Not Verified
STU0093,Java,1.0,82.0,0.0,0.0,0.0,1.0,63.4,63.4,1,Beginner
STU0093,JavaScript,0.0,0.0,0.0,0.0,0.0,0.0,0.0,0.0,0,Not Verified
STU0093,React,0.0,0.0,0.0,0.0,0.0,0.0,0.0,0.0,0,Not Verified
STU0093,Node.js,1.0,62.0,0.0,0.0,0.0,0.0,0.0,0.0,0,Not Verified
STU0093,SQL,0.0,0.0,0.0,0.0,0.0,0.0,0.0,0.0,0,Not Verified
STU0093,Machine Learning,1.0,82.0,2.0,241.0,1.5,0.0,0.0,0.0,0,Not Verified
STU0093,Data Science,0.0,0.0,1.0,114.0,2.0,0.0,0.0,0.0,0,Not Verified
STU0093,FastAPI,0.0,0.0,0.0,0.0,0.0,0.0,0.0,0.0,0,Not Verified
STU0093,Git,1.0,70.0,0.0,0.0,0.0,0.0,0.0,0.0,0,Not Verified
STU0093,Docker,1.0,58.0,0.0,0.0,0.0,0.0,0.0,0.0,0,Not Verified
STU0093,C++,1.0,60.0,0.0,0.0,0.0,0.0,0.0,0.0,0,Not Verified
STU0093,HTML/CSS,1.0,70.0,0.0,0.0,0.0,0.0,0.0,0.0,0,Not Verified
STU0093,MongoDB,0.0,0.0,0.0,0.0,0.0,1.0,62.6,62.6,1,Beginner
STU0093,Firebase,0.0,0.0,0.0,0.0,0.0,0.0,0.0,0.0,0,Not Verified
STU0094,Python,1.0,65.0,1.0,18.0,1.0,0.0,0.0,0.0,0,Not Verified
STU0094,Java,1.0,88.0,0.0,0.0,0.0,0.0,0.0,0.0,0,Not Verified
STU0094,JavaScript,1.0,88.0,1.0,120.0,1.0,0.0,0.0,0.0,0,Not Verified
STU0094,React,0.0,0.0,1.0,52.0,3.0,0.0,0.0,0.0,0,Not Verified
STU0094,Node.js,1.0,86.0,1.0,52.0,3.0,0.0,0.0,0.0,0,Not Verified
STU0094,SQL,0.0,0.0,0.0,0.0,0.0,0.0,0.0,0.0,0,Not Verified
STU0094,Machine Learning,0.0,0.0,1.0,18.0,1.0,0.0,0.0,0.0,0,Not Verified
STU0094,Data Science,0.0,0.0,0.0,0.0,0.0,0.0,0.0,0.0,0,Not Verified
STU0094,FastAPI,0.0,0.0,1.0,18.0,1.0,0.0,0.0,0.0,0,Not Verified
STU0094,Git,1.0,63.0,0.0,0.0,0.0,0.0,0.0,0.0,0,Not Verified
STU0094,Docker,1.0,77.0,0.0,0.0,0.0,0.0,0.0,0.0,0,Not Verified
STU0094,C++,0.0,0.0,0.0,0.0,0.0,2.0,64.8,64.8,1,Beginner
STU0094,HTML/CSS,1.0,71.0,1.0,120.0,1.0,0.0,0.0,0.0,0,Not Verified
STU0094,MongoDB,0.0,0.0,1.0,52.0,3.0,0.0,0.0,0.0,0,Not Verified
STU0094,Firebase,1.0,55.0,0.0,0.0,0.0,0.0,0.0,0.0,0,Not Verified
STU0095,Python,1.0,71.0,0.0,0.0,0.0,0.0,0.0,0.0,0,Not Verified
STU0095,Java,1.0,59.0,2.0,241.0,2.0,0.0,0.0,0.0,0,Not Verified
STU0095,JavaScript,1.0,82.0,0.0,0.0,0.0,0.0,0.0,0.0,0,Not Verified
STU0095,React,0.0,0.0,0.0,0.0,0.0,0.0,0.0,0.0,0,Not Verified
STU0095,Node.js,1.0,88.0,0.0,0.0,0.0,1.0,70.9,70.9,1,Intermediate
STU0095,SQL,1.0,76.0,2.0,241.0,2.0,0.0,0.0,0.0,0,Not Verified
STU0095,Machine Learning,0.0,0.0,0.0,0.0,0.0,0.0,0.0,0.0,0,Not Verified
STU0095,Data Science,0.0,0.0,0.0,0.0,0.0,0.0,0.0,0.0,0,Not Verified
STU0095,FastAPI,0.0,0.0,0.0,0.0,0.0,0.0,0.0,0.0,0,Not Verified
STU0095,Git,0.0,0.0,0.0,0.0,0.0,0.0,0.0,0.0,0,Not Verified
STU0095,Docker,0.0,0.0,0.0,0.0,0.0,1.0,47.2,47.2,0,Not Verified
STU0095,C++,1.0,72.0,0.0,0.0,0.0,0.0,0.0,0.0,0,Not Verified
STU0095,HTML/CSS,0.0,0.0,0.0,0.0,0.0,0.0,0.0,0.0,0,Not Verified
STU0095,MongoDB,0.0,0.0,0.0,0.0,0.0,1.0,58.4,58.4,1,Beginner
STU0095,Firebase,0.0,0.0,0.0,0.0,0.0,1.0,78.7,78.7,1,Intermediate
STU0096,Python,1.0,62.0,1.0,51.0,2.0,0.0,0.0,0.0,0,Not Verified
STU0096,Java,1.0,65.0,0.0,0.0,0.0,0.0,0.0,0.0,0,Not Verified
STU0096,JavaScript,0.0,0.0,0.0,0.0,0.0,2.0,77.15,77.15,1,Intermediate
STU0096,React,1.0,69.0,0.0,0.0,0.0,0.0,0.0,0.0,0,Not Verified
STU0096,Node.js,1.0,87.0,0.0,0.0,0.0,1.0,77.0,77.0,1,Intermediate
STU0096,SQL,1.0,98.0,1.0,51.0,2.0,0.0,0.0,0.0,0,Not Verified
STU0096,Machine Learning,0.0,0.0,0.0,0.0,0.0,0.0,0.0,0.0,0,Not Verified
STU0096,Data Science,1.0,71.0,1.0,51.0,2.0,1.0,64.2,64.2,1,Beginner
STU0096,FastAPI,1.0,91.0,0.0,0.0,0.0,0.0,0.0,0.0,0,Not Verified
STU0096,Git,1.0,65.0,0.0,0.0,0.0,0.0,0.0,0.0,0,Not Verified
STU0096,Docker,1.0,78.0,0.0,0.0,0.0,0.0,0.0,0.0,0,Not Verified
STU0096,C++,1.0,61.0,0.0,0.0,0.0,0.0,0.0,0.0,0,Not Verified
STU0096,HTML/CSS,0.0,0.0,0.0,0.0,0.0,0.0,0.0,0.0,0,Not Verified
STU0096,MongoDB,0.0,0.0,0.0,0.0,0.0,0.0,0.0,0.0,0,Not Verified
STU0096,Firebase,0.0,0.0,0.0,0.0,0.0,0.0,0.0,0.0,0,Not Verified
STU0097,Python,1.0,85.0,2.0,101.0,2.0,0.0,0.0,0.0,0,Not Verified
STU0097,Java,0.0,0.0,1.0,63.0,1.0,0.0,0.0,0.0,0,Not Verified
STU0097,JavaScript,0.0,0.0,0.0,0.0,0.0,1.0,53.7,53.7,1,Beginner
STU0097,React,1.0,64.0,1.0,51.0,1.0,0.0,0.0,0.0,0,Not Verified
STU0097,Node.js,0.0,0.0,0.0,0.0,0.0,0.0,0.0,0.0,0,Not Verified
STU0097,SQL,0.0,0.0,1.0,63.0,1.0,0.0,0.0,0.0,0,Not Verified
STU0097,Machine Learning,0.0,0.0,1.0,9.0,1.0,0.0,0.0,0.0,0,Not Verified
STU0097,Data Science,0.0,0.0,0.0,0.0,0.0,0.0,0.0,0.0,0,Not Verified
STU0097,FastAPI,0.0,0.0,1.0,9.0,1.0,0.0,0.0,0.0,0,Not Verified
STU0097,Git,0.0,0.0,0.0,0.0,0.0,0.0,0.0,0.0,0,Not Verified
STU0097,Docker,0.0,0.0,0.0,0.0,0.0,1.0,63.1,63.1,1,Beginner
STU0097,C++,0.0,0.0,0.0,0.0,0.0,0.0,0.0,0.0,0,Not Verified
STU0097,HTML/CSS,1.0,66.0,0.0,0.0,0.0,0.0,0.0,0.0,0,Not Verified
STU0097,MongoDB,1.0,78.0,0.0,0.0,0.0,0.0,0.0,0.0,0,Not Verified
STU0097,Firebase,1.0,79.0,2.0,143.0,2.0,0.0,0.0,0.0,0,Not Verified
STU0098,Python,0.0,0.0,1.0,115.0,2.0,0.0,0.0,0.0,0,Not Verified
STU0098,Java,0.0,0.0,1.0,126.0,2.0,0.0,0.0,0.0,0,Not Verified
STU0098,JavaScript,0.0,0.0,0.0,0.0,0.0,0.0,0.0,0.0,0,Not Verified
STU0098,React,0.0,0.0,2.0,285.0,2.5,1.0,76.0,76.0,1,Intermediate
STU0098,Node.js,0.0,0.0,2.0,255.0,3.0,1.0,71.4,71.4,1,Intermediate
STU0098,SQL,0.0,0.0,1.0,126.0,2.0,0.0,0.0,0.0,0,Not Verified
STU0098,Machine Learning,0.0,0.0,1.0,115.0,2.0,0.0,0.0,0.0,0,Not Verified
STU0098,Data Science,0.0,0.0,1.0,115.0,2.0,0.0,0.0,0.0,0,Not Verified
STU0098,FastAPI,1.0,81.0,0.0,0.0,0.0,0.0,0.0,0.0,0,Not Verified
STU0098,Git,0.0,0.0,1.0,113.0,3.0,0.0,0.0,0.0,0,Not Verified
STU0098,Docker,1.0,81.0,1.0,113.0,3.0,1.0,67.9,67.9,1,Beginner
STU0098,C++,1.0,75.0,0.0,0.0,0.0,1.0,68.3,68.3,1,Beginner
STU0098,HTML/CSS,1.0,69.0,0.0,0.0,0.0,0.0,0.0,0.0,0,Not Verified
STU0098,MongoDB,1.0,70.0,1.0,142.0,3.0,0.0,0.0,0.0,0,Not Verified
STU0098,Firebase,0.0,0.0,1.0,143.0,2.0,1.0,79.5,79.5,1,Intermediate
STU0099,Python,1.0,75.0,0.0,0.0,0.0,0.0,0.0,0.0,0,Not Verified
STU0099,Java,1.0,80.0,0.0,0.0,0.0,0.0,0.0,0.0,0,Not Verified
STU0099,JavaScript,0.0,0.0,0.0,0.0,0.0,0.0,0.0,0.0,0,Not Verified
STU0099,React,0.0,0.0,1.0,18.0,2.0,1.0,62.8,62.8,1,Beginner
STU0099,Node.js,1.0,57.0,0.0,0.0,0.0,0.0,0.0,0.0,0,Not Verified
STU0099,SQL,1.0,88.0,0.0,0.0,0.0,0.0,0.0,0.0,0,Not Verified
STU0099,Machine Learning,1.0,90.0,0.0,0.0,0.0,0.0,0.0,0.0,0,Not Verified
STU0099,Data Science,0.0,0.0,0.0,0.0,0.0,0.0,0.0,0.0,0,Not Verified
STU0099,FastAPI,1.0,74.0,0.0,0.0,0.0,1.0,66.2,66.2,1,Beginner
STU0099,Git,1.0,59.0,0.0,0.0,0.0,0.0,0.0,0.0,0,Not Verified
STU0099,Docker,0.0,0.0,0.0,0.0,0.0,1.0,79.0,79.0,1,Intermediate
STU0099,C++,1.0,60.0,0.0,0.0,0.0,0.0,0.0,0.0,0,Not Verified
STU0099,HTML/CSS,1.0,73.0,0.0,0.0,0.0,0.0,0.0,0.0,0,Not Verified
STU0099,MongoDB,0.0,0.0,0.0,0.0,0.0,0.0,0.0,0.0,0,Not Verified
STU0099,Firebase,1.0,84.0,1.0,18.0,2.0,0.0,0.0,0.0,0,Not Verified
STU0100,Python,1.0,78.0,1.0,16.0,1.0,1.0,73.3,73.3,1,Intermediate
STU0100,Java,0.0,0.0,1.0,87.0,3.0,0.0,0.0,0.0,0,Not Verified
STU0100,JavaScript,0.0,0.0,0.0,0.0,0.0,1.0,63.0,63.0,1,Beginner
STU0100,React,1.0,86.0,1.0,138.0,3.0,0.0,0.0,0.0,0,Not Verified
STU0100,Node.js,1.0,67.0,1.0,138.0,3.0,0.0,0.0,0.0,0,Not Verified
STU0100,SQL,1.0,92.0,1.0,87.0,3.0,0.0,0.0,0.0,0,Not Verified
STU0100,Machine Learning,0.0,0.0,1.0,16.0,1.0,0.0,0.0,0.0,0,Not Verified
STU0100,Data Science,1.0,55.0,0.0,0.0,0.0,1.0,70.9,70.9,1,Intermediate
STU0100,FastAPI,0.0,0.0,1.0,16.0,1.0,0.0,0.0,0.0,0,Not Verified
STU0100,Git,1.0,89.0,0.0,0.0,0.0,0.0,0.0,0.0,0,Not Verified
STU0100,Docker,0.0,0.0,0.0,0.0,0.0,0.0,0.0,0.0,0,Not Verified
STU0100,C++,1.0,70.0,0.0,0.0,0.0,0.0,0.0,0.0,0,Not Verified
STU0100,HTML/CSS,1.0,64.0,0.0,0.0,0.0,1.0,67.5,67.5,1,Beginner
STU0100,MongoDB,0.0,0.0,1.0,138.0,3.0,0.0,0.0,0.0,0,Not Verified
STU0100,Firebase,0.0,0.0,0.0,0.0,0.0,0.0,0.0,0.0,0,Not Verified
STU0101,Python,1.0,97.0,0.0,0.0,0.0,1.0,58.1,58.1,1,Beginner
STU0101,Java,0.0,0.0,0.0,0.0,0.0,0.0,0.0,0.0,0,Not Verified
STU0101,JavaScript,0.0,0.0,0.0,0.0,0.0,0.0,0.0,0.0,0,Not Verified
STU0101,React,1.0,79.0,0.0,0.0,0.0,0.0,0.0,0.0,0,Not Verified
STU0101,Node.js,0.0,0.0,0.0,0.0,0.0,0.0,0.0,0.0,0,Not Verified
STU0101,SQL,1.0,61.0,0.0,0.0,0.0,0.0,0.0,0.0,0,Not Verified
STU0101,Machine Learning,0.0,0.0,0.0,0.0,0.0,0.0,0.0,0.0,0,Not Verified
STU0101,Data Science,0.0,0.0,0.0,0.0,0.0,0.0,0.0,0.0,0,Not Verified
STU0101,FastAPI,1.0,74.0,0.0,0.0,0.0,0.0,0.0,0.0,0,Not Verified
STU0101,Git,1.0,81.0,0.0,0.0,0.0,0.0,0.0,0.0,0,Not Verified
STU0101,Docker,1.0,68.0,0.0,0.0,0.0,0.0,0.0,0.0,0,Not Verified
STU0101,C++,1.0,70.0,0.0,0.0,0.0,0.0,0.0,0.0,0,Not Verified
STU0101,HTML/CSS,0.0,0.0,0.0,0.0,0.0,0.0,0.0,0.0,0,Not Verified
STU0101,MongoDB,0.0,0.0,0.0,0.0,0.0,0.0,0.0,0.0,0,Not Verified
STU0101,Firebase,1.0,88.0,0.0,0.0,0.0,0.0,0.0,0.0,0,Not Verified
STU0102,Python,1.0,78.0,4.0,350.0,1.75,0.0,0.0,0.0,0,Not Verified
STU0102,Java,1.0,61.0,0.0,0.0,0.0,1.0,62.7,62.7,1,Beginner
STU0102,JavaScript,1.0,84.0,2.0,193.0,1.5,0.0,0.0,0.0,0,Not Verified
STU0102,React,1.0,63.0,2.0,138.0,2.0,0.0,0.0,0.0,0,Not Verified
STU0102,Node.js,1.0,92.0,2.0,138.0,2.0,1.0,89.3,89.3,1,Advanced
STU0102,SQL,0.0,0.0,2.0,127.0,1.0,0.0,0.0,0.0,0,Not Verified
STU0102,Machine Learning,1.0,95.0,2.0,265.0,2.0,0.0,0.0,0.0,0,Not Verified
STU0102,Data Science,0.0,0.0,1.0,50.0,1.0,1.0,66.8,66.8,1,Beginner
STU0102,FastAPI,0.0,0.0,1.0,137.0,1.0,0.0,0.0,0.0,0,Not Verified
STU0102,Git,0.0,0.0,0.0,0.0,0.0,0.0,0.0,0.0,0,Not Verified
STU0102,Docker,0.0,0.0,0.0,0.0,0.0,1.0,72.7,72.7,1,Intermediate
STU0102,C++,1.0,60.0,0.0,0.0,0.0,1.0,80.7,80.7,1,Intermediate
STU0102,HTML/CSS,0.0,0.0,1.0,116.0,2.0,1.0,66.4,66.4,1,Beginner
STU0102,MongoDB,0.0,0.0,1.0,61.0,3.0,0.0,0.0,0.0,0,Not Verified
STU0102,Firebase,1.0,87.0,1.0,35.0,2.0,0.0,0.0,0.0,0,Not Verified
STU0103,Python,1.0,75.0,1.0,130.0,3.0,0.0,0.0,0.0,0,Not Verified
STU0103,Java,1.0,71.0,0.0,0.0,0.0,1.0,59.7,59.7,1,Beginner
STU0103,JavaScript,1.0,83.0,1.0,146.0,2.0,0.0,0.0,0.0,0,Not Verified
STU0103,React,1.0,72.0,1.0,146.0,2.0,0.0,0.0,0.0,0,Not Verified
STU0103,Node.js,1.0,69.0,1.0,146.0,2.0,0.0,0.0,0.0,0,Not Verified
STU0103,SQL,0.0,0.0,2.0,276.0,2.5,0.0,0.0,0.0,0,Not Verified
STU0103,Machine Learning,1.0,75.0,0.0,0.0,0.0,0.0,0.0,0.0,0,Not Verified
STU0103,Data Science,0.0,0.0,1.0,130.0,3.0,0.0,0.0,0.0,0,Not Verified
STU0103,FastAPI,0.0,0.0,0.0,0.0,0.0,1.0,65.4,65.4,1,Beginner
STU0103,Git,1.0,75.0,0.0,0.0,0.0,0.0,0.0,0.0,0,Not Verified
STU0103,Docker,0.0,0.0,0.0,0.0,0.0,0.0,0.0,0.0,0,Not Verified
STU0103,C++,0.0,0.0,0.0,0.0,0.0,0.0,0.0,0.0,0,Not Verified
STU0103,HTML/CSS,0.0,0.0,0.0,0.0,0.0,0.0,0.0,0.0,0,Not Verified
STU0103,MongoDB,1.0,80.0,0.0,0.0,0.0,0.0,0.0,0.0,0,Not Verified
STU0103,Firebase,0.0,0.0,0.0,0.0,0.0,0.0,0.0,0.0,0,Not Verified
STU0104,Python,0.0,0.0,1.0,107.0,2.0,1.0,70.5,70.5,1,Intermediate
STU0104,Java,1.0,84.0,0.0,0.0,0.0,0.0,0.0,0.0,0,Not Verified
STU0104,JavaScript,1.0,61.0,0.0,0.0,0.0,0.0,0.0,0.0,0,Not Verified
STU0104,React,1.0,64.0,0.0,0.0,0.0,0.0,0.0,0.0,0,Not Verified
STU0104,Node.js,0.0,0.0,0.0,0.0,0.0,0.0,0.0,0.0,0,Not Verified
STU0104,SQL,0.0,0.0,0.0,0.0,0.0,0.0,0.0,0.0,0,Not Verified
STU0104,Machine Learning,0.0,0.0,1.0,107.0,2.0,0.0,0.0,0.0,0,Not Verified
STU0104,Data Science,0.0,0.0,0.0,0.0,0.0,0.0,0.0,0.0,0,Not Verified
STU0104,FastAPI,0.0,0.0,0.0,0.0,0.0,0.0,0.0,0.0,0,Not Verified
STU0104,Git,1.0,83.0,0.0,0.0,0.0,0.0,0.0,0.0,0,Not Verified
STU0104,Docker,0.0,0.0,0.0,0.0,0.0,0.0,0.0,0.0,0,Not Verified
STU0104,C++,0.0,0.0,0.0,0.0,0.0,0.0,0.0,0.0,0,Not Verified
STU0104,HTML/CSS,1.0,65.0,0.0,0.0,0.0,0.0,0.0,0.0,0,Not Verified
STU0104,MongoDB,0.0,0.0,0.0,0.0,0.0,0.0,0.0,0.0,0,Not Verified
STU0104,Firebase,0.0,0.0,0.0,0.0,0.0,0.0,0.0,0.0,0,Not Verified
STU0105,Python,0.0,0.0,1.0,65.0,2.0,0.0,0.0,0.0,0,Not Verified
STU0105,Java,1.0,71.0,0.0,0.0,0.0,0.0,0.0,0.0,0,Not Verified
STU0105,JavaScript,0.0,0.0,1.0,11.0,2.0,0.0,0.0,0.0,0,Not Verified
STU0105,React,1.0,65.0,1.0,11.0,2.0,0.0,0.0,0.0,0,Not Verified
STU0105,Node.js,1.0,74.0,1.0,11.0,2.0,0.0,0.0,0.0,0,Not Verified
STU0105,SQL,1.0,60.0,1.0,11.0,2.0,1.0,89.5,89.5,1,Advanced
STU0105,Machine Learning,1.0,84.0,1.0,65.0,2.0,0.0,0.0,0.0,0,Not Verified
STU0105,Data Science,1.0,98.0,0.0,0.0,0.0,0.0,0.0,0.0,0,Not Verified
STU0105,FastAPI,1.0,62.0,1.0,65.0,2.0,0.0,0.0,0.0,0,Not Verified
STU0105,Git,0.0,0.0,0.0,0.0,0.0,0.0,0.0,0.0,0,Not Verified
STU0105,Docker,0.0,0.0,0.0,0.0,0.0,0.0,0.0,0.0,0,Not Verified
STU0105,C++,0.0,0.0,0.0,0.0,0.0,1.0,55.2,55.2,1,Beginner
STU0105,HTML/CSS,0.0,0.0,0.0,0.0,0.0,1.0,78.2,78.2,1,Intermediate
STU0105,MongoDB,0.0,0.0,0.0,0.0,0.0,0.0,0.0,0.0,0,Not Verified
STU0105,Firebase,0.0,0.0,0.0,0.0,0.0,0.0,0.0,0.0,0,Not Verified
STU0106,Python,1.0,98.0,2.0,166.0,2.0,1.0,67.9,67.9,1,Beginner
STU0106,Java,1.0,56.0,1.0,45.0,1.0,1.0,75.1,75.1,1,Intermediate
STU0106,JavaScript,1.0,66.0,1.0,12.0,1.0,0.0,0.0,0.0,0,Not Verified
STU0106,React,1.0,74.0,1.0,30.0,3.0,0.0,0.0,0.0,0,Not Verified
STU0106,Node.js,0.0,0.0,1.0,30.0,3.0,0.0,0.0,0.0,0,Not Verified
STU0106,SQL,1.0,71.0,2.0,184.0,1.5,0.0,0.0,0.0,0,Not Verified
STU0106,Machine Learning,0.0,0.0,1.0,27.0,2.0,0.0,0.0,0.0,0,Not Verified
STU0106,Data Science,1.0,90.0,1.0,139.0,2.0,0.0,0.0,0.0,0,Not Verified
STU0106,FastAPI,0.0,0.0,1.0,27.0,2.0,0.0,0.0,0.0,0,Not Verified
STU0106,Git,1.0,58.0,0.0,0.0,0.0,0.0,0.0,0.0,0,Not Verified
STU0106,Docker,0.0,0.0,0.0,0.0,0.0,0.0,0.0,0.0,0,Not Verified
STU0106,C++,1.0,87.0,0.0,0.0,0.0,0.0,0.0,0.0,0,Not Verified
STU0106,HTML/CSS,0.0,0.0,1.0,12.0,1.0,0.0,0.0,0.0,0,Not Verified
STU0106,MongoDB,1.0,83.0,1.0,30.0,3.0,0.0,0.0,0.0,0,Not Verified
STU0106,Firebase,1.0,80.0,0.0,0.0,0.0,0.0,0.0,0.0,0,Not Verified
STU0107,Python,1.0,60.0,1.0,46.0,2.0,0.0,0.0,0.0,0,Not Verified
STU0107,Java,1.0,80.0,1.0,68.0,1.0,0.0,0.0,0.0,0,Not Verified
STU0107,JavaScript,1.0,95.0,0.0,0.0,0.0,1.0,72.4,72.4,1,Intermediate
STU0107,React,1.0,67.0,1.0,44.0,3.0,0.0,0.0,0.0,0,Not Verified
STU0107,Node.js,0.0,0.0,0.0,0.0,0.0,0.0,0.0,0.0,0,Not Verified
STU0107,SQL,0.0,0.0,2.0,114.0,1.5,0.0,0.0,0.0,0,Not Verified
STU0107,Machine Learning,0.0,0.0,0.0,0.0,0.0,0.0,0.0,0.0,0,Not Verified
STU0107,Data Science,1.0,78.0,1.0,46.0,2.0,0.0,0.0,0.0,0,Not Verified
STU0107,FastAPI,1.0,63.0,0.0,0.0,0.0,0.0,0.0,0.0,0,Not Verified
STU0107,Git,0.0,0.0,0.0,0.0,0.0,0.0,0.0,0.0,0,Not Verified
STU0107,Docker,1.0,96.0,0.0,0.0,0.0,0.0,0.0,0.0,0,Not Verified
STU0107,C++,1.0,92.0,0.0,0.0,0.0,1.0,46.1,46.1,0,Not Verified
STU0107,HTML/CSS,1.0,98.0,0.0,0.0,0.0,1.0,68.8,68.8,1,Beginner
STU0107,MongoDB,0.0,0.0,0.0,0.0,0.0,2.0,65.0,65.0,1,Beginner
STU0107,Firebase,1.0,92.0,1.0,44.0,3.0,0.0,0.0,0.0,0,Not Verified
STU0108,Python,1.0,62.0,1.0,144.0,2.0,0.0,0.0,0.0,0,Not Verified
STU0108,Java,1.0,76.0,0.0,0.0,0.0,0.0,0.0,0.0,0,Not Verified
STU0108,JavaScript,0.0,0.0,0.0,0.0,0.0,1.0,70.9,70.9,1,Intermediate
STU0108,React,1.0,84.0,1.0,125.0,1.0,0.0,0.0,0.0,0,Not Verified
STU0108,Node.js,0.0,0.0,2.0,208.0,1.0,0.0,0.0,0.0,0,Not Verified
STU0108,SQL,0.0,0.0,0.0,0.0,0.0,0.0,0.0,0.0,0,Not Verified
STU0108,Machine Learning,0.0,0.0,1.0,144.0,2.0,0.0,0.0,0.0,0,Not Verified
STU0108,Data Science,1.0,58.0,1.0,144.0,2.0,0.0,0.0,0.0,0,Not Verified
STU0108,FastAPI,0.0,0.0,0.0,0.0,0.0,0.0,0.0,0.0,0,Not Verified
STU0108,Git,0.0,0.0,1.0,83.0,1.0,1.0,60.8,60.8,1,Beginner
STU0108,Docker,0.0,0.0,1.0,83.0,1.0,0.0,0.0,0.0,0,Not Verified
STU0108,C++,0.0,0.0,0.0,0.0,0.0,1.0,60.8,60.8,1,Beginner
STU0108,HTML/CSS,1.0,57.0,0.0,0.0,0.0,0.0,0.0,0.0,0,Not Verified
STU0108,MongoDB,1.0,60.0,1.0,125.0,1.0,0.0,0.0,0.0,0,Not Verified
STU0108,Firebase,1.0,63.0,0.0,0.0,0.0,0.0,0.0,0.0,0,Not Verified
STU0109,Python,0.0,0.0,1.0,21.0,3.0,0.0,0.0,0.0,0,Not Verified
STU0109,Java,0.0,0.0,0.0,0.0,0.0,0.0,0.0,0.0,0,Not Verified
STU0109,JavaScript,0.0,0.0,0.0,0.0,0.0,0.0,0.0,0.0,0,Not Verified
STU0109,React,0.0,0.0,1.0,34.0,2.0,0.0,0.0,0.0,0,Not Verified
STU0109,Node.js,0.0,0.0,1.0,34.0,2.0,0.0,0.0,0.0,0,Not Verified
STU0109,SQL,0.0,0.0,0.0,0.0,0.0,0.0,0.0,0.0,0,Not Verified
STU0109,Machine Learning,1.0,98.0,0.0,0.0,0.0,0.0,0.0,0.0,0,Not Verified
STU0109,Data Science,1.0,77.0,0.0,0.0,0.0,1.0,63.5,63.5,1,Beginner
STU0109,FastAPI,0.0,0.0,0.0,0.0,0.0,1.0,81.0,81.0,1,Intermediate
STU0109,Git,1.0,79.0,0.0,0.0,0.0,0.0,0.0,0.0,0,Not Verified
STU0109,Docker,0.0,0.0,0.0,0.0,0.0,0.0,0.0,0.0,0,Not Verified
STU0109,C++,1.0,82.0,0.0,0.0,0.0,1.0,87.1,87.1,1,Advanced
STU0109,HTML/CSS,1.0,66.0,0.0,0.0,0.0,0.0,0.0,0.0,0,Not Verified
STU0109,MongoDB,0.0,0.0,1.0,34.0,2.0,1.0,74.4,74.4,1,Intermediate
STU0109,Firebase,1.0,56.0,1.0,21.0,3.0,0.0,0.0,0.0,0,Not Verified
STU0110,Python,0.0,0.0,1.0,102.0,2.0,0.0,0.0,0.0,0,Not Verified
STU0110,Java,0.0,0.0,0.0,0.0,0.0,0.0,0.0,0.0,0,Not Verified
STU0110,JavaScript,1.0,94.0,0.0,0.0,0.0,0.0,0.0,0.0,0,Not Verified
STU0110,React,0.0,0.0,1.0,86.0,2.0,0.0,0.0,0.0,0,Not Verified
STU0110,Node.js,1.0,94.0,1.0,86.0,2.0,0.0,0.0,0.0,0,Not Verified
STU0110,SQL,0.0,0.0,0.0,0.0,0.0,0.0,0.0,0.0,0,Not Verified
STU0110,Machine Learning,0.0,0.0,1.0,102.0,2.0,1.0,65.6,65.6,1,Beginner
STU0110,Data Science,1.0,70.0,0.0,0.0,0.0,0.0,0.0,0.0,0,Not Verified
STU0110,FastAPI,0.0,0.0,0.0,0.0,0.0,0.0,0.0,0.0,0,Not Verified
STU0110,Git,0.0,0.0,0.0,0.0,0.0,0.0,0.0,0.0,0,Not Verified
STU0110,Docker,0.0,0.0,0.0,0.0,0.0,0.0,0.0,0.0,0,Not Verified
STU0110,C++,0.0,0.0,0.0,0.0,0.0,0.0,0.0,0.0,0,Not Verified
STU0110,HTML/CSS,1.0,94.0,0.0,0.0,0.0,0.0,0.0,0.0,0,Not Verified
STU0110,MongoDB,1.0,96.0,1.0,86.0,2.0,0.0,0.0,0.0,0,Not Verified
STU0110,Firebase,1.0,57.0,0.0,0.0,0.0,0.0,0.0,0.0,0,Not Verified
STU0111,Python,1.0,96.0,1.0,92.0,2.0,0.0,0.0,0.0,0,Not Verified
STU0111,Java,1.0,88.0,0.0,0.0,0.0,1.0,75.9,75.9,1,Intermediate
STU0111,JavaScript,0.0,0.0,0.0,0.0,0.0,0.0,0.0,0.0,0,Not Verified
STU0111,React,0.0,0.0,1.0,72.0,1.0,1.0,70.9,70.9,1,Intermediate
STU0111,Node.js,1.0,70.0,1.0,72.0,1.0,0.0,0.0,0.0,0,Not Verified
STU0111,SQL,0.0,0.0,0.0,0.0,0.0,0.0,0.0,0.0,0,Not Verified
STU0111,Machine Learning,1.0,63.0,1.0,92.0,2.0,0.0,0.0,0.0,0,Not Verified
STU0111,Data Science,1.0,79.0,1.0,92.0,2.0,0.0,0.0,0.0,0,Not Verified
STU0111,FastAPI,1.0,81.0,0.0,0.0,0.0,0.0,0.0,0.0,0,Not Verified
STU0111,Git,0.0,0.0,0.0,0.0,0.0,0.0,0.0,0.0,0,Not Verified
STU0111,Docker,0.0,0.0,0.0,0.0,0.0,0.0,0.0,0.0,0,Not Verified
STU0111,C++,0.0,0.0,0.0,0.0,0.0,0.0,0.0,0.0,0,Not Verified
STU0111,HTML/CSS,0.0,0.0,0.0,0.0,0.0,0.0,0.0,0.0,0,Not Verified
STU0111,MongoDB,0.0,0.0,1.0,72.0,1.0,0.0,0.0,0.0,0,Not Verified
STU0111,Firebase,1.0,67.0,0.0,0.0,0.0,0.0,0.0,0.0,0,Not Verified
STU0112,Python,1.0,72.0,0.0,0.0,0.0,1.0,62.4,62.4,1,Beginner
STU0112,Java,0.0,0.0,0.0,0.0,0.0,0.0,0.0,0.0,0,Not Verified
STU0112,JavaScript,1.0,69.0,0.0,0.0,0.0,1.0,75.2,75.2,1,Intermediate
STU0112,React,0.0,0.0,1.0,18.0,2.0,0.0,0.0,0.0,0,Not Verified
STU0112,Node.js,1.0,56.0,2.0,154.0,2.0,0.0,0.0,0.0,0,Not Verified
STU0112,SQL,1.0,56.0,0.0,0.0,0.0,0.0,0.0,0.0,0,Not Verified
STU0112,Machine Learning,1.0,66.0,0.0,0.0,0.0,0.0,0.0,0.0,0,Not Verified
STU0112,Data Science,1.0,75.0,0.0,0.0,0.0,1.0,84.1,84.1,1,Advanced
STU0112,FastAPI,1.0,75.0,0.0,0.0,0.0,1.0,72.7,72.7,1,Intermediate
STU0112,Git,0.0,0.0,1.0,136.0,2.0,1.0,64.9,64.9,1,Beginner
STU0112,Docker,0.0,0.0,1.0,136.0,2.0,0.0,0.0,0.0,0,Not Verified
STU0112,C++,0.0,0.0,0.0,0.0,0.0,0.0,0.0,0.0,0,Not Verified
STU0112,HTML/CSS,1.0,87.0,0.0,0.0,0.0,0.0,0.0,0.0,0,Not Verified
STU0112,MongoDB,1.0,93.0,1.0,18.0,2.0,0.0,0.0,0.0,0,Not Verified
STU0112,Firebase,1.0,79.0,0.0,0.0,0.0,0.0,0.0,0.0,0,Not Verified
STU0113,Python,1.0,65.0,0.0,0.0,0.0,0.0,0.0,0.0,0,Not Verified
STU0113,Java,0.0,0.0,0.0,0.0,0.0,0.0,0.0,0.0,0,Not Verified
STU0113,JavaScript,0.0,0.0,1.0,14.0,2.0,0.0,0.0,0.0,0,Not Verified
STU0113,React,1.0,89.0,2.0,145.0,1.5,0.0,0.0,0.0,0,Not Verified
STU0113,Node.js,0.0,0.0,2.0,145.0,1.5,0.0,0.0,0.0,0,Not Verified
STU0113,SQL,1.0,70.0,1.0,14.0,2.0,0.0,0.0,0.0,0,Not Verified
STU0113,Machine Learning,0.0,0.0,0.0,0.0,0.0,0.0,0.0,0.0,0,Not Verified
STU0113,Data Science,1.0,70.0,0.0,0.0,0.0,0.0,0.0,0.0,0,Not Verified
STU0113,FastAPI,1.0,97.0,0.0,0.0,0.0,0.0,0.0,0.0,0,Not Verified
STU0113,Git,1.0,72.0,0.0,0.0,0.0,0.0,0.0,0.0,0,Not Verified
STU0113,Docker,0.0,0.0,0.0,0.0,0.0,0.0,0.0,0.0,0,Not Verified
STU0113,C++,0.0,0.0,0.0,0.0,0.0,0.0,0.0,0.0,0,Not Verified
STU0113,HTML/CSS,1.0,61.0,0.0,0.0,0.0,1.0,66.5,66.5,1,Beginner
STU0113,MongoDB,0.0,0.0,1.0,131.0,1.0,0.0,0.0,0.0,0,Not Verified
STU0113,Firebase,0.0,0.0,0.0,0.0,0.0,0.0,0.0,0.0,0,Not Verified
STU0114,Python,1.0,75.0,0.0,0.0,0.0,0.0,0.0,0.0,0,Not Verified
STU0114,Java,1.0,91.0,0.0,0.0,0.0,1.0,86.8,86.8,1,Advanced
STU0114,JavaScript,1.0,91.0,0.0,0.0,0.0,0.0,0.0,0.0,0,Not Verified
STU0114,React,1.0,92.0,0.0,0.0,0.0,0.0,0.0,0.0,0,Not Verified
STU0114,Node.js,1.0,67.0,0.0,0.0,0.0,0.0,0.0,0.0,0,Not Verified
STU0114,SQL,1.0,91.0,0.0,0.0,0.0,0.0,0.0,0.0,0,Not Verified
STU0114,Machine Learning,1.0,77.0,0.0,0.0,0.0,1.0,72.0,72.0,1,Intermediate
STU0114,Data Science,0.0,0.0,0.0,0.0,0.0,0.0,0.0,0.0,0,Not Verified
STU0114,FastAPI,1.0,64.0,0.0,0.0,0.0,0.0,0.0,0.0,0,Not Verified
STU0114,Git,1.0,56.0,0.0,0.0,0.0,0.0,0.0,0.0,0,Not Verified
STU0114,Docker,0.0,0.0,0.0,0.0,0.0,0.0,0.0,0.0,0,Not Verified
STU0114,C++,0.0,0.0,0.0,0.0,0.0,0.0,0.0,0.0,0,Not Verified
STU0114,HTML/CSS,1.0,77.0,0.0,0.0,0.0,0.0,0.0,0.0,0,Not Verified
STU0114,MongoDB,0.0,0.0,0.0,0.0,0.0,0.0,0.0,0.0,0,Not Verified
STU0114,Firebase,0.0,0.0,0.0,0.0,0.0,0.0,0.0,0.0,0,Not Verified
STU0115,Python,1.0,85.0,0.0,0.0,0.0,0.0,0.0,0.0,0,Not Verified
STU0115,Java,1.0,55.0,1.0,109.0,2.0,0.0,0.0,0.0,0,Not Verified
STU0115,JavaScript,1.0,56.0,0.0,0.0,0.0,0.0,0.0,0.0,0,Not Verified
STU0115,React,1.0,94.0,2.0,185.0,1.5,0.0,0.0,0.0,0,Not Verified
STU0115,Node.js,1.0,69.0,2.0,157.0,2.0,1.0,69.1,69.1,1,Intermediate
STU0115,SQL,0.0,0.0,1.0,109.0,2.0,0.0,0.0,0.0,0,Not Verified
STU0115,Machine Learning,0.0,0.0,0.0,0.0,0.0,2.0,72.05,72.05,1,Intermediate
STU0115,Data Science,1.0,88.0,0.0,0.0,0.0,0.0,0.0,0.0,0,Not Verified
STU0115,FastAPI,1.0,93.0,0.0,0.0,0.0,0.0,0.0,0.0,0,Not Verified
STU0115,Git,0.0,0.0,1.0,78.0,3.0,0.0,0.0,0.0,0,Not Verified
STU0115,Docker,1.0,76.0,1.0,78.0,3.0,0.0,0.0,0.0,0,Not Verified
STU0115,C++,0.0,0.0,0.0,0.0,0.0,0.0,0.0,0.0,0,Not Verified
STU0115,HTML/CSS,0.0,0.0,0.0,0.0,0.0,0.0,0.0,0.0,0,Not Verified
STU0115,MongoDB,0.0,0.0,1.0,79.0,1.0,0.0,0.0,0.0,0,Not Verified
STU0115,Firebase,0.0,0.0,1.0,106.0,2.0,1.0,83.6,83.6,1,Intermediate
STU0116,Python,0.0,0.0,0.0,0.0,0.0,0.0,0.0,0.0,0,Not Verified
STU0116,Java,0.0,0.0,0.0,0.0,0.0,0.0,0.0,0.0,0,Not Verified
STU0116,JavaScript,1.0,56.0,0.0,0.0,0.0,0.0,0.0,0.0,0,Not Verified
STU0116,React,0.0,0.0,1.0,62.0,2.0,0.0,0.0,0.0,0,Not Verified
STU0116,Node.js,0.0,0.0,1.0,62.0,2.0,1.0,72.3,72.3,1,Intermediate
STU0116,SQL,1.0,64.0,0.0,0.0,0.0,0.0,0.0,0.0,0,Not Verified
STU0116,Machine Learning,0.0,0.0,0.0,0.0,0.0,1.0,70.8,70.8,1,Intermediate
STU0116,Data Science,0.0,0.0,0.0,0.0,0.0,0.0,0.0,0.0,0,Not Verified
STU0116,FastAPI,0.0,0.0,0.0,0.0,0.0,0.0,0.0,0.0,0,Not Verified
STU0116,Git,0.0,0.0,0.0,0.0,0.0,0.0,0.0,0.0,0,Not Verified
STU0116,Docker,0.0,0.0,0.0,0.0,0.0,0.0,0.0,0.0,0,Not Verified
STU0116,C++,1.0,92.0,0.0,0.0,0.0,0.0,0.0,0.0,0,Not Verified
STU0116,HTML/CSS,1.0,58.0,0.0,0.0,0.0,0.0,0.0,0.0,0,Not Verified
STU0116,MongoDB,1.0,64.0,1.0,62.0,2.0,1.0,68.1,68.1,1,Beginner
STU0116,Firebase,1.0,62.0,0.0,0.0,0.0,0.0,0.0,0.0,0,Not Verified
STU0117,Python,0.0,0.0,0.0,0.0,0.0,0.0,0.0,0.0,0,Not Verified
STU0117,Java,1.0,65.0,0.0,0.0,0.0,0.0,0.0,0.0,0,Not Verified
STU0117,JavaScript,1.0,66.0,0.0,0.0,0.0,0.0,0.0,0.0,0,Not Verified
STU0117,React,0.0,0.0,0.0,0.0,0.0,1.0,82.5,82.5,1,Intermediate
STU0117,Node.js,0.0,0.0,0.0,0.0,0.0,0.0,0.0,0.0,0,Not Verified
STU0117,SQL,1.0,63.0,0.0,0.0,0.0,0.0,0.0,0.0,0,Not Verified
STU0117,Machine Learning,1.0,86.0,0.0,0.0,0.0,0.0,0.0,0.0,0,Not Verified
STU0117,Data Science,0.0,0.0,0.0,0.0,0.0,0.0,0.0,0.0,0,Not Verified
STU0117,FastAPI,0.0,0.0,0.0,0.0,0.0,0.0,0.0,0.0,0,Not Verified
STU0117,Git,0.0,0.0,0.0,0.0,0.0,0.0,0.0,0.0,0,Not Verified
STU0117,Docker,1.0,95.0,0.0,0.0,0.0,0.0,0.0,0.0,0,Not Verified
STU0117,C++,1.0,75.0,0.0,0.0,0.0,1.0,64.7,64.7,1,Beginner
STU0117,HTML/CSS,1.0,96.0,0.0,0.0,0.0,0.0,0.0,0.0,0,Not Verified
STU0117,MongoDB,1.0,75.0,0.0,0.0,0.0,0.0,0.0,0.0,0,Not Verified
STU0117,Firebase,1.0,82.0,0.0,0.0,0.0,0.0,0.0,0.0,0,Not Verified
STU0118,Python,0.0,0.0,1.0,63.0,1.0,0.0,0.0,0.0,0,Not Verified
STU0118,Java,0.0,0.0,0.0,0.0,0.0,0.0,0.0,0.0,0,Not Verified
STU0118,JavaScript,1.0,91.0,0.0,0.0,0.0,0.0,0.0,0.0,0,Not Verified
STU0118,React,1.0,91.0,0.0,0.0,0.0,0.0,0.0,0.0,0,Not Verified
STU0118,Node.js,0.0,0.0,0.0,0.0,0.0,0.0,0.0,0.0,0,Not Verified
STU0118,SQL,1.0,55.0,0.0,0.0,0.0,0.0,0.0,0.0,0,Not Verified
STU0118,Machine Learning,1.0,57.0,0.0,0.0,0.0,0.0,0.0,0.0,0,Not Verified
STU0118,Data Science,0.0,0.0,0.0,0.0,0.0,0.0,0.0,0.0,0,Not Verified
STU0118,FastAPI,1.0,73.0,0.0,0.0,0.0,0.0,0.0,0.0,0,Not Verified
STU0118,Git,1.0,66.0,0.0,0.0,0.0,0.0,0.0,0.0,0,Not Verified
STU0118,Docker,0.0,0.0,0.0,0.0,0.0,0.0,0.0,0.0,0,Not Verified
STU0118,C++,1.0,63.0,0.0,0.0,0.0,0.0,0.0,0.0,0,Not Verified
STU0118,HTML/CSS,1.0,80.0,0.0,0.0,0.0,0.0,0.0,0.0,0,Not Verified
STU0118,MongoDB,1.0,93.0,0.0,0.0,0.0,0.0,0.0,0.0,0,Not Verified
STU0118,Firebase,1.0,66.0,1.0,63.0,1.0,0.0,0.0,0.0,0,Not Verified
STU0119,Python,0.0,0.0,1.0,10.0,2.0,1.0,59.7,59.7,1,Beginner
STU0119,Java,1.0,75.0,0.0,0.0,0.0,0.0,0.0,0.0,0,Not Verified
STU0119,JavaScript,0.0,0.0,0.0,0.0,0.0,0.0,0.0,0.0,0,Not Verified
STU0119,React,1.0,59.0,0.0,0.0,0.0,0.0,0.0,0.0,0,Not Verified
STU0119,Node.js,0.0,0.0,0.0,0.0,0.0,0.0,0.0,0.0,0,Not Verified
STU0119,SQL,0.0,0.0,0.0,0.0,0.0,0.0,0.0,0.0,0,Not Verified
STU0119,Machine Learning,0.0,0.0,1.0,10.0,2.0,0.0,0.0,0.0,0,Not Verified
STU0119,Data Science,0.0,0.0,0.0,0.0,0.0,0.0,0.0,0.0,0,Not Verified
STU0119,FastAPI,0.0,0.0,1.0,10.0,2.0,0.0,0.0,0.0,0,Not Verified
STU0119,Git,1.0,76.0,0.0,0.0,0.0,0.0,0.0,0.0,0,Not Verified
STU0119,Docker,1.0,70.0,0.0,0.0,0.0,0.0,0.0,0.0,0,Not Verified
STU0119,C++,0.0,0.0,0.0,0.0,0.0,0.0,0.0,0.0,0,Not Verified
STU0119,HTML/CSS,1.0,64.0,0.0,0.0,0.0,0.0,0.0,0.0,0,Not Verified
STU0119,MongoDB,1.0,77.0,0.0,0.0,0.0,0.0,0.0,0.0,0,Not Verified
STU0119,Firebase,1.0,86.0,0.0,0.0,0.0,0.0,0.0,0.0,0,Not Verified
STU0120,Python,0.0,0.0,0.0,0.0,0.0,0.0,0.0,0.0,0,Not Verified
STU0120,Java,1.0,55.0,0.0,0.0,0.0,1.0,79.5,79.5,1,Intermediate
STU0120,JavaScript,0.0,0.0,0.0,0.0,0.0,0.0,0.0,0.0,0,Not Verified
STU0120,React,0.0,0.0,0.0,0.0,0.0,0.0,0.0,0.0,0,Not Verified
STU0120,Node.js,0.0,0.0,0.0,0.0,0.0,1.0,66.8,66.8,1,Beginner
STU0120,SQL,1.0,59.0,0.0,0.0,0.0,0.0,0.0,0.0,0,Not Verified
STU0120,Machine Learning,0.0,0.0,0.0,0.0,0.0,0.0,0.0,0.0,0,Not Verified
STU0120,Data Science,0.0,0.0,0.0,0.0,0.0,0.0,0.0,0.0,0,Not Verified
STU0120,FastAPI,0.0,0.0,0.0,0.0,0.0,0.0,0.0,0.0,0,Not Verified
STU0120,Git,0.0,0.0,0.0,0.0,0.0,0.0,0.0,0.0,0,Not Verified
STU0120,Docker,1.0,83.0,0.0,0.0,0.0,0.0,0.0,0.0,0,Not Verified
STU0120,C++,1.0,71.0,0.0,0.0,0.0,0.0,0.0,0.0,0,Not Verified
STU0120,HTML/CSS,1.0,70.0,0.0,0.0,0.0,0.0,0.0,0.0,0,Not Verified
STU0120,MongoDB,0.0,0.0,0.0,0.0,0.0,0.0,0.0,0.0,0,Not Verified
STU0120,Firebase,1.0,68.0,0.0,0.0,0.0,0.0,0.0,0.0,0,Not Verified
STU0121,Python,1.0,86.0,1.0,24.0,2.0,0.0,0.0,0.0,0,Not Verified
STU0121,Java,1.0,65.0,0.0,0.0,0.0,1.0,67.0,67.0,1,Beginner
STU0121,JavaScript,0.0,0.0,0.0,0.0,0.0,0.0,0.0,0.0,0,Not Verified
STU0121,React,0.0,0.0,0.0,0.0,0.0,1.0,84.4,84.4,1,Advanced
STU0121,Node.js,1.0,83.0,0.0,0.0,0.0,0.0,0.0,0.0,0,Not Verified
STU0121,SQL,0.0,0.0,0.0,0.0,0.0,0.0,0.0,0.0,0,Not Verified
STU0121,Machine Learning,1.0,77.0,1.0,24.0,2.0,0.0,0.0,0.0,0,Not Verified
STU0121,Data Science,0.0,0.0,0.0,0.0,0.0,0.0,0.0,0.0,0,Not Verified
STU0121,FastAPI,0.0,0.0,0.0,0.0,0.0,0.0,0.0,0.0,0,Not Verified
STU0121,Git,0.0,0.0,0.0,0.0,0.0,0.0,0.0,0.0,0,Not Verified
STU0121,Docker,1.0,79.0,0.0,0.0,0.0,0.0,0.0,0.0,0,Not Verified
STU0121,C++,1.0,81.0,0.0,0.0,0.0,0.0,0.0,0.0,0,Not Verified
STU0121,HTML/CSS,1.0,81.0,0.0,0.0,0.0,0.0,0.0,0.0,0,Not Verified
STU0121,MongoDB,0.0,0.0,0.0,0.0,0.0,1.0,67.0,67.0,1,Beginner
STU0121,Firebase,0.0,0.0,0.0,0.0,0.0,0.0,0.0,0.0,0,Not Verified
STU0122,Python,1.0,65.0,1.0,58.0,2.0,0.0,0.0,0.0,0,Not Verified
STU0122,Java,1.0,73.0,0.0,0.0,0.0,0.0,0.0,0.0,0,Not Verified
STU0122,JavaScript,1.0,59.0,0.0,0.0,0.0,1.0,66.0,66.0,1,Beginner
STU0122,React,1.0,61.0,0.0,0.0,0.0,0.0,0.0,0.0,0,Not Verified
STU0122,Node.js,0.0,0.0,0.0,0.0,0.0,0.0,0.0,0.0,0,Not Verified
STU0122,SQL,0.0,0.0,0.0,0.0,0.0,0.0,0.0,0.0,0,Not Verified
STU0122,Machine Learning,1.0,57.0,1.0,58.0,2.0,0.0,0.0,0.0,0,Not Verified
STU0122,Data Science,1.0,56.0,0.0,0.0,0.0,0.0,0.0,0.0,0,Not Verified
STU0122,FastAPI,0.0,0.0,1.0,58.0,2.0,2.0,64.35,64.35,1,Beginner
STU0122,Git,1.0,75.0,0.0,0.0,0.0,0.0,0.0,0.0,0,Not Verified
STU0122,Docker,1.0,71.0,0.0,0.0,0.0,0.0,0.0,0.0,0,Not Verified
STU0122,C++,0.0,0.0,0.0,0.0,0.0,0.0,0.0,0.0,0,Not Verified
STU0122,HTML/CSS,1.0,76.0,0.0,0.0,0.0,0.0,0.0,0.0,0,Not Verified
STU0122,MongoDB,0.0,0.0,0.0,0.0,0.0,0.0,0.0,0.0,0,Not Verified
STU0122,Firebase,0.0,0.0,0.0,0.0,0.0,0.0,0.0,0.0,0,Not Verified
STU0123,Python,1.0,61.0,1.0,101.0,2.0,0.0,0.0,0.0,0,Not Verified
STU0123,Java,1.0,65.0,0.0,0.0,0.0,0.0,0.0,0.0,0,Not Verified
STU0123,JavaScript,1.0,82.0,1.0,75.0,3.0,0.0,0.0,0.0,0,Not Verified
STU0123,React,0.0,0.0,1.0,75.0,3.0,0.0,0.0,0.0,0,Not Verified
STU0123,Node.js,0.0,0.0,1.0,75.0,3.0,0.0,0.0,0.0,0,Not Verified
STU0123,SQL,1.0,65.0,1.0,75.0,3.0,0.0,0.0,0.0,0,Not Verified
STU0123,Machine Learning,0.0,0.0,0.0,0.0,0.0,0.0,0.0,0.0,0,Not Verified
STU0123,Data Science,1.0,58.0,0.0,0.0,0.0,1.0,82.8,82.8,1,Intermediate
STU0123,FastAPI,1.0,93.0,0.0,0.0,0.0,0.0,0.0,0.0,0,Not Verified
STU0123,Git,0.0,0.0,0.0,0.0,0.0,0.0,0.0,0.0,0,Not Verified
STU0123,Docker,0.0,0.0,0.0,0.0,0.0,1.0,80.5,80.5,1,Intermediate
STU0123,C++,1.0,96.0,0.0,0.0,0.0,1.0,62.9,62.9,1,Beginner
STU0123,HTML/CSS,1.0,82.0,0.0,0.0,0.0,0.0,0.0,0.0,0,Not Verified
STU0123,MongoDB,0.0,0.0,0.0,0.0,0.0,0.0,0.0,0.0,0,Not Verified
STU0123,Firebase,0.0,0.0,1.0,101.0,2.0,0.0,0.0,0.0,0,Not Verified
STU0124,Python,0.0,0.0,1.0,13.0,1.0,0.0,0.0,0.0,0,Not Verified
STU0124,Java,0.0,0.0,0.0,0.0,0.0,1.0,74.3,74.3,1,Intermediate
STU0124,JavaScript,0.0,0.0,1.0,101.0,3.0,0.0,0.0,0.0,0,Not Verified
STU0124,React,1.0,97.0,0.0,0.0,0.0,2.0,60.6,60.6,1,Beginner
STU0124,Node.js,1.0,80.0,0.0,0.0,0.0,1.0,81.5,81.5,1,Intermediate
STU0124,SQL,0.0,0.0,0.0,0.0,0.0,0.0,0.0,0.0,0,Not Verified
STU0124,Machine Learning,1.0,74.0,1.0,13.0,1.0,0.0,0.0,0.0,0,Not Verified
STU0124,Data Science,0.0,0.0,0.0,0.0,0.0,0.0,0.0,0.0,0,Not Verified
STU0124,FastAPI,1.0,61.0,1.0,13.0,1.0,0.0,0.0,0.0,0,Not Verified
STU0124,Git,0.0,0.0,0.0,0.0,0.0,0.0,0.0,0.0,0,Not Verified
STU0124,Docker,1.0,58.0,0.0,0.0,0.0,0.0,0.0,0.0,0,Not Verified
STU0124,C++,1.0,70.0,0.0,0.0,0.0,0.0,0.0,0.0,0,Not Verified
STU0124,HTML/CSS,0.0,0.0,1.0,101.0,3.0,0.0,0.0,0.0,0,Not Verified
STU0124,MongoDB,0.0,0.0,0.0,0.0,0.0,0.0,0.0,0.0,0,Not Verified
STU0124,Firebase,1.0,73.0,0.0,0.0,0.0,1.0,68.5,68.5,1,Beginner
STU0125,Python,1.0,85.0,3.0,276.0,2.0,0.0,0.0,0.0,0,Not Verified
STU0125,Java,0.0,0.0,0.0,0.0,0.0,1.0,78.0,78.0,1,Intermediate
STU0125,JavaScript,1.0,93.0,0.0,0.0,0.0,0.0,0.0,0.0,0,Not Verified
STU0125,React,0.0,0.0,0.0,0.0,0.0,0.0,0.0,0.0,0,Not Verified
STU0125,Node.js,0.0,0.0,0.0,0.0,0.0,0.0,0.0,0.0,0,Not Verified
STU0125,SQL,1.0,67.0,1.0,68.0,3.0,0.0,0.0,0.0,0,Not Verified
STU0125,Machine Learning,1.0,56.0,2.0,208.0,1.5,0.0,0.0,0.0,0,Not Verified
STU0125,Data Science,1.0,95.0,2.0,132.0,2.5,1.0,70.6,70.6,1,Intermediate
STU0125,FastAPI,1.0,73.0,1.0,144.0,1.0,0.0,0.0,0.0,0,Not Verified
STU0125,Git,0.0,0.0,0.0,0.0,0.0,0.0,0.0,0.0,0,Not Verified
STU0125,Docker,1.0,61.0,0.0,0.0,0.0,1.0,83.0,83.0,1,Intermediate
STU0125,C++,0.0,0.0,0.0,0.0,0.0,0.0,0.0,0.0,0,Not Verified
STU0125,HTML/CSS,0.0,0.0,0.0,0.0,0.0,0.0,0.0,0.0,0,Not Verified
STU0125,MongoDB,1.0,97.0,0.0,0.0,0.0,0.0,0.0,0.0,0,Not Verified
STU0125,Firebase,1.0,68.0,0.0,0.0,0.0,0.0,0.0,0.0,0,Not Verified
STU0126,Python,0.0,0.0,0.0,0.0,0.0,0.0,0.0,0.0,0,Not Verified
STU0126,Java,1.0,86.0,0.0,0.0,0.0,0.0,0.0,0.0,0,Not Verified
STU0126,JavaScript,0.0,0.0,1.0,100.0,1.0,0.0,0.0,0.0,0,Not Verified
STU0126,React,0.0,0.0,1.0,100.0,1.0,0.0,0.0,0.0,0,Not Verified
STU0126,Node.js,1.0,85.0,1.0,100.0,1.0,0.0,0.0,0.0,0,Not Verified
STU0126,SQL,0.0,0.0,1.0,100.0,1.0,0.0,0.0,0.0,0,Not Verified
STU0126,Machine Learning,0.0,0.0,0.0,0.0,0.0,0.0,0.0,0.0,0,Not Verified
STU0126,Data Science,1.0,97.0,0.0,0.0,0.0,0.0,0.0,0.0,0,Not Verified
STU0126,FastAPI,0.0,0.0,0.0,0.0,0.0,0.0,0.0,0.0,0,Not Verified
STU0126,Git,0.0,0.0,0.0,0.0,0.0,0.0,0.0,0.0,0,Not Verified
STU0126,Docker,1.0,80.0,0.0,0.0,0.0,0.0,0.0,0.0,0,Not Verified
STU0126,C++,0.0,0.0,0.0,0.0,0.0,1.0,70.3,70.3,1,Intermediate
STU0126,HTML/CSS,1.0,71.0,0.0,0.0,0.0,1.0,73.5,73.5,1,Intermediate
STU0126,MongoDB,1.0,60.0,0.0,0.0,0.0,1.0,64.8,64.8,1,Beginner
STU0126,Firebase,0.0,0.0,0.0,0.0,0.0,0.0,0.0,0.0,0,Not Verified
STU0127,Python,1.0,97.0,1.0,13.0,3.0,0.0,0.0,0.0,0,Not Verified
STU0127,Java,0.0,0.0,0.0,0.0,0.0,0.0,0.0,0.0,0,Not Verified
STU0127,JavaScript,1.0,71.0,0.0,0.0,0.0,1.0,70.4,70.4,1,Intermediate
STU0127,React,0.0,0.0,0.0,0.0,0.0,0.0,0.0,0.0,0,Not Verified
STU0127,Node.js,0.0,0.0,0.0,0.0,0.0,0.0,0.0,0.0,0,Not Verified
STU0127,SQL,1.0,69.0,1.0,13.0,3.0,1.0,74.2,74.2,1,Intermediate
STU0127,Machine Learning,1.0,84.0,0.0,0.0,0.0,1.0,66.2,66.2,1,Beginner
STU0127,Data Science,1.0,64.0,1.0,13.0,3.0,0.0,0.0,0.0,0,Not Verified
STU0127,FastAPI,1.0,83.0,0.0,0.0,0.0,0.0,0.0,0.0,0,Not Verified
STU0127,Git,0.0,0.0,0.0,0.0,0.0,0.0,0.0,0.0,0,Not Verified
STU0127,Docker,0.0,0.0,0.0,0.0,0.0,0.0,0.0,0.0,0,Not Verified
STU0127,C++,1.0,91.0,0.0,0.0,0.0,1.0,65.9,65.9,1,Beginner
STU0127,HTML/CSS,1.0,58.0,0.0,0.0,0.0,0.0,0.0,0.0,0,Not Verified
STU0127,MongoDB,1.0,72.0,0.0,0.0,0.0,0.0,0.0,0.0,0,Not Verified
STU0127,Firebase,1.0,61.0,0.0,0.0,0.0,0.0,0.0,0.0,0,Not Verified
STU0128,Python,0.0,0.0,1.0,148.0,2.0,1.0,69.4,69.4,1,Intermediate
STU0128,Java,0.0,0.0,1.0,79.0,2.0,0.0,0.0,0.0,0,Not Verified
STU0128,JavaScript,0.0,0.0,0.0,0.0,0.0,0.0,0.0,0.0,0,Not Verified
STU0128,React,0.0,0.0,0.0,0.0,0.0,0.0,0.0,0.0,0,Not Verified
STU0128,Node.js,0.0,0.0,0.0,0.0,0.0,0.0,0.0,0.0,0,Not Verified
STU0128,SQL,1.0,69.0,1.0,79.0,2.0,1.0,67.9,67.9,1,Beginner
STU0128,Machine Learning,1.0,79.0,1.0,148.0,2.0,0.0,0.0,0.0,0,Not Verified
STU0128,Data Science,0.0,0.0,0.0,0.0,0.0,0.0,0.0,0.0,0,Not Verified
STU0128,FastAPI,1.0,58.0,0.0,0.0,0.0,0.0,0.0,0.0,0,Not Verified
STU0128,Git,0.0,0.0,0.0,0.0,0.0,0.0,0.0,0.0,0,Not Verified
STU0128,Docker,1.0,92.0,0.0,0.0,0.0,1.0,64.1,64.1,1,Beginner
STU0128,C++,0.0,0.0,0.0,0.0,0.0,0.0,0.0,0.0,0,Not Verified
STU0128,HTML/CSS,1.0,90.0,0.0,0.0,0.0,0.0,0.0,0.0,0,Not Verified
STU0128,MongoDB,0.0,0.0,0.0,0.0,0.0,2.0,77.7,77.7,1,Intermediate
STU0128,Firebase,0.0,0.0,0.0,0.0,0.0,0.0,0.0,0.0,0,Not Verified
STU0129,Python,1.0,64.0,0.0,0.0,0.0,0.0,0.0,0.0,0,Not Verified
STU0129,Java,0.0,0.0,0.0,0.0,0.0,0.0,0.0,0.0,0,Not Verified
STU0129,JavaScript,0.0,0.0,1.0,88.0,2.0,0.0,0.0,0.0,0,Not Verified
STU0129,React,1.0,91.0,1.0,88.0,2.0,0.0,0.0,0.0,0,Not Verified
STU0129,Node.js,1.0,94.0,1.0,88.0,2.0,0.0,0.0,0.0,0,Not Verified
STU0129,SQL,0.0,0.0,1.0,88.0,2.0,0.0,0.0,0.0,0,Not Verified
STU0129,Machine Learning,1.0,80.0,0.0,0.0,0.0,0.0,0.0,0.0,0,Not Verified
STU0129,Data Science,1.0,91.0,0.0,0.0,0.0,0.0,0.0,0.0,0,Not Verified
STU0129,FastAPI,1.0,57.0,0.0,0.0,0.0,0.0,0.0,0.0,0,Not Verified
STU0129,Git,1.0,88.0,0.0,0.0,0.0,0.0,0.0,0.0,0,Not Verified
STU0129,Docker,1.0,87.0,0.0,0.0,0.0,0.0,0.0,0.0,0,Not Verified
STU0129,C++,1.0,98.0,0.0,0.0,0.0,0.0,0.0,0.0,0,Not Verified
STU0129,HTML/CSS,0.0,0.0,0.0,0.0,0.0,0.0,0.0,0.0,0,Not Verified
STU0129,MongoDB,0.0,0.0,0.0,0.0,0.0,0.0,0.0,0.0,0,Not Verified
STU0129,Firebase,0.0,0.0,0.0,0.0,0.0,0.0,0.0,0.0,0,Not Verified
STU0130,Python,0.0,0.0,2.0,213.0,1.0,0.0,0.0,0.0,0,Not Verified
STU0130,Java,0.0,0.0,0.0,0.0,0.0,0.0,0.0,0.0,0,Not Verified
STU0130,JavaScript,1.0,57.0,0.0,0.0,0.0,0.0,0.0,0.0,0,Not Verified
STU0130,React,1.0,60.0,2.0,224.0,3.0,0.0,0.0,0.0,0,Not Verified
STU0130,Node.js,0.0,0.0,2.0,224.0,3.0,3.0,71.06666666666666,71.06666666666666,1,Intermediate
STU0130,SQL,0.0,0.0,1.0,123.0,1.0,0.0,0.0,0.0,0,Not Verified
STU0130,Machine Learning,0.0,0.0,0.0,0.0,0.0,0.0,0.0,0.0,0,Not Verified
STU0130,Data Science,1.0,63.0,1.0,123.0,1.0,1.0,54.5,54.5,1,Beginner
STU0130,FastAPI,0.0,0.0,0.0,0.0,0.0,0.0,0.0,0.0,0,Not Verified
STU0130,Git,0.0,0.0,0.0,0.0,0.0,0.0,0.0,0.0,0,Not Verified
STU0130,Docker,0.0,0.0,0.0,0.0,0.0,1.0,67.4,67.4,1,Beginner
STU0130,C++,0.0,0.0,0.0,0.0,0.0,0.0,0.0,0.0,0,Not Verified
STU0130,HTML/CSS,1.0,67.0,0.0,0.0,0.0,0.0,0.0,0.0,0,Not Verified
STU0130,MongoDB,0.0,0.0,2.0,224.0,3.0,0.0,0.0,0.0,0,Not Verified
STU0130,Firebase,1.0,82.0,1.0,90.0,1.0,0.0,0.0,0.0,0,Not Verified
STU0131,Python,1.0,94.0,0.0,0.0,0.0,0.0,0.0,0.0,0,Not Verified
STU0131,Java,1.0,55.0,0.0,0.0,0.0,0.0,0.0,0.0,0,Not Verified
STU0131,JavaScript,1.0,75.0,0.0,0.0,0.0,0.0,0.0,0.0,0,Not Verified
STU0131,React,1.0,80.0,0.0,0.0,0.0,0.0,0.0,0.0,0,Not Verified
STU0131,Node.js,1.0,88.0,1.0,54.0,1.0,0.0,0.0,0.0,0,Not Verified
STU0131,SQL,1.0,84.0,0.0,0.0,0.0,1.0,63.4,63.4,1,Beginner
STU0131,Machine Learning,1.0,90.0,0.0,0.0,0.0,0.0,0.0,0.0,0,Not Verified
STU0131,Data Science,0.0,0.0,0.0,0.0,0.0,0.0,0.0,0.0,0,Not Verified
STU0131,FastAPI,0.0,0.0,0.0,0.0,0.0,0.0,0.0,0.0,0,Not Verified
STU0131,Git,1.0,72.0,1.0,54.0,1.0,0.0,0.0,0.0,0,Not Verified
STU0131,Docker,1.0,90.0,1.0,54.0,1.0,0.0,0.0,0.0,0,Not Verified
STU0131,C++,0.0,0.0,0.0,0.0,0.0,1.0,70.7,70.7,1,Intermediate
STU0131,HTML/CSS,0.0,0.0,0.0,0.0,0.0,0.0,0.0,0.0,0,Not Verified
STU0131,MongoDB,1.0,92.0,0.0,0.0,0.0,1.0,66.2,66.2,1,Beginner
STU0131,Firebase,0.0,0.0,0.0,0.0,0.0,0.0,0.0,0.0,0,Not Verified
STU0132,Python,0.0,0.0,0.0,0.0,0.0,1.0,78.1,78.1,1,Intermediate
STU0132,Java,1.0,89.0,0.0,0.0,0.0,0.0,0.0,0.0,0,Not Verified
STU0132,JavaScript,1.0,81.0,0.0,0.0,0.0,1.0,61.1,61.1,1,Beginner
STU0132,React,0.0,0.0,0.0,0.0,0.0,0.0,0.0,0.0,0,Not Verified
STU0132,Node.js,1.0,86.0,0.0,0.0,0.0,0.0,0.0,0.0,0,Not Verified
STU0132,SQL,0.0,0.0,0.0,0.0,0.0,0.0,0.0,0.0,0,Not Verified
STU0132,Machine Learning,1.0,73.0,0.0,0.0,0.0,0.0,0.0,0.0,0,Not Verified
STU0132,Data Science,0.0,0.0,0.0,0.0,0.0,0.0,0.0,0.0,0,Not Verified
STU0132,FastAPI,1.0,96.0,0.0,0.0,0.0,0.0,0.0,0.0,0,Not Verified
STU0132,Git,0.0,0.0,0.0,0.0,0.0,0.0,0.0,0.0,0,Not Verified
STU0132,Docker,1.0,71.0,0.0,0.0,0.0,0.0,0.0,0.0,0,Not Verified
STU0132,C++,0.0,0.0,0.0,0.0,0.0,0.0,0.0,0.0,0,Not Verified
STU0132,HTML/CSS,1.0,61.0,0.0,0.0,0.0,1.0,49.0,49.0,0,Not Verified
STU0132,MongoDB,1.0,77.0,0.0,0.0,0.0,0.0,0.0,0.0,0,Not Verified
STU0132,Firebase,1.0,79.0,0.0,0.0,0.0,1.0,78.5,78.5,1,Intermediate
STU0133,Python,1.0,70.0,2.0,108.0,1.5,1.0,83.4,83.4,1,Intermediate
STU0133,Java,0.0,0.0,1.0,37.0,3.0,0.0,0.0,0.0,0,Not Verified
STU0133,JavaScript,1.0,58.0,0.0,0.0,0.0,1.0,76.9,76.9,1,Intermediate
STU0133,React,0.0,0.0,0.0,0.0,0.0,0.0,0.0,0.0,0,Not Verified
STU0133,Node.js,1.0,85.0,0.0,0.0,0.0,1.0,69.6,69.6,1,Intermediate
STU0133,SQL,0.0,0.0,2.0,108.0,2.0,0.0,0.0,0.0,0,Not Verified
STU0133,Machine Learning,1.0,72.0,1.0,37.0,2.0,0.0,0.0,0.0,0,Not Verified
STU0133,Data Science,1.0,76.0,1.0,71.0,1.0,1.0,73.2,73.2,1,Intermediate
STU0133,FastAPI,0.0,0.0,1.0,37.0,2.0,0.0,0.0,0.0,0,Not Verified
STU0133,Git,1.0,80.0,0.0,0.0,0.0,0.0,0.0,0.0,0,Not Verified
STU0133,Docker,0.0,0.0,0.0,0.0,0.0,0.0,0.0,0.0,0,Not Verified
STU0133,C++,1.0,78.0,0.0,0.0,0.0,0.0,0.0,0.0,0,Not Verified
STU0133,HTML/CSS,1.0,76.0,0.0,0.0,0.0,0.0,0.0,0.0,0,Not Verified
STU0133,MongoDB,0.0,0.0,0.0,0.0,0.0,0.0,0.0,0.0,0,Not Verified
STU0133,Firebase,1.0,56.0,0.0,0.0,0.0,0.0,0.0,0.0,0,Not Verified
STU0134,Python,0.0,0.0,1.0,110.0,2.0,0.0,0.0,0.0,0,Not Verified
STU0134,Java,1.0,81.0,1.0,107.0,1.0,0.0,0.0,0.0,0,Not Verified
STU0134,JavaScript,0.0,0.0,0.0,0.0,0.0,0.0,0.0,0.0,0,Not Verified
STU0134,React,1.0,93.0,0.0,0.0,0.0,0.0,0.0,0.0,0,Not Verified
STU0134,Node.js,1.0,63.0,0.0,0.0,0.0,0.0,0.0,0.0,0,Not Verified
STU0134,SQL,0.0,0.0,1.0,107.0,1.0,0.0,0.0,0.0,0,Not Verified
STU0134,Machine Learning,0.0,0.0,1.0,110.0,2.0,0.0,0.0,0.0,0,Not Verified
STU0134,Data Science,1.0,83.0,0.0,0.0,0.0,0.0,0.0,0.0,0,Not Verified
STU0134,FastAPI,0.0,0.0,1.0,110.0,2.0,0.0,0.0,0.0,0,Not Verified
STU0134,Git,0.0,0.0,0.0,0.0,0.0,0.0,0.0,0.0,0,Not Verified
STU0134,Docker,1.0,72.0,0.0,0.0,0.0,1.0,78.0,78.0,1,Intermediate
STU0134,C++,1.0,75.0,0.0,0.0,0.0,0.0,0.0,0.0,0,Not Verified
STU0134,HTML/CSS,0.0,0.0,0.0,0.0,0.0,0.0,0.0,0.0,0,Not Verified
STU0134,MongoDB,0.0,0.0,0.0,0.0,0.0,0.0,0.0,0.0,0,Not Verified
STU0134,Firebase,1.0,74.0,0.0,0.0,0.0,0.0,0.0,0.0,0,Not Verified
STU0135,Python,1.0,56.0,0.0,0.0,0.0,0.0,0.0,0.0,0,Not Verified
STU0135,Java,1.0,87.0,0.0,0.0,0.0,0.0,0.0,0.0,0,Not Verified
STU0135,JavaScript,0.0,0.0,1.0,76.0,2.0,0.0,0.0,0.0,0,Not Verified
STU0135,React,1.0,65.0,1.0,76.0,2.0,0.0,0.0,0.0,0,Not Verified
STU0135,Node.js,0.0,0.0,2.0,104.0,2.0,1.0,68.7,68.7,1,Beginner
STU0135,SQL,1.0,88.0,1.0,76.0,2.0,0.0,0.0,0.0,0,Not Verified
STU0135,Machine Learning,1.0,87.0,0.0,0.0,0.0,0.0,0.0,0.0,0,Not Verified
STU0135,Data Science,1.0,59.0,0.0,0.0,0.0,0.0,0.0,0.0,0,Not Verified
STU0135,FastAPI,1.0,63.0,0.0,0.0,0.0,1.0,73.6,73.6,1,Intermediate
STU0135,Git,0.0,0.0,1.0,28.0,2.0,0.0,0.0,0.0,0,Not Verified
STU0135,Docker,1.0,91.0,1.0,28.0,2.0,1.0,64.2,64.2,1,Beginner
STU0135,C++,0.0,0.0,0.0,0.0,0.0,0.0,0.0,0.0,0,Not Verified
STU0135,HTML/CSS,1.0,80.0,0.0,0.0,0.0,1.0,72.3,72.3,1,Intermediate
STU0135,MongoDB,1.0,74.0,0.0,0.0,0.0,0.0,0.0,0.0,0,Not Verified
STU0135,Firebase,0.0,0.0,0.0,0.0,0.0,0.0,0.0,0.0,0,Not Verified
STU0136,Python,1.0,67.0,0.0,0.0,0.0,1.0,56.0,56.0,1,Beginner
STU0136,Java,0.0,0.0,0.0,0.0,0.0,1.0,61.3,61.3,1,Beginner
STU0136,JavaScript,0.0,0.0,1.0,23.0,3.0,0.0,0.0,0.0,0,Not Verified
STU0136,React,1.0,84.0,1.0,23.0,3.0,0.0,0.0,0.0,0,Not Verified
STU0136,Node.js,0.0,0.0,1.0,23.0,3.0,1.0,78.5,78.5,1,Intermediate
STU0136,SQL,0.0,0.0,1.0,23.0,3.0,0.0,0.0,0.0,0,Not Verified
STU0136,Machine Learning,0.0,0.0,0.0,0.0,0.0,0.0,0.0,0.0,0,Not Verified
STU0136,Data Science,0.0,0.0,0.0,0.0,0.0,0.0,0.0,0.0,0,Not Verified
STU0136,FastAPI,0.0,0.0,0.0,0.0,0.0,1.0,80.7,80.7,1,Intermediate
STU0136,Git,0.0,0.0,0.0,0.0,0.0,0.0,0.0,0.0,0,Not Verified
STU0136,Docker,0.0,0.0,0.0,0.0,0.0,0.0,0.0,0.0,0,Not Verified
STU0136,C++,1.0,78.0,0.0,0.0,0.0,0.0,0.0,0.0,0,Not Verified
STU0136,HTML/CSS,1.0,72.0,0.0,0.0,0.0,0.0,0.0,0.0,0,Not Verified
STU0136,MongoDB,1.0,58.0,0.0,0.0,0.0,0.0,0.0,0.0,0,Not Verified
STU0136,Firebase,1.0,78.0,0.0,0.0,0.0,2.0,75.7,75.7,1,Intermediate
STU0137,Python,1.0,92.0,0.0,0.0,0.0,0.0,0.0,0.0,0,Not Verified
STU0137,Java,1.0,66.0,0.0,0.0,0.0,0.0,0.0,0.0,0,Not Verified
STU0137,JavaScript,0.0,0.0,0.0,0.0,0.0,0.0,0.0,0.0,0,Not Verified
STU0137,React,1.0,90.0,0.0,0.0,0.0,0.0,0.0,0.0,0,Not Verified
STU0137,Node.js,0.0,0.0,0.0,0.0,0.0,0.0,0.0,0.0,0,Not Verified
STU0137,SQL,1.0,77.0,0.0,0.0,0.0,0.0,0.0,0.0,0,Not Verified
STU0137,Machine Learning,1.0,93.0,0.0,0.0,0.0,1.0,63.0,63.0,1,Beginner
STU0137,Data Science,0.0,0.0,0.0,0.0,0.0,0.0,0.0,0.0,0,Not Verified
STU0137,FastAPI,1.0,86.0,0.0,0.0,0.0,0.0,0.0,0.0,0,Not Verified
STU0137,Git,0.0,0.0,0.0,0.0,0.0,0.0,0.0,0.0,0,Not Verified
STU0137,Docker,1.0,83.0,0.0,0.0,0.0,0.0,0.0,0.0,0,Not Verified
STU0137,C++,0.0,0.0,0.0,0.0,0.0,1.0,82.1,82.1,1,Intermediate
STU0137,HTML/CSS,1.0,85.0,0.0,0.0,0.0,0.0,0.0,0.0,0,Not Verified
STU0137,MongoDB,0.0,0.0,0.0,0.0,0.0,0.0,0.0,0.0,0,Not Verified
STU0137,Firebase,0.0,0.0,0.0,0.0,0.0,0.0,0.0,0.0,0,Not Verified
STU0138,Python,1.0,96.0,1.0,44.0,1.0,0.0,0.0,0.0,0,Not Verified
STU0138,Java,1.0,68.0,0.0,0.0,0.0,0.0,0.0,0.0,0,Not Verified
STU0138,JavaScript,1.0,79.0,0.0,0.0,0.0,0.0,0.0,0.0,0,Not Verified
STU0138,React,0.0,0.0,0.0,0.0,0.0,0.0,0.0,0.0,0,Not Verified
STU0138,Node.js,1.0,65.0,0.0,0.0,0.0,0.0,0.0,0.0,0,Not Verified
STU0138,SQL,0.0,0.0,1.0,44.0,1.0,0.0,0.0,0.0,0,Not Verified
STU0138,Machine Learning,0.0,0.0,0.0,0.0,0.0,0.0,0.0,0.0,0,Not Verified
STU0138,Data Science,0.0,0.0,1.0,44.0,1.0,1.0,55.0,55.0,1,Beginner
STU0138,FastAPI,0.0,0.0,0.0,0.0,0.0,0.0,0.0,0.0,0,Not Verified
STU0138,Git,0.0,0.0,0.0,0.0,0.0,1.0,56.9,56.9,1,Beginner
STU0138,Docker,0.0,0.0,0.0,0.0,0.0,1.0,79.2,79.2,1,Intermediate
STU0138,C++,1.0,91.0,0.0,0.0,0.0,0.0,0.0,0.0,0,Not Verified
STU0138,HTML/CSS,1.0,69.0,0.0,0.0,0.0,1.0,67.9,67.9,1,Beginner
STU0138,MongoDB,1.0,58.0,0.0,0.0,0.0,0.0,0.0,0.0,0,Not Verified
STU0138,Firebase,0.0,0.0,0.0,0.0,0.0,0.0,0.0,0.0,0,Not Verified
STU0139,Python,0.0,0.0,0.0,0.0,0.0,0.0,0.0,0.0,0,Not Verified
STU0139,Java,0.0,0.0,0.0,0.0,0.0,0.0,0.0,0.0,0,Not Verified
STU0139,JavaScript,0.0,0.0,0.0,0.0,0.0,0.0,0.0,0.0,0,Not Verified
STU0139,React,1.0,98.0,1.0,31.0,2.0,0.0,0.0,0.0,0,Not Verified
STU0139,Node.js,1.0,55.0,1.0,31.0,2.0,0.0,0.0,0.0,0,Not Verified
STU0139,SQL,0.0,0.0,0.0,0.0,0.0,0.0,0.0,0.0,0,Not Verified
STU0139,Machine Learning,1.0,63.0,0.0,0.0,0.0,0.0,0.0,0.0,0,Not Verified
STU0139,Data Science,0.0,0.0,0.0,0.0,0.0,0.0,0.0,0.0,0,Not Verified
STU0139,FastAPI,1.0,96.0,0.0,0.0,0.0,0.0,0.0,0.0,0,Not Verified
STU0139,Git,0.0,0.0,0.0,0.0,0.0,0.0,0.0,0.0,0,Not Verified
STU0139,Docker,1.0,56.0,0.0,0.0,0.0,0.0,0.0,0.0,0,Not Verified
STU0139,C++,0.0,0.0,0.0,0.0,0.0,0.0,0.0,0.0,0,Not Verified
STU0139,HTML/CSS,0.0,0.0,0.0,0.0,0.0,1.0,87.9,87.9,1,Advanced
STU0139,MongoDB,0.0,0.0,1.0,31.0,2.0,1.0,75.8,75.8,1,Intermediate
STU0139,Firebase,1.0,85.0,0.0,0.0,0.0,1.0,49.4,49.4,0,Beginner
STU0140,Python,1.0,72.0,1.0,127.0,1.0,0.0,0.0,0.0,0,Not Verified
STU0140,Java,0.0,0.0,1.0,32.0,2.0,0.0,0.0,0.0,0,Not Verified
STU0140,JavaScript,0.0,0.0,1.0,37.0,2.0,1.0,76.2,76.2,1,Intermediate
STU0140,React,1.0,82.0,2.0,138.0,1.5,0.0,0.0,0.0,0,Not Verified
STU0140,Node.js,1.0,79.0,2.0,138.0,1.5,0.0,0.0,0.0,0,Not Verified
STU0140,SQL,0.0,0.0,2.0,69.0,2.0,0.0,0.0,0.0,0,Not Verified
STU0140,Machine Learning,0.0,0.0,1.0,127.0,1.0,1.0,63.2,63.2,1,Beginner
STU0140,Data Science,0.0,0.0,0.0,0.0,0.0,0.0,0.0,0.0,0,Not Verified
STU0140,FastAPI,0.0,0.0,1.0,127.0,1.0,0.0,0.0,0.0,0,Not Verified
STU0140,Git,1.0,74.0,0.0,0.0,0.0,0.0,0.0,0.0,0,Not Verified
STU0140,Docker,0.0,0.0,0.0,0.0,0.0,0.0,0.0,0.0,0,Not Verified
STU0140,C++,0.0,0.0,0.0,0.0,0.0,0.0,0.0,0.0,0,Not Verified
STU0140,HTML/CSS,1.0,96.0,0.0,0.0,0.0,0.0,0.0,0.0,0,Not Verified
STU0140,MongoDB,0.0,0.0,1.0,101.0,1.0,0.0,0.0,0.0,0,Not Verified
STU0140,Firebase,1.0,77.0,0.0,0.0,0.0,0.0,0.0,0.0,0,Not Verified
STU0141,Python,0.0,0.0,0.0,0.0,0.0,0.0,0.0,0.0,0,Not Verified
STU0141,Java,1.0,93.0,1.0,32.0,2.0,0.0,0.0,0.0,0,Not Verified
STU0141,JavaScript,0.0,0.0,0.0,0.0,0.0,0.0,0.0,0.0,0,Not Verified
STU0141,React,1.0,87.0,2.0,123.0,3.0,0.0,0.0,0.0,0,Not Verified
STU0141,Node.js,1.0,55.0,1.0,83.0,3.0,1.0,63.6,63.6,1,Beginner
STU0141,SQL,0.0,0.0,1.0,32.0,2.0,0.0,0.0,0.0,0,Not Verified
STU0141,Machine Learning,1.0,93.0,0.0,0.0,0.0,0.0,0.0,0.0,0,Not Verified
STU0141,Data Science,1.0,97.0,0.0,0.0,0.0,0.0,0.0,0.0,0,Not Verified
STU0141,FastAPI,1.0,96.0,0.0,0.0,0.0,0.0,0.0,0.0,0,Not Verified
STU0141,Git,0.0,0.0,0.0,0.0,0.0,0.0,0.0,0.0,0,Not Verified
STU0141,Docker,1.0,90.0,0.0,0.0,0.0,1.0,84.7,84.7,1,Advanced
STU0141,C++,0.0,0.0,0.0,0.0,0.0,0.0,0.0,0.0,0,Not Verified
STU0141,HTML/CSS,0.0,0.0,0.0,0.0,0.0,0.0,0.0,0.0,0,Not Verified
STU0141,MongoDB,0.0,0.0,1.0,83.0,3.0,0.0,0.0,0.0,0,Not Verified
STU0141,Firebase,1.0,78.0,1.0,40.0,3.0,0.0,0.0,0.0,0,Not Verified
STU0142,Python,0.0,0.0,0.0,0.0,0.0,0.0,0.0,0.0,0,Not Verified
STU0142,Java,1.0,72.0,0.0,0.0,0.0,0.0,0.0,0.0,0,Not Verified
STU0142,JavaScript,0.0,0.0,0.0,0.0,0.0,0.0,0.0,0.0,0,Not Verified
STU0142,React,0.0,0.0,0.0,0.0,0.0,0.0,0.0,0.0,0,Not Verified
STU0142,Node.js,1.0,95.0,0.0,0.0,0.0,0.0,0.0,0.0,0,Not Verified
STU0142,SQL,1.0,96.0,0.0,0.0,0.0,1.0,78.9,78.9,1,Intermediate
STU0142,Machine Learning,0.0,0.0,0.0,0.0,0.0,0.0,0.0,0.0,0,Not Verified
STU0142,Data Science,1.0,71.0,0.0,0.0,0.0,0.0,0.0,0.0,0,Not Verified
STU0142,FastAPI,0.0,0.0,0.0,0.0,0.0,0.0,0.0,0.0,0,Not Verified
STU0142,Git,0.0,0.0,0.0,0.0,0.0,0.0,0.0,0.0,0,Not Verified
STU0142,Docker,1.0,75.0,0.0,0.0,0.0,0.0,0.0,0.0,0,Not Verified
STU0142,C++,0.0,0.0,0.0,0.0,0.0,0.0,0.0,0.0,0,Not Verified
STU0142,HTML/CSS,1.0,96.0,0.0,0.0,0.0,0.0,0.0,0.0,0,Not Verified
STU0142,MongoDB,0.0,0.0,0.0,0.0,0.0,0.0,0.0,0.0,0,Not Verified
STU0142,Firebase,1.0,74.0,0.0,0.0,0.0,0.0,0.0,0.0,0,Not Verified
STU0143,Python,1.0,63.0,0.0,0.0,0.0,1.0,75.1,75.1,1,Intermediate
STU0143,Java,0.0,0.0,1.0,83.0,3.0,0.0,0.0,0.0,0,Not Verified
STU0143,JavaScript,1.0,80.0,0.0,0.0,0.0,0.0,0.0,0.0,0,Not Verified
STU0143,React,1.0,98.0,0.0,0.0,0.0,0.0,0.0,0.0,0,Not Verified
STU0143,Node.js,0.0,0.0,0.0,0.0,0.0,0.0,0.0,0.0,0,Not Verified
STU0143,SQL,0.0,0.0,1.0,83.0,3.0,0.0,0.0,0.0,0,Not Verified
STU0143,Machine Learning,0.0,0.0,0.0,0.0,0.0,1.0,66.0,66.0,1,Beginner
STU0143,Data Science,0.0,0.0,0.0,0.0,0.0,0.0,0.0,0.0,0,Not Verified
STU0143,FastAPI,1.0,97.0,0.0,0.0,0.0,0.0,0.0,0.0,0,Not Verified
STU0143,Git,1.0,56.0,0.0,0.0,0.0,0.0,0.0,0.0,0,Not Verified
STU0143,Docker,0.0,0.0,0.0,0.0,0.0,0.0,0.0,0.0,0,Not Verified
STU0143,C++,0.0,0.0,0.0,0.0,0.0,0.0,0.0,0.0,0,Not Verified
STU0143,HTML/CSS,1.0,75.0,0.0,0.0,0.0,0.0,0.0,0.0,0,Not Verified
STU0143,MongoDB,0.0,0.0,0.0,0.0,0.0,0.0,0.0,0.0,0,Not Verified
STU0143,Firebase,0.0,0.0,0.0,0.0,0.0,0.0,0.0,0.0,0,Not Verified
STU0144,Python,1.0,77.0,0.0,0.0,0.0,0.0,0.0,0.0,0,Not Verified
STU0144,Java,0.0,0.0,0.0,0.0,0.0,1.0,59.6,59.6,1,Beginner
STU0144,JavaScript,1.0,74.0,0.0,0.0,0.0,0.0,0.0,0.0,0,Not Verified
STU0144,React,1.0,87.0,0.0,0.0,0.0,0.0,0.0,0.0,0,Not Verified
STU0144,Node.js,1.0,98.0,0.0,0.0,0.0,0.0,0.0,0.0,0,Not Verified
STU0144,SQL,1.0,65.0,0.0,0.0,0.0,0.0,0.0,0.0,0,Not Verified
STU0144,Machine Learning,1.0,95.0,0.0,0.0,0.0,1.0,90.7,90.7,1,Advanced
STU0144,Data Science,1.0,69.0,0.0,0.0,0.0,0.0,0.0,0.0,0,Not Verified
STU0144,FastAPI,0.0,0.0,0.0,0.0,0.0,1.0,75.3,75.3,1,Intermediate
STU0144,Git,0.0,0.0,0.0,0.0,0.0,1.0,52.8,52.8,1,Beginner
STU0144,Docker,1.0,97.0,0.0,0.0,0.0,0.0,0.0,0.0,0,Not Verified
STU0144,C++,1.0,85.0,0.0,0.0,0.0,0.0,0.0,0.0,0,Not Verified
STU0144,HTML/CSS,0.0,0.0,0.0,0.0,0.0,0.0,0.0,0.0,0,Not Verified
STU0144,MongoDB,1.0,89.0,0.0,0.0,0.0,1.0,78.4,78.4,1,Intermediate
STU0144,Firebase,0.0,0.0,0.0,0.0,0.0,0.0,0.0,0.0,0,Not Verified
STU0145,Python,0.0,0.0,2.0,244.0,2.5,1.0,66.4,66.4,1,Beginner
STU0145,Java,1.0,60.0,1.0,21.0,3.0,0.0,0.0,0.0,0,Not Verified
STU0145,JavaScript,1.0,76.0,0.0,0.0,0.0,0.0,0.0,0.0,0,Not Verified
STU0145,React,0.0,0.0,2.0,208.0,1.0,0.0,0.0,0.0,0,Not Verified
STU0145,Node.js,1.0,96.0,2.0,208.0,1.0,0.0,0.0,0.0,0,Not Verified
STU0145,SQL,1.0,74.0,1.0,21.0,3.0,0.0,0.0,0.0,0,Not Verified
STU0145,Machine Learning,0.0,0.0,1.0,130.0,2.0,0.0,0.0,0.0,0,Not Verified
STU0145,Data Science,1.0,69.0,0.0,0.0,0.0,0.0,0.0,0.0,0,Not Verified
STU0145,FastAPI,1.0,98.0,1.0,130.0,2.0,0.0,0.0,0.0,0,Not Verified
STU0145,Git,1.0,81.0,0.0,0.0,0.0,0.0,0.0,0.0,0,Not Verified
STU0145,Docker,0.0,0.0,0.0,0.0,0.0,0.0,0.0,0.0,0,Not Verified
STU0145,C++,1.0,69.0,0.0,0.0,0.0,0.0,0.0,0.0,0,Not Verified
STU0145,HTML/CSS,1.0,77.0,0.0,0.0,0.0,0.0,0.0,0.0,0,Not Verified
STU0145,MongoDB,0.0,0.0,2.0,208.0,1.0,0.0,0.0,0.0,0,Not Verified
STU0145,Firebase,1.0,66.0,1.0,114.0,3.0,0.0,0.0,0.0,0,Not Verified
STU0146,Python,0.0,0.0,0.0,0.0,0.0,0.0,0.0,0.0,0,Not Verified
STU0146,Java,1.0,59.0,2.0,163.0,2.0,0.0,0.0,0.0,0,Not Verified
STU0146,JavaScript,0.0,0.0,0.0,0.0,0.0,0.0,0.0,0.0,0,Not Verified
STU0146,React,0.0,0.0,3.0,376.0,1.3333333333333333,0.0,0.0,0.0,0,Not Verified
STU0146,Node.js,1.0,95.0,3.0,339.0,1.6666666666666667,1.0,87.2,87.2,1,Advanced
STU0146,SQL,1.0,58.0,2.0,163.0,2.0,0.0,0.0,0.0,0,Not Verified
STU0146,Machine Learning,0.0,0.0,0.0,0.0,0.0,0.0,0.0,0.0,0,Not Verified
STU0146,Data Science,1.0,94.0,0.0,0.0,0.0,1.0,70.9,70.9,1,Intermediate
STU0146,FastAPI,0.0,0.0,0.0,0.0,0.0,0.0,0.0,0.0,0,Not Verified
STU0146,Git,1.0,92.0,1.0,102.0,2.0,2.0,64.8,64.8,1,Beginner
STU0146,Docker,1.0,85.0,1.0,102.0,2.0,1.0,69.5,69.5,1,Intermediate
STU0146,C++,0.0,0.0,0.0,0.0,0.0,0.0,0.0,0.0,0,Not Verified
STU0146,HTML/CSS,0.0,0.0,0.0,0.0,0.0,0.0,0.0,0.0,0,Not Verified
STU0146,MongoDB,1.0,92.0,2.0,237.0,1.5,0.0,0.0,0.0,0,Not Verified
STU0146,Firebase,0.0,0.0,1.0,139.0,1.0,0.0,0.0,0.0,0,Not Verified
STU0147,Python,0.0,0.0,2.0,76.0,2.0,0.0,0.0,0.0,0,Not Verified
STU0147,Java,1.0,58.0,0.0,0.0,0.0,0.0,0.0,0.0,0,Not Verified
STU0147,JavaScript,0.0,0.0,0.0,0.0,0.0,0.0,0.0,0.0,0,Not Verified
STU0147,React,0.0,0.0,0.0,0.0,0.0,0.0,0.0,0.0,0,Not Verified
STU0147,Node.js,1.0,76.0,0.0,0.0,0.0,0.0,0.0,0.0,0,Not Verified
STU0147,SQL,0.0,0.0,1.0,46.0,3.0,0.0,0.0,0.0,0,Not Verified
STU0147,Machine Learning,1.0,63.0,0.0,0.0,0.0,0.0,0.0,0.0,0,Not Verified
STU0147,Data Science,0.0,0.0,1.0,46.0,3.0,0.0,0.0,0.0,0,Not Verified
STU0147,FastAPI,1.0,81.0,0.0,0.0,0.0,0.0,0.0,0.0,0,Not Verified
STU0147,Git,0.0,0.0,0.0,0.0,0.0,0.0,0.0,0.0,0,Not Verified
STU0147,Docker,1.0,64.0,0.0,0.0,0.0,0.0,0.0,0.0,0,Not Verified
STU0147,C++,0.0,0.0,0.0,0.0,0.0,0.0,0.0,0.0,0,Not Verified
STU0147,HTML/CSS,0.0,0.0,0.0,0.0,0.0,0.0,0.0,0.0,0,Not Verified
STU0147,MongoDB,0.0,0.0,0.0,0.0,0.0,0.0,0.0,0.0,0,Not Verified
STU0147,Firebase,1.0,67.0,1.0,30.0,1.0,1.0,81.0,81.0,1,Intermediate
STU0148,Python,0.0,0.0,1.0,99.0,2.0,0.0,0.0,0.0,0,Not Verified
STU0148,Java,1.0,55.0,0.0,0.0,0.0,0.0,0.0,0.0,0,Not Verified
STU0148,JavaScript,1.0,75.0,0.0,0.0,0.0,0.0,0.0,0.0,0,Not Verified
STU0148,React,0.0,0.0,1.0,112.0,2.0,0.0,0.0,0.0,0,Not Verified
STU0148,Node.js,0.0,0.0,1.0,112.0,2.0,0.0,0.0,0.0,0,Not Verified
STU0148,SQL,1.0,95.0,0.0,0.0,0.0,0.0,0.0,0.0,0,Not Verified
STU0148,Machine Learning,0.0,0.0,1.0,99.0,2.0,1.0,59.7,59.7,1,Beginner
STU0148,Data Science,1.0,66.0,0.0,0.0,0.0,0.0,0.0,0.0,0,Not Verified
STU0148,FastAPI,0.0,0.0,1.0,99.0,2.0,0.0,0.0,0.0,0,Not Verified
STU0148,Git,1.0,95.0,0.0,0.0,0.0,0.0,0.0,0.0,0,Not Verified
STU0148,Docker,0.0,0.0,0.0,0.0,0.0,0.0,0.0,0.0,0,Not Verified
STU0148,C++,1.0,72.0,0.0,0.0,0.0,0.0,0.0,0.0,0,Not Verified
STU0148,HTML/CSS,1.0,58.0,0.0,0.0,0.0,0.0,0.0,0.0,0,Not Verified
STU0148,MongoDB,1.0,83.0,1.0,112.0,2.0,0.0,0.0,0.0,0,Not Verified
STU0148,Firebase,0.0,0.0,0.0,0.0,0.0,0.0,0.0,0.0,0,Not Verified
STU0149,Python,0.0,0.0,2.0,146.0,2.0,0.0,0.0,0.0,0,Not Verified
STU0149,Java,0.0,0.0,2.0,230.0,2.5,1.0,51.2,51.2,1,Beginner
STU0149,JavaScript,1.0,94.0,0.0,0.0,0.0,0.0,0.0,0.0,0,Not Verified
STU0149,React,0.0,0.0,0.0,0.0,0.0,0.0,0.0,0.0,0,Not Verified
STU0149,Node.js,0.0,0.0,0.0,0.0,0.0,0.0,0.0,0.0,0,Not Verified
STU0149,SQL,0.0,0.0,2.0,230.0,2.5,0.0,0.0,0.0,0,Not Verified
STU0149,Machine Learning,0.0,0.0,2.0,146.0,2.0,0.0,0.0,0.0,0,Not Verified
STU0149,Data Science,1.0,82.0,0.0,0.0,0.0,0.0,0.0,0.0,0,Not Verified
STU0149,FastAPI,0.0,0.0,1.0,131.0,3.0,0.0,0.0,0.0,0,Not Verified
STU0149,Git,1.0,82.0,0.0,0.0,0.0,1.0,78.9,78.9,1,Intermediate
STU0149,Docker,0.0,0.0,0.0,0.0,0.0,0.0,0.0,0.0,0,Not Verified
STU0149,C++,0.0,0.0,0.0,0.0,0.0,1.0,60.2,60.2,1,Beginner
STU0149,HTML/CSS,1.0,60.0,0.0,0.0,0.0,0.0,0.0,0.0,0,Not Verified
STU0149,MongoDB,1.0,95.0,0.0,0.0,0.0,0.0,0.0,0.0,0,Not Verified
STU0149,Firebase,1.0,63.0,0.0,0.0,0.0,0.0,0.0,0.0,0,Not Verified
STU0150,Python,1.0,67.0,0.0,0.0,0.0,0.0,0.0,0.0,0,Not Verified
STU0150,Java,0.0,0.0,0.0,0.0,0.0,0.0,0.0,0.0,0,Not Verified
STU0150,JavaScript,0.0,0.0,0.0,0.0,0.0,0.0,0.0,0.0,0,Not Verified
STU0150,React,1.0,55.0,1.0,20.0,1.0,1.0,64.6,64.6,1,Beginner
STU0150,Node.js,0.0,0.0,1.0,20.0,1.0,0.0,0.0,0.0,0,Not Verified
STU0150,SQL,1.0,95.0,0.0,0.0,0.0,0.0,0.0,0.0,0,Not Verified
STU0150,Machine Learning,1.0,55.0,0.0,0.0,0.0,0.0,0.0,0.0,0,Not Verified
STU0150,Data Science,1.0,75.0,0.0,0.0,0.0,0.0,0.0,0.0,0,Not Verified
STU0150,FastAPI,1.0,98.0,0.0,0.0,0.0,0.0,0.0,0.0,0,Not Verified
STU0150,Git,0.0,0.0,0.0,0.0,0.0,0.0,0.0,0.0,0,Not Verified
STU0150,Docker,0.0,0.0,0.0,0.0,0.0,0.0,0.0,0.0,0,Not Verified
STU0150,C++,1.0,56.0,0.0,0.0,0.0,1.0,91.9,91.9,1,Advanced
STU0150,HTML/CSS,0.0,0.0,0.0,0.0,0.0,0.0,0.0,0.0,0,Not Verified
STU0150,MongoDB,0.0,0.0,1.0,20.0,1.0,0.0,0.0,0.0,0,Not Verified
STU0150,Firebase,1.0,88.0,0.0,0.0,0.0,0.0,0.0,0.0,0,Not Verified
STU0151,Python,0.0,0.0,3.0,25.0,1.3333333333333333,0.0,0.0,0.0,0,Not Verified
STU0151,Java,1.0,84.0,0.0,0.0,0.0,0.0,0.0,0.0,0,Not Verified
STU0151,JavaScript,1.0,73.0,0.0,0.0,0.0,2.0,81.6,81.6,1,Intermediate
STU0151,React,1.0,74.0,1.0,5.0,2.0,0.0,0.0,0.0,0,Not Verified
STU0151,Node.js,1.0,74.0,1.0,5.0,2.0,0.0,0.0,0.0,0,Not Verified
STU0151,SQL,1.0,57.0,0.0,0.0,0.0,0.0,0.0,0.0,0,Not Verified
STU0151,Machine Learning,1.0,88.0,3.0,25.0,1.3333333333333333,0.0,0.0,0.0,0,Not Verified
STU0151,Data Science,1.0,88.0,0.0,0.0,0.0,0.0,0.0,0.0,0,Not Verified
STU0151,FastAPI,0.0,0.0,1.0,9.0,1.0,0.0,0.0,0.0,0,Not Verified
STU0151,Git,0.0,0.0,0.0,0.0,0.0,0.0,0.0,0.0,0,Not Verified
STU0151,Docker,1.0,93.0,0.0,0.0,0.0,0.0,0.0,0.0,0,Not Verified
STU0151,C++,1.0,59.0,0.0,0.0,0.0,0.0,0.0,0.0,0,Not Verified
STU0151,HTML/CSS,0.0,0.0,0.0,0.0,0.0,0.0,0.0,0.0,0,Not Verified
STU0151,MongoDB,0.0,0.0,1.0,5.0,2.0,0.0,0.0,0.0,0,Not Verified
STU0151,Firebase,1.0,65.0,0.0,0.0,0.0,0.0,0.0,0.0,0,Not Verified
STU0152,Python,0.0,0.0,1.0,14.0,2.0,0.0,0.0,0.0,0,Not Verified
STU0152,Java,0.0,0.0,0.0,0.0,0.0,0.0,0.0,0.0,0,Not Verified
STU0152,JavaScript,1.0,56.0,1.0,33.0,2.0,0.0,0.0,0.0,0,Not Verified
STU0152,React,1.0,68.0,1.0,33.0,2.0,0.0,0.0,0.0,0,Not Verified
STU0152,Node.js,0.0,0.0,1.0,33.0,2.0,0.0,0.0,0.0,0,Not Verified
STU0152,SQL,1.0,69.0,1.0,33.0,2.0,0.0,0.0,0.0,0,Not Verified
STU0152,Machine Learning,1.0,65.0,1.0,14.0,2.0,0.0,0.0,0.0,0,Not Verified
STU0152,Data Science,1.0,69.0,0.0,0.0,0.0,0.0,0.0,0.0,0,Not Verified
STU0152,FastAPI,0.0,0.0,0.0,0.0,0.0,0.0,0.0,0.0,0,Not Verified
STU0152,Git,0.0,0.0,0.0,0.0,0.0,0.0,0.0,0.0,0,Not Verified
STU0152,Docker,1.0,80.0,0.0,0.0,0.0,0.0,0.0,0.0,0,Not Verified
STU0152,C++,1.0,63.0,0.0,0.0,0.0,1.0,55.0,55.0,1,Beginner
STU0152,HTML/CSS,0.0,0.0,0.0,0.0,0.0,0.0,0.0,0.0,0,Not Verified
STU0152,MongoDB,0.0,0.0,0.0,0.0,0.0,0.0,0.0,0.0,0,Not Verified
STU0152,Firebase,0.0,0.0,0.0,0.0,0.0,0.0,0.0,0.0,0,Not Verified
STU0153,Python,1.0,89.0,2.0,146.0,2.0,0.0,0.0,0.0,0,Not Verified
STU0153,Java,1.0,58.0,0.0,0.0,0.0,0.0,0.0,0.0,0,Not Verified
STU0153,JavaScript,1.0,93.0,0.0,0.0,0.0,0.0,0.0,0.0,0,Not Verified
STU0153,React,0.0,0.0,0.0,0.0,0.0,2.0,69.7,69.7,1,Intermediate
STU0153,Node.js,0.0,0.0,0.0,0.0,0.0,1.0,85.8,85.8,1,Advanced
STU0153,SQL,1.0,97.0,0.0,0.0,0.0,0.0,0.0,0.0,0,Not Verified
STU0153,Machine Learning,1.0,96.0,2.0,146.0,2.0,0.0,0.0,0.0,0,Not Verified
STU0153,Data Science,0.0,0.0,0.0,0.0,0.0,0.0,0.0,0.0,0,Not Verified
STU0153,FastAPI,1.0,58.0,1.0,33.0,3.0,1.0,70.1,70.1,1,Intermediate
STU0153,Git,1.0,94.0,0.0,0.0,0.0,0.0,0.0,0.0,0,Not Verified
STU0153,Docker,0.0,0.0,0.0,0.0,0.0,0.0,0.0,0.0,0,Not Verified
STU0153,C++,1.0,58.0,0.0,0.0,0.0,0.0,0.0,0.0,0,Not Verified
STU0153,HTML/CSS,0.0,0.0,0.0,0.0,0.0,0.0,0.0,0.0,0,Not Verified
STU0153,MongoDB,1.0,56.0,0.0,0.0,0.0,0.0,0.0,0.0,0,Not Verified
STU0153,Firebase,1.0,61.0,0.0,0.0,0.0,0.0,0.0,0.0,0,Not Verified
STU0154,Python,0.0,0.0,1.0,141.0,1.0,1.0,77.6,77.6,1,Intermediate
STU0154,Java,1.0,68.0,1.0,20.0,3.0,0.0,0.0,0.0,0,Not Verified
STU0154,JavaScript,0.0,0.0,0.0,0.0,0.0,1.0,79.5,79.5,1,Intermediate
STU0154,React,0.0,0.0,0.0,0.0,0.0,0.0,0.0,0.0,0,Not Verified
STU0154,Node.js,1.0,97.0,0.0,0.0,0.0,0.0,0.0,0.0,0,Not Verified
STU0154,SQL,1.0,97.0,1.0,20.0,3.0,2.0,78.15,78.15,1,Intermediate
STU0154,Machine Learning,1.0,98.0,1.0,141.0,1.0,0.0,0.0,0.0,0,Not Verified
STU0154,Data Science,1.0,95.0,0.0,0.0,0.0,1.0,81.8,81.8,1,Intermediate
STU0154,FastAPI,1.0,81.0,1.0,141.0,1.0,1.0,78.3,78.3,1,Intermediate
STU0154,Git,0.0,0.0,0.0,0.0,0.0,0.0,0.0,0.0,0,Not Verified
STU0154,Docker,1.0,88.0,0.0,0.0,0.0,0.0,0.0,0.0,0,Not Verified
STU0154,C++,0.0,0.0,0.0,0.0,0.0,0.0,0.0,0.0,0,Not Verified
STU0154,HTML/CSS,1.0,61.0,0.0,0.0,0.0,0.0,0.0,0.0,0,Not Verified
STU0154,MongoDB,1.0,55.0,0.0,0.0,0.0,1.0,58.1,58.1,1,Beginner
STU0154,Firebase,1.0,74.0,0.0,0.0,0.0,1.0,87.9,87.9,1,Advanced
STU0155,Python,0.0,0.0,1.0,31.0,3.0,0.0,0.0,0.0,0,Not Verified
STU0155,Java,1.0,86.0,0.0,0.0,0.0,0.0,0.0,0.0,0,Not Verified
STU0155,JavaScript,1.0,62.0,0.0,0.0,0.0,1.0,70.4,70.4,1,Intermediate
STU0155,React,0.0,0.0,0.0,0.0,0.0,0.0,0.0,0.0,0,Not Verified
STU0155,Node.js,0.0,0.0,1.0,133.0,3.0,0.0,0.0,0.0,0,Not Verified
STU0155,SQL,0.0,0.0,0.0,0.0,0.0,0.0,0.0,0.0,0,Not Verified
STU0155,Machine Learning,1.0,61.0,1.0,31.0,3.0,1.0,74.3,74.3,1,Intermediate
STU0155,Data Science,0.0,0.0,1.0,31.0,3.0,0.0,0.0,0.0,0,Not Verified
STU0155,FastAPI,1.0,67.0,0.0,0.0,0.0,1.0,78.6,78.6,1,Intermediate
STU0155,Git,1.0,94.0,1.0,133.0,3.0,1.0,73.6,73.6,1,Intermediate
STU0155,Docker,0.0,0.0,1.0,133.0,3.0,0.0,0.0,0.0,0,Not Verified
STU0155,C++,1.0,73.0,0.0,0.0,0.0,0.0,0.0,0.0,0,Not Verified
STU0155,HTML/CSS,0.0,0.0,0.0,0.0,0.0,1.0,67.2,67.2,1,Beginner
STU0155,MongoDB,0.0,0.0,0.0,0.0,0.0,0.0,0.0,0.0,0,Not Verified
STU0155,Firebase,1.0,62.0,0.0,0.0,0.0,0.0,0.0,0.0,0,Not Verified
STU0156,Python,0.0,0.0,1.0,120.0,3.0,0.0,0.0,0.0,0,Not Verified
STU0156,Java,1.0,55.0,0.0,0.0,0.0,0.0,0.0,0.0,0,Not Verified
STU0156,JavaScript,0.0,0.0,0.0,0.0,0.0,0.0,0.0,0.0,0,Not Verified
STU0156,React,1.0,57.0,1.0,56.0,2.0,0.0,0.0,0.0,0,Not Verified
STU0156,Node.js,1.0,86.0,1.0,56.0,2.0,1.0,46.3,46.3,0,Not Verified
STU0156,SQL,1.0,76.0,0.0,0.0,0.0,0.0,0.0,0.0,0,Not Verified
STU0156,Machine Learning,1.0,70.0,1.0,120.0,3.0,0.0,0.0,0.0,0,Not Verified
STU0156,Data Science,0.0,0.0,1.0,120.0,3.0,0.0,0.0,0.0,0,Not Verified
STU0156,FastAPI,1.0,68.0,0.0,0.0,0.0,0.0,0.0,0.0,0,Not Verified
STU0156,Git,0.0,0.0,0.0,0.0,0.0,0.0,0.0,0.0,0,Not Verified
STU0156,Docker,0.0,0.0,0.0,0.0,0.0,0.0,0.0,0.0,0,Not Verified
STU0156,C++,0.0,0.0,0.0,0.0,0.0,0.0,0.0,0.0,0,Not Verified
STU0156,HTML/CSS,1.0,90.0,0.0,0.0,0.0,0.0,0.0,0.0,0,Not Verified
STU0156,MongoDB,1.0,55.0,1.0,56.0,2.0,0.0,0.0,0.0,0,Not Verified
STU0156,Firebase,1.0,85.0,0.0,0.0,0.0,1.0,82.4,82.4,1,Intermediate
STU0157,Python,0.0,0.0,2.0,181.0,3.0,0.0,0.0,0.0,0,Not Verified
STU0157,Java,1.0,61.0,0.0,0.0,0.0,0.0,0.0,0.0,0,Not Verified
STU0157,JavaScript,1.0,73.0,0.0,0.0,0.0,0.0,0.0,0.0,0,Not Verified
STU0157,React,0.0,0.0,0.0,0.0,0.0,0.0,0.0,0.0,0,Not Verified
STU0157,Node.js,0.0,0.0,0.0,0.0,0.0,0.0,0.0,0.0,0,Not Verified
STU0157,SQL,1.0,58.0,0.0,0.0,0.0,0.0,0.0,0.0,0,Not Verified
STU0157,Machine Learning,1.0,61.0,0.0,0.0,0.0,1.0,60.8,60.8,1,Beginner
STU0157,Data Science,1.0,84.0,0.0,0.0,0.0,0.0,0.0,0.0,0,Not Verified
STU0157,FastAPI,1.0,84.0,0.0,0.0,0.0,0.0,0.0,0.0,0,Not Verified
STU0157,Git,1.0,96.0,0.0,0.0,0.0,0.0,0.0,0.0,0,Not Verified
STU0157,Docker,1.0,69.0,0.0,0.0,0.0,1.0,71.1,71.1,1,Intermediate
STU0157,C++,0.0,0.0,0.0,0.0,0.0,0.0,0.0,0.0,0,Not Verified
STU0157,HTML/CSS,0.0,0.0,0.0,0.0,0.0,1.0,63.5,63.5,1,Beginner
STU0157,MongoDB,1.0,71.0,0.0,0.0,0.0,0.0,0.0,0.0,0,Not Verified
STU0157,Firebase,1.0,71.0,2.0,181.0,3.0,1.0,72.4,72.4,1,Intermediate
STU0158,Python,1.0,62.0,0.0,0.0,0.0,0.0,0.0,0.0,0,Not Verified
STU0158,Java,0.0,0.0,0.0,0.0,0.0,0.0,0.0,0.0,0,Not Verified
STU0158,JavaScript,0.0,0.0,1.0,65.0,2.0,0.0,0.0,0.0,0,Not Verified
STU0158,React,0.0,0.0,1.0,65.0,2.0,0.0,0.0,0.0,0,Not Verified
STU0158,Node.js,1.0,61.0,1.0,65.0,2.0,1.0,62.9,62.9,1,Beginner
STU0158,SQL,1.0,57.0,1.0,65.0,2.0,1.0,76.0,76.0,1,Intermediate
STU0158,Machine Learning,0.0,0.0,0.0,0.0,0.0,1.0,79.7,79.7,1,Intermediate
STU0158,Data Science,0.0,0.0,0.0,0.0,0.0,0.0,0.0,0.0,0,Not Verified
STU0158,FastAPI,0.0,0.0,0.0,0.0,0.0,1.0,91.3,91.3,1,Advanced
STU0158,Git,0.0,0.0,0.0,0.0,0.0,0.0,0.0,0.0,0,Not Verified
STU0158,Docker,1.0,55.0,0.0,0.0,0.0,0.0,0.0,0.0,0,Not Verified
STU0158,C++,1.0,63.0,0.0,0.0,0.0,0.0,0.0,0.0,0,Not Verified
STU0158,HTML/CSS,0.0,0.0,0.0,0.0,0.0,0.0,0.0,0.0,0,Not Verified
STU0158,MongoDB,1.0,82.0,0.0,0.0,0.0,0.0,0.0,0.0,0,Not Verified
STU0158,Firebase,0.0,0.0,0.0,0.0,0.0,0.0,0.0,0.0,0,Not Verified
STU0159,Python,0.0,0.0,0.0,0.0,0.0,0.0,0.0,0.0,0,Not Verified
STU0159,Java,1.0,85.0,1.0,105.0,1.0,0.0,0.0,0.0,0,Not Verified
STU0159,JavaScript,1.0,62.0,0.0,0.0,0.0,0.0,0.0,0.0,0,Not Verified
STU0159,React,0.0,0.0,0.0,0.0,0.0,0.0,0.0,0.0,0,Not Verified
STU0159,Node.js,1.0,79.0,0.0,0.0,0.0,1.0,50.2,50.2,1,Beginner
STU0159,SQL,1.0,80.0,1.0,105.0,1.0,0.0,0.0,0.0,0,Not Verified
STU0159,Machine Learning,1.0,96.0,0.0,0.0,0.0,0.0,0.0,0.0,0,Not Verified
STU0159,Data Science,1.0,84.0,0.0,0.0,0.0,0.0,0.0,0.0,0,Not Verified
STU0159,FastAPI,0.0,0.0,0.0,0.0,0.0,0.0,0.0,0.0,0,Not Verified
STU0159,Git,1.0,72.0,0.0,0.0,0.0,0.0,0.0,0.0,0,Not Verified
STU0159,Docker,1.0,66.0,0.0,0.0,0.0,0.0,0.0,0.0,0,Not Verified
STU0159,C++,0.0,0.0,0.0,0.0,0.0,0.0,0.0,0.0,0,Not Verified
STU0159,HTML/CSS,1.0,80.0,0.0,0.0,0.0,1.0,49.2,49.2,0,Beginner
STU0159,MongoDB,1.0,81.0,0.0,0.0,0.0,0.0,0.0,0.0,0,Not Verified
STU0159,Firebase,0.0,0.0,0.0,0.0,0.0,0.0,0.0,0.0,0,Not Verified
STU0160,Python,1.0,91.0,0.0,0.0,0.0,1.0,87.5,87.5,1,Advanced
STU0160,Java,1.0,61.0,1.0,87.0,1.0,0.0,0.0,0.0,0,Not Verified
STU0160,JavaScript,1.0,81.0,0.0,0.0,0.0,0.0,0.0,0.0,0,Not Verified
STU0160,React,0.0,0.0,0.0,0.0,0.0,0.0,0.0,0.0,0,Not Verified
STU0160,Node.js,0.0,0.0,0.0,0.0,0.0,0.0,0.0,0.0,0,Not Verified
STU0160,SQL,0.0,0.0,1.0,87.0,1.0,0.0,0.0,0.0,0,Not Verified
STU0160,Machine Learning,0.0,0.0,0.0,0.0,0.0,1.0,75.1,75.1,1,Intermediate
STU0160,Data Science,0.0,0.0,0.0,0.0,0.0,1.0,59.4,59.4,1,Beginner
STU0160,FastAPI,0.0,0.0,0.0,0.0,0.0,0.0,0.0,0.0,0,Not Verified
STU0160,Git,0.0,0.0,0.0,0.0,0.0,1.0,83.3,83.3,1,Intermediate
STU0160,Docker,0.0,0.0,0.0,0.0,0.0,0.0,0.0,0.0,0,Not Verified
STU0160,C++,1.0,92.0,0.0,0.0,0.0,1.0,93.6,93.6,1,Advanced
STU0160,HTML/CSS,1.0,85.0,0.0,0.0,0.0,0.0,0.0,0.0,0,Not Verified
STU0160,MongoDB,1.0,98.0,0.0,0.0,0.0,0.0,0.0,0.0,0,Not Verified
STU0160,Firebase,0.0,0.0,0.0,0.0,0.0,0.0,0.0,0.0,0,Not Verified
STU0161,Python,1.0,59.0,1.0,79.0,3.0,0.0,0.0,0.0,0,Not Verified
STU0161,Java,0.0,0.0,2.0,160.0,1.5,1.0,74.7,74.7,1,Intermediate
STU0161,JavaScript,1.0,86.0,1.0,51.0,2.0,0.0,0.0,0.0,0,Not Verified
STU0161,React,0.0,0.0,1.0,51.0,2.0,1.0,75.3,75.3,1,Intermediate
STU0161,Node.js,0.0,0.0,1.0,51.0,2.0,1.0,71.8,71.8,1,Intermediate
STU0161,SQL,1.0,83.0,3.0,211.0,1.6666666666666667,1.0,71.0,71.0,1,Intermediate
STU0161,Machine Learning,1.0,81.0,1.0,79.0,3.0,0.0,0.0,0.0,0,Not Verified
STU0161,Data Science,1.0,96.0,0.0,0.0,0.0,0.0,0.0,0.0,0,Not Verified
STU0161,FastAPI,0.0,0.0,0.0,0.0,0.0,0.0,0.0,0.0,0,Not Verified
STU0161,Git,1.0,62.0,0.0,0.0,0.0,0.0,0.0,0.0,0,Not Verified
STU0161,Docker,0.0,0.0,0.0,0.0,0.0,0.0,0.0,0.0,0,Not Verified
STU0161,C++,0.0,0.0,0.0,0.0,0.0,1.0,64.9,64.9,1,Beginner
STU0161,HTML/CSS,0.0,0.0,0.0,0.0,0.0,0.0,0.0,0.0,0,Not Verified
STU0161,MongoDB,1.0,57.0,0.0,0.0,0.0,0.0,0.0,0.0,0,Not Verified
STU0161,Firebase,1.0,71.0,0.0,0.0,0.0,0.0,0.0,0.0,0,Not Verified
STU0162,Python,1.0,97.0,0.0,0.0,0.0,0.0,0.0,0.0,0,Not Verified
STU0162,Java,0.0,0.0,0.0,0.0,0.0,0.0,0.0,0.0,0,Not Verified
STU0162,JavaScript,0.0,0.0,0.0,0.0,0.0,0.0,0.0,0.0,0,Not Verified
STU0162,React,1.0,82.0,0.0,0.0,0.0,1.0,57.7,57.7,1,Beginner
STU0162,Node.js,0.0,0.0,0.0,0.0,0.0,1.0,63.9,63.9,1,Beginner
STU0162,SQL,0.0,0.0,0.0,0.0,0.0,1.0,79.0,79.0,1,Intermediate
STU0162,Machine Learning,0.0,0.0,0.0,0.0,0.0,0.0,0.0,0.0,0,Not Verified
STU0162,Data Science,0.0,0.0,0.0,0.0,0.0,1.0,77.4,77.4,1,Intermediate
STU0162,FastAPI,1.0,88.0,0.0,0.0,0.0,0.0,0.0,0.0,0,Not Verified
STU0162,Git,1.0,94.0,0.0,0.0,0.0,0.0,0.0,0.0,0,Not Verified
STU0162,Docker,1.0,88.0,0.0,0.0,0.0,1.0,68.6,68.6,1,Beginner
STU0162,C++,1.0,76.0,0.0,0.0,0.0,0.0,0.0,0.0,0,Not Verified
STU0162,HTML/CSS,1.0,61.0,0.0,0.0,0.0,1.0,89.2,89.2,1,Advanced
STU0162,MongoDB,0.0,0.0,0.0,0.0,0.0,0.0,0.0,0.0,0,Not Verified
STU0162,Firebase,0.0,0.0,0.0,0.0,0.0,1.0,72.1,72.1,1,Intermediate
STU0163,Python,1.0,75.0,0.0,0.0,0.0,0.0,0.0,0.0,0,Not Verified
STU0163,Java,0.0,0.0,0.0,0.0,0.0,0.0,0.0,0.0,0,Not Verified
STU0163,JavaScript,1.0,86.0,0.0,0.0,0.0,1.0,77.3,77.3,1,Intermediate
STU0163,React,1.0,87.0,1.0,80.0,2.0,0.0,0.0,0.0,0,Not Verified
STU0163,Node.js,0.0,0.0,1.0,80.0,2.0,0.0,0.0,0.0,0,Not Verified
STU0163,SQL,1.0,86.0,0.0,0.0,0.0,0.0,0.0,0.0,0,Not Verified
STU0163,Machine Learning,1.0,59.0,0.0,0.0,0.0,0.0,0.0,0.0,0,Not Verified
STU0163,Data Science,1.0,85.0,0.0,0.0,0.0,0.0,0.0,0.0,0,Not Verified
STU0163,FastAPI,0.0,0.0,0.0,0.0,0.0,0.0,0.0,0.0,0,Not Verified
STU0163,Git,0.0,0.0,0.0,0.0,0.0,0.0,0.0,0.0,0,Not Verified
STU0163,Docker,1.0,65.0,0.0,0.0,0.0,0.0,0.0,0.0,0,Not Verified
STU0163,C++,1.0,65.0,0.0,0.0,0.0,1.0,75.2,75.2,1,Intermediate
STU0163,HTML/CSS,1.0,70.0,0.0,0.0,0.0,0.0,0.0,0.0,0,Not Verified
STU0163,MongoDB,0.0,0.0,1.0,80.0,2.0,0.0,0.0,0.0,0,Not Verified
STU0163,Firebase,1.0,76.0,0.0,0.0,0.0,0.0,0.0,0.0,0,Not Verified
STU0164,Python,1.0,70.0,2.0,73.0,3.0,0.0,0.0,0.0,0,Not Verified
STU0164,Java,0.0,0.0,1.0,121.0,2.0,0.0,0.0,0.0,0,Not Verified
STU0164,JavaScript,0.0,0.0,0.0,0.0,0.0,0.0,0.0,0.0,0,Not Verified
STU0164,React,1.0,84.0,0.0,0.0,0.0,0.0,0.0,0.0,0,Not Verified
STU0164,Node.js,0.0,0.0,1.0,131.0,1.0,0.0,0.0,0.0,0,Not Verified
STU0164,SQL,0.0,0.0,1.0,121.0,2.0,0.0,0.0,0.0,0,Not Verified
STU0164,Machine Learning,1.0,83.0,2.0,73.0,3.0,0.0,0.0,0.0,0,Not Verified
STU0164,Data Science,0.0,0.0,2.0,73.0,3.0,1.0,57.5,57.5,1,Beginner
STU0164,FastAPI,1.0,60.0,0.0,0.0,0.0,1.0,82.2,82.2,1,Intermediate
STU0164,Git,1.0,60.0,1.0,131.0,1.0,0.0,0.0,0.0,0,Not Verified
STU0164,Docker,1.0,91.0,1.0,131.0,1.0,0.0,0.0,0.0,0,Not Verified
STU0164,C++,0.0,0.0,0.0,0.0,0.0,0.0,0.0,0.0,0,Not Verified
STU0164,HTML/CSS,0.0,0.0,0.0,0.0,0.0,0.0,0.0,0.0,0,Not Verified
STU0164,MongoDB,1.0,83.0,0.0,0.0,0.0,0.0,0.0,0.0,0,Not Verified
STU0164,Firebase,0.0,0.0,0.0,0.0,0.0,0.0,0.0,0.0,0,Not Verified
STU0165,Python,1.0,60.0,0.0,0.0,0.0,0.0,0.0,0.0,0,Not Verified
STU0165,Java,1.0,90.0,0.0,0.0,0.0,0.0,0.0,0.0,0,Not Verified
STU0165,JavaScript,0.0,0.0,0.0,0.0,0.0,0.0,0.0,0.0,0,Not Verified
STU0165,React,0.0,0.0,0.0,0.0,0.0,0.0,0.0,0.0,0,Not Verified
STU0165,Node.js,0.0,0.0,0.0,0.0,0.0,0.0,0.0,0.0,0,Not Verified
STU0165,SQL,1.0,57.0,0.0,0.0,0.0,0.0,0.0,0.0,0,Not Verified
STU0165,Machine Learning,1.0,94.0,0.0,0.0,0.0,0.0,0.0,0.0,0,Not Verified
STU0165,Data Science,1.0,81.0,0.0,0.0,0.0,0.0,0.0,0.0,0,Not Verified
STU0165,FastAPI,0.0,0.0,0.0,0.0,0.0,1.0,60.3,60.3,1,Beginner
STU0165,Git,0.0,0.0,0.0,0.0,0.0,0.0,0.0,0.0,0,Not Verified
STU0165,Docker,1.0,55.0,0.0,0.0,0.0,0.0,0.0,0.0,0,Not Verified
STU0165,C++,0.0,0.0,0.0,0.0,0.0,0.0,0.0,0.0,0,Not Verified
STU0165,HTML/CSS,1.0,93.0,0.0,0.0,0.0,0.0,0.0,0.0,0,Not Verified
STU0165,MongoDB,0.0,0.0,0.0,0.0,0.0,0.0,0.0,0.0,0,Not Verified
STU0165,Firebase,1.0,90.0,0.0,0.0,0.0,1.0,86.9,86.9,1,Advanced
STU0166,Python,1.0,83.0,0.0,0.0,0.0,0.0,0.0,0.0,0,Not Verified
STU0166,Java,0.0,0.0,2.0,133.0,2.0,0.0,0.0,0.0,0,Not Verified
STU0166,JavaScript,0.0,0.0,0.0,0.0,0.0,0.0,0.0,0.0,0,Not Verified
STU0166,React,1.0,90.0,0.0,0.0,0.0,0.0,0.0,0.0,0,Not Verified
STU0166,Node.js,1.0,69.0,0.0,0.0,0.0,0.0,0.0,0.0,0,Not Verified
STU0166,SQL,1.0,85.0,2.0,133.0,2.0,0.0,0.0,0.0,0,Not Verified
STU0166,Machine Learning,1.0,78.0,0.0,0.0,0.0,0.0,0.0,0.0,0,Not Verified
STU0166,Data Science,1.0,93.0,0.0,0.0,0.0,0.0,0.0,0.0,0,Not Verified
STU0166,FastAPI,1.0,84.0,0.0,0.0,0.0,1.0,60.5,60.5,1,Beginner
STU0166,Git,0.0,0.0,0.0,0.0,0.0,0.0,0.0,0.0,0,Not Verified
STU0166,Docker,1.0,94.0,0.0,0.0,0.0,0.0,0.0,0.0,0,Not Verified
STU0166,C++,0.0,0.0,0.0,0.0,0.0,1.0,68.7,68.7,1,Beginner
STU0166,HTML/CSS,1.0,97.0,0.0,0.0,0.0,0.0,0.0,0.0,0,Not Verified
STU0166,MongoDB,1.0,76.0,0.0,0.0,0.0,0.0,0.0,0.0,0,Not Verified
STU0166,Firebase,0.0,0.0,0.0,0.0,0.0,0.0,0.0,0.0,0,Not Verified
STU0167,Python,1.0,90.0,0.0,0.0,0.0,0.0,0.0,0.0,0,Not Verified
STU0167,Java,1.0,76.0,0.0,0.0,0.0,0.0,0.0,0.0,0,Not Verified
STU0167,JavaScript,0.0,0.0,2.0,99.0,3.0,0.0,0.0,0.0,0,Not Verified
STU0167,React,1.0,73.0,1.0,39.0,3.0,0.0,0.0,0.0,0,Not Verified
STU0167,Node.js,0.0,0.0,1.0,39.0,3.0,0.0,0.0,0.0,0,Not Verified
STU0167,SQL,0.0,0.0,1.0,39.0,3.0,0.0,0.0,0.0,0,Not Verified
STU0167,Machine Learning,0.0,0.0,0.0,0.0,0.0,0.0,0.0,0.0,0,Not Verified
STU0167,Data Science,0.0,0.0,0.0,0.0,0.0,0.0,0.0,0.0,0,Not Verified
STU0167,FastAPI,0.0,0.0,0.0,0.0,0.0,0.0,0.0,0.0,0,Not Verified
STU0167,Git,0.0,0.0,0.0,0.0,0.0,0.0,0.0,0.0,0,Not Verified
STU0167,Docker,1.0,95.0,0.0,0.0,0.0,0.0,0.0,0.0,0,Not Verified
STU0167,C++,0.0,0.0,0.0,0.0,0.0,0.0,0.0,0.0,0,Not Verified
STU0167,HTML/CSS,1.0,77.0,1.0,60.0,3.0,0.0,0.0,0.0,0,Not Verified
STU0167,MongoDB,0.0,0.0,0.0,0.0,0.0,0.0,0.0,0.0,0,Not Verified
STU0167,Firebase,0.0,0.0,0.0,0.0,0.0,0.0,0.0,0.0,0,Not Verified
STU0168,Python,1.0,67.0,0.0,0.0,0.0,0.0,0.0,0.0,0,Not Verified
STU0168,Java,1.0,67.0,0.0,0.0,0.0,1.0,68.3,68.3,1,Beginner
STU0168,JavaScript,1.0,62.0,0.0,0.0,0.0,0.0,0.0,0.0,0,Not Verified
STU0168,React,0.0,0.0,0.0,0.0,0.0,0.0,0.0,0.0,0,Not Verified
STU0168,Node.js,0.0,0.0,0.0,0.0,0.0,0.0,0.0,0.0,0,Not Verified
STU0168,SQL,1.0,71.0,0.0,0.0,0.0,0.0,0.0,0.0,0,Not Verified
STU0168,Machine Learning,1.0,84.0,0.0,0.0,0.0,0.0,0.0,0.0,0,Not Verified
STU0168,Data Science,1.0,80.0,0.0,0.0,0.0,0.0,0.0,0.0,0,Not Verified
STU0168,FastAPI,0.0,0.0,0.0,0.0,0.0,0.0,0.0,0.0,0,Not Verified
STU0168,Git,0.0,0.0,0.0,0.0,0.0,0.0,0.0,0.0,0,Not Verified
STU0168,Docker,1.0,68.0,0.0,0.0,0.0,0.0,0.0,0.0,0,Not Verified
STU0168,C++,1.0,94.0,0.0,0.0,0.0,0.0,0.0,0.0,0,Not Verified
STU0168,HTML/CSS,0.0,0.0,0.0,0.0,0.0,0.0,0.0,0.0,0,Not Verified
STU0168,MongoDB,1.0,67.0,0.0,0.0,0.0,0.0,0.0,0.0,0,Not Verified
STU0168,Firebase,0.0,0.0,0.0,0.0,0.0,0.0,0.0,0.0,0,Not Verified
STU0169,Python,1.0,55.0,0.0,0.0,0.0,1.0,73.8,73.8,1,Intermediate
STU0169,Java,1.0,87.0,0.0,0.0,0.0,0.0,0.0,0.0,0,Not Verified
STU0169,JavaScript,0.0,0.0,1.0,92.0,2.0,0.0,0.0,0.0,0,Not Verified
STU0169,React,1.0,82.0,2.0,174.0,1.5,0.0,0.0,0.0,0,Not Verified
STU0169,Node.js,0.0,0.0,1.0,92.0,2.0,0.0,0.0,0.0,0,Not Verified
STU0169,SQL,1.0,92.0,1.0,92.0,2.0,0.0,0.0,0.0,0,Not Verified
STU0169,Machine Learning,1.0,86.0,0.0,0.0,0.0,0.0,0.0,0.0,0,Not Verified
STU0169,Data Science,1.0,90.0,0.0,0.0,0.0,0.0,0.0,0.0,0,Not Verified
STU0169,FastAPI,0.0,0.0,0.0,0.0,0.0,0.0,0.0,0.0,0,Not Verified
STU0169,Git,1.0,88.0,0.0,0.0,0.0,2.0,72.0,72.0,1,Intermediate
STU0169,Docker,0.0,0.0,0.0,0.0,0.0,0.0,0.0,0.0,0,Not Verified
STU0169,C++,0.0,0.0,0.0,0.0,0.0,1.0,66.5,66.5,1,Beginner
STU0169,HTML/CSS,1.0,63.0,0.0,0.0,0.0,0.0,0.0,0.0,0,Not Verified
STU0169,MongoDB,1.0,58.0,0.0,0.0,0.0,1.0,64.9,64.9,1,Beginner
STU0169,Firebase,1.0,92.0,1.0,82.0,1.0,0.0,0.0,0.0,0,Not Verified
STU0170,Python,0.0,0.0,0.0,0.0,0.0,0.0,0.0,0.0,0,Not Verified
STU0170,Java,1.0,81.0,0.0,0.0,0.0,0.0,0.0,0.0,0,Not Verified
STU0170,JavaScript,1.0,93.0,1.0,124.0,1.0,0.0,0.0,0.0,0,Not Verified
STU0170,React,0.0,0.0,1.0,124.0,1.0,1.0,61.0,61.0,1,Beginner
STU0170,Node.js,0.0,0.0,1.0,124.0,1.0,1.0,64.2,64.2,1,Beginner
STU0170,SQL,0.0,0.0,1.0,124.0,1.0,1.0,74.9,74.9,1,Intermediate
STU0170,Machine Learning,0.0,0.0,0.0,0.0,0.0,0.0,0.0,0.0,0,Not Verified
STU0170,Data Science,0.0,0.0,0.0,0.0,0.0,1.0,79.3,79.3,1,Intermediate
STU0170,FastAPI,1.0,97.0,0.0,0.0,0.0,0.0,0.0,0.0,0,Not Verified
STU0170,Git,1.0,75.0,0.0,0.0,0.0,0.0,0.0,0.0,0,Not Verified
STU0170,Docker,1.0,79.0,0.0,0.0,0.0,0.0,0.0,0.0,0,Not Verified
STU0170,C++,1.0,87.0,0.0,0.0,0.0,0.0,0.0,0.0,0,Not Verified
STU0170,HTML/CSS,1.0,93.0,0.0,0.0,0.0,1.0,64.9,64.9,1,Beginner
STU0170,MongoDB,0.0,0.0,0.0,0.0,0.0,1.0,69.1,69.1,1,Intermediate
STU0170,Firebase,1.0,79.0,0.0,0.0,0.0,0.0,0.0,0.0,0,Not Verified
STU0171,Python,0.0,0.0,1.0,69.0,3.0,0.0,0.0,0.0,0,Not Verified
STU0171,Java,0.0,0.0,0.0,0.0,0.0,0.0,0.0,0.0,0,Not Verified
STU0171,JavaScript,0.0,0.0,0.0,0.0,0.0,0.0,0.0,0.0,0,Not Verified
STU0171,React,1.0,93.0,1.0,85.0,2.0,0.0,0.0,0.0,0,Not Verified
STU0171,Node.js,1.0,87.0,2.0,231.0,2.5,0.0,0.0,0.0,0,Not Verified
STU0171,SQL,1.0,90.0,1.0,69.0,3.0,1.0,74.2,74.2,1,Intermediate
STU0171,Machine Learning,1.0,74.0,0.0,0.0,0.0,0.0,0.0,0.0,0,Not Verified
STU0171,Data Science,0.0,0.0,1.0,69.0,3.0,0.0,0.0,0.0,0,Not Verified
STU0171,FastAPI,0.0,0.0,0.0,0.0,0.0,0.0,0.0,0.0,0,Not Verified
STU0171,Git,0.0,0.0,1.0,146.0,3.0,0.0,0.0,0.0,0,Not Verified
STU0171,Docker,1.0,75.0,1.0,146.0,3.0,0.0,0.0,0.0,0,Not Verified
STU0171,C++,1.0,63.0,0.0,0.0,0.0,0.0,0.0,0.0,0,Not Verified
STU0171,HTML/CSS,1.0,81.0,0.0,0.0,0.0,0.0,0.0,0.0,0,Not Verified
STU0171,MongoDB,1.0,90.0,1.0,85.0,2.0,1.0,51.8,51.8,1,Beginner
STU0171,Firebase,1.0,63.0,0.0,0.0,0.0,1.0,56.0,56.0,1,Beginner
STU0172,Python,0.0,0.0,1.0,52.0,2.0,0.0,0.0,0.0,0,Not Verified
STU0172,Java,0.0,0.0,1.0,66.0,2.0,0.0,0.0,0.0,0,Not Verified
STU0172,JavaScript,1.0,92.0,0.0,0.0,0.0,0.0,0.0,0.0,0,Not Verified
STU0172,React,1.0,95.0,1.0,113.0,3.0,0.0,0.0,0.0,0,Not Verified
STU0172,Node.js,1.0,90.0,1.0,40.0,3.0,1.0,57.5,57.5,1,Beginner
STU0172,SQL,1.0,85.0,1.0,66.0,2.0,0.0,0.0,0.0,0,Not Verified
STU0172,Machine Learning,1.0,81.0,1.0,52.0,2.0,1.0,77.3,77.3,1,Intermediate
STU0172,Data Science,0.0,0.0,0.0,0.0,0.0,0.0,0.0,0.0,0,Not Verified
STU0172,FastAPI,1.0,91.0,0.0,0.0,0.0,0.0,0.0,0.0,0,Not Verified
STU0172,Git,1.0,77.0,1.0,40.0,3.0,2.0,65.05,65.05,1,Beginner
STU0172,Docker,1.0,97.0,1.0,40.0,3.0,0.0,0.0,0.0,0,Not Verified
STU0172,C++,0.0,0.0,0.0,0.0,0.0,0.0,0.0,0.0,0,Not Verified
STU0172,HTML/CSS,0.0,0.0,0.0,0.0,0.0,0.0,0.0,0.0,0,Not Verified
STU0172,MongoDB,1.0,62.0,0.0,0.0,0.0,2.0,69.65,69.65,1,Intermediate
STU0172,Firebase,1.0,75.0,1.0,113.0,3.0,2.0,80.05000000000001,80.05000000000001,1,Intermediate
STU0173,Python,1.0,72.0,1.0,78.0,1.0,0.0,0.0,0.0,0,Not Verified
STU0173,Java,1.0,73.0,0.0,0.0,0.0,1.0,66.1,66.1,1,Beginner
STU0173,JavaScript,0.0,0.0,0.0,0.0,0.0,0.0,0.0,0.0,0,Not Verified
STU0173,React,1.0,71.0,0.0,0.0,0.0,0.0,0.0,0.0,0,Not Verified
STU0173,Node.js,1.0,58.0,0.0,0.0,0.0,0.0,0.0,0.0,0,Not Verified
STU0173,SQL,0.0,0.0,0.0,0.0,0.0,1.0,73.5,73.5,1,Intermediate
STU0173,Machine Learning,1.0,67.0,0.0,0.0,0.0,0.0,0.0,0.0,0,Not Verified
STU0173,Data Science,0.0,0.0,0.0,0.0,0.0,0.0,0.0,0.0,0,Not Verified
STU0173,FastAPI,1.0,97.0,0.0,0.0,0.0,0.0,0.0,0.0,0,Not Verified
STU0173,Git,1.0,98.0,0.0,0.0,0.0,1.0,65.0,65.0,1,Beginner
STU0173,Docker,0.0,0.0,0.0,0.0,0.0,0.0,0.0,0.0,0,Not Verified
STU0173,C++,1.0,64.0,0.0,0.0,0.0,0.0,0.0,0.0,0,Not Verified
STU0173,HTML/CSS,1.0,65.0,0.0,0.0,0.0,0.0,0.0,0.0,0,Not Verified
STU0173,MongoDB,1.0,58.0,0.0,0.0,0.0,0.0,0.0,0.0,0,Not Verified
STU0173,Firebase,0.0,0.0,1.0,78.0,1.0,2.0,67.75,67.75,1,Beginner
STU0174,Python,1.0,77.0,0.0,0.0,0.0,0.0,0.0,0.0,0,Not Verified
STU0174,Java,0.0,0.0,0.0,0.0,0.0,0.0,0.0,0.0,0,Not Verified
STU0174,JavaScript,0.0,0.0,0.0,0.0,0.0,2.0,71.85,71.85,1,Intermediate
STU0174,React,1.0,94.0,0.0,0.0,0.0,0.0,0.0,0.0,0,Not Verified
STU0174,Node.js,1.0,61.0,0.0,0.0,0.0,0.0,0.0,0.0,0,Not Verified
STU0174,SQL,0.0,0.0,0.0,0.0,0.0,0.0,0.0,0.0,0,Not Verified
STU0174,Machine Learning,0.0,0.0,0.0,0.0,0.0,0.0,0.0,0.0,0,Not Verified
STU0174,Data Science,0.0,0.0,0.0,0.0,0.0,0.0,0.0,0.0,0,Not Verified
STU0174,FastAPI,1.0,98.0,0.0,0.0,0.0,0.0,0.0,0.0,0,Not Verified
STU0174,Git,0.0,0.0,0.0,0.0,0.0,0.0,0.0,0.0,0,Not Verified
STU0174,Docker,0.0,0.0,0.0,0.0,0.0,0.0,0.0,0.0,0,Not Verified
STU0174,C++,1.0,83.0,0.0,0.0,0.0,0.0,0.0,0.0,0,Not Verified
STU0174,HTML/CSS,0.0,0.0,0.0,0.0,0.0,1.0,82.1,82.1,1,Intermediate
STU0174,MongoDB,1.0,57.0,0.0,0.0,0.0,0.0,0.0,0.0,0,Not Verified
STU0174,Firebase,0.0,0.0,0.0,0.0,0.0,0.0,0.0,0.0,0,Not Verified
STU0175,Python,0.0,0.0,1.0,118.0,2.0,0.0,0.0,0.0,0,Not Verified
STU0175,Java,0.0,0.0,0.0,0.0,0.0,0.0,0.0,0.0,0,Not Verified
STU0175,JavaScript,0.0,0.0,0.0,0.0,0.0,0.0,0.0,0.0,0,Not Verified
STU0175,React,1.0,58.0,0.0,0.0,0.0,0.0,0.0,0.0,0,Not Verified
STU0175,Node.js,1.0,90.0,0.0,0.0,0.0,0.0,0.0,0.0,0,Not Verified
STU0175,SQL,1.0,58.0,0.0,0.0,0.0,1.0,72.3,72.3,1,Intermediate
STU0175,Machine Learning,1.0,98.0,1.0,118.0,2.0,1.0,73.5,73.5,1,Intermediate
STU0175,Data Science,0.0,0.0,0.0,0.0,0.0,0.0,0.0,0.0,0,Not Verified
STU0175,FastAPI,1.0,73.0,0.0,0.0,0.0,0.0,0.0,0.0,0,Not Verified
STU0175,Git,0.0,0.0,0.0,0.0,0.0,1.0,82.5,82.5,1,Intermediate
STU0175,Docker,1.0,79.0,0.0,0.0,0.0,0.0,0.0,0.0,0,Not Verified
STU0175,C++,1.0,79.0,0.0,0.0,0.0,0.0,0.0,0.0,0,Not Verified
STU0175,HTML/CSS,1.0,75.0,0.0,0.0,0.0,0.0,0.0,0.0,0,Not Verified
STU0175,MongoDB,1.0,97.0,0.0,0.0,0.0,1.0,82.5,82.5,1,Intermediate
STU0175,Firebase,1.0,81.0,0.0,0.0,0.0,0.0,0.0,0.0,0,Not Verified
STU0176,Python,0.0,0.0,1.0,54.0,1.0,0.0,0.0,0.0,0,Not Verified
STU0176,Java,0.0,0.0,0.0,0.0,0.0,0.0,0.0,0.0,0,Not Verified
STU0176,JavaScript,0.0,0.0,0.0,0.0,0.0,1.0,85.7,85.7,1,Advanced
STU0176,React,1.0,96.0,2.0,124.0,2.0,0.0,0.0,0.0,0,Not Verified
STU0176,Node.js,1.0,95.0,2.0,124.0,2.0,0.0,0.0,0.0,0,Not Verified
STU0176,SQL,0.0,0.0,0.0,0.0,0.0,0.0,0.0,0.0,0,Not Verified
STU0176,Machine Learning,0.0,0.0,1.0,54.0,1.0,0.0,0.0,0.0,0,Not Verified
STU0176,Data Science,1.0,92.0,0.0,0.0,0.0,1.0,76.6,76.6,1,Intermediate
STU0176,FastAPI,0.0,0.0,1.0,54.0,1.0,0.0,0.0,0.0,0,Not Verified
STU0176,Git,1.0,78.0,0.0,0.0,0.0,0.0,0.0,0.0,0,Not Verified
STU0176,Docker,0.0,0.0,0.0,0.0,0.0,0.0,0.0,0.0,0,Not Verified
STU0176,C++,1.0,69.0,0.0,0.0,0.0,0.0,0.0,0.0,0,Not Verified
STU0176,HTML/CSS,0.0,0.0,0.0,0.0,0.0,0.0,0.0,0.0,0,Not Verified
STU0176,MongoDB,0.0,0.0,2.0,124.0,2.0,0.0,0.0,0.0,0,Not Verified
STU0176,Firebase,0.0,0.0,0.0,0.0,0.0,1.0,66.4,66.4,1,Beginner
STU0177,Python,0.0,0.0,1.0,119.0,3.0,1.0,81.5,81.5,1,Intermediate
STU0177,Java,0.0,0.0,0.0,0.0,0.0,0.0,0.0,0.0,0,Not Verified
STU0177,JavaScript,1.0,82.0,0.0,0.0,0.0,0.0,0.0,0.0,0,Not Verified
STU0177,React,1.0,66.0,0.0,0.0,0.0,0.0,0.0,0.0,0,Not Verified
STU0177,Node.js,1.0,79.0,0.0,0.0,0.0,0.0,0.0,0.0,0,Not Verified
STU0177,SQL,1.0,72.0,1.0,119.0,3.0,0.0,0.0,0.0,0,Not Verified
STU0177,Machine Learning,0.0,0.0,0.0,0.0,0.0,0.0,0.0,0.0,0,Not Verified
STU0177,Data Science,1.0,57.0,1.0,119.0,3.0,0.0,0.0,0.0,0,Not Verified
STU0177,FastAPI,0.0,0.0,0.0,0.0,0.0,0.0,0.0,0.0,0,Not Verified
STU0177,Git,1.0,66.0,0.0,0.0,0.0,0.0,0.0,0.0,0,Not Verified
STU0177,Docker,0.0,0.0,0.0,0.0,0.0,0.0,0.0,0.0,0,Not Verified
STU0177,C++,1.0,59.0,0.0,0.0,0.0,0.0,0.0,0.0,0,Not Verified
STU0177,HTML/CSS,1.0,62.0,0.0,0.0,0.0,0.0,0.0,0.0,0,Not Verified
STU0177,MongoDB,0.0,0.0,0.0,0.0,0.0,0.0,0.0,0.0,0,Not Verified
STU0177,Firebase,1.0,87.0,0.0,0.0,0.0,0.0,0.0,0.0,0,Not Verified
STU0178,Python,1.0,58.0,1.0,61.0,1.0,0.0,0.0,0.0,0,Not Verified
STU0178,Java,0.0,0.0,0.0,0.0,0.0,0.0,0.0,0.0,0,Not Verified
STU0178,JavaScript,1.0,57.0,0.0,0.0,0.0,0.0,0.0,0.0,0,Not Verified
STU0178,React,0.0,0.0,0.0,0.0,0.0,0.0,0.0,0.0,0,Not Verified
STU0178,Node.js,1.0,64.0,0.0,0.0,0.0,0.0,0.0,0.0,0,Not Verified
STU0178,SQL,1.0,95.0,0.0,0.0,0.0,0.0,0.0,0.0,0,Not Verified
STU0178,Machine Learning,0.0,0.0,0.0,0.0,0.0,0.0,0.0,0.0,0,Not Verified
STU0178,Data Science,1.0,94.0,0.0,0.0,0.0,0.0,0.0,0.0,0,Not Verified
STU0178,FastAPI,1.0,97.0,0.0,0.0,0.0,0.0,0.0,0.0,0,Not Verified
STU0178,Git,1.0,75.0,0.0,0.0,0.0,1.0,74.5,74.5,1,Intermediate
STU0178,Docker,0.0,0.0,0.0,0.0,0.0,0.0,0.0,0.0,0,Not Verified
STU0178,C++,0.0,0.0,0.0,0.0,0.0,0.0,0.0,0.0,0,Not Verified
STU0178,HTML/CSS,0.0,0.0,0.0,0.0,0.0,1.0,65.0,65.0,1,Beginner
STU0178,MongoDB,1.0,64.0,0.0,0.0,0.0,0.0,0.0,0.0,0,Not Verified
STU0178,Firebase,1.0,93.0,1.0,61.0,1.0,0.0,0.0,0.0,0,Not Verified
STU0179,Python,0.0,0.0,0.0,0.0,0.0,0.0,0.0,0.0,0,Not Verified
STU0179,Java,1.0,87.0,0.0,0.0,0.0,0.0,0.0,0.0,0,Not Verified
STU0179,JavaScript,0.0,0.0,0.0,0.0,0.0,0.0,0.0,0.0,0,Not Verified
STU0179,React,0.0,0.0,0.0,0.0,0.0,0.0,0.0,0.0,0,Not Verified
STU0179,Node.js,0.0,0.0,0.0,0.0,0.0,0.0,0.0,0.0,0,Not Verified
STU0179,SQL,1.0,59.0,0.0,0.0,0.0,0.0,0.0,0.0,0,Not Verified
STU0179,Machine Learning,0.0,0.0,0.0,0.0,0.0,0.0,0.0,0.0,0,Not Verified
STU0179,Data Science,1.0,88.0,0.0,0.0,0.0,2.0,87.55000000000001,87.55000000000001,1,Advanced
STU0179,FastAPI,1.0,88.0,0.0,0.0,0.0,0.0,0.0,0.0,0,Not Verified
STU0179,Git,1.0,66.0,0.0,0.0,0.0,0.0,0.0,0.0,0,Not Verified
STU0179,Docker,1.0,65.0,0.0,0.0,0.0,0.0,0.0,0.0,0,Not Verified
STU0179,C++,0.0,0.0,0.0,0.0,0.0,0.0,0.0,0.0,0,Not Verified
STU0179,HTML/CSS,1.0,69.0,0.0,0.0,0.0,0.0,0.0,0.0,0,Not Verified
STU0179,MongoDB,0.0,0.0,0.0,0.0,0.0,0.0,0.0,0.0,0,Not Verified
STU0179,Firebase,0.0,0.0,0.0,0.0,0.0,0.0,0.0,0.0,0,Not Verified
STU0180,Python,0.0,0.0,1.0,110.0,1.0,0.0,0.0,0.0,0,Not Verified
STU0180,Java,1.0,68.0,0.0,0.0,0.0,1.0,51.9,51.9,1,Beginner
STU0180,JavaScript,0.0,0.0,2.0,253.0,2.5,0.0,0.0,0.0,0,Not Verified
STU0180,React,1.0,88.0,1.0,124.0,3.0,0.0,0.0,0.0,0,Not Verified
STU0180,Node.js,0.0,0.0,1.0,124.0,3.0,0.0,0.0,0.0,0,Not Verified
STU0180,SQL,1.0,94.0,1.0,124.0,3.0,0.0,0.0,0.0,0,Not Verified
STU0180,Machine Learning,1.0,73.0,1.0,110.0,1.0,0.0,0.0,0.0,0,Not Verified
STU0180,Data Science,0.0,0.0,1.0,110.0,1.0,0.0,0.0,0.0,0,Not Verified
STU0180,FastAPI,1.0,76.0,0.0,0.0,0.0,0.0,0.0,0.0,0,Not Verified
STU0180,Git,1.0,85.0,0.0,0.0,0.0,1.0,62.2,62.2,1,Beginner
STU0180,Docker,1.0,90.0,0.0,0.0,0.0,0.0,0.0,0.0,0,Not Verified
STU0180,C++,0.0,0.0,0.0,0.0,0.0,0.0,0.0,0.0,0,Not Verified
STU0180,HTML/CSS,0.0,0.0,1.0,129.0,2.0,0.0,0.0,0.0,0,Not Verified
STU0180,MongoDB,0.0,0.0,0.0,0.0,0.0,0.0,0.0,0.0,0,Not Verified
STU0180,Firebase,1.0,78.0,0.0,0.0,0.0,0.0,0.0,0.0,0,Not Verified
STU0181,Python,1.0,79.0,2.0,242.0,2.0,1.0,59.0,59.0,1,Beginner
STU0181,Java,1.0,62.0,1.0,138.0,1.0,0.0,0.0,0.0,0,Not Verified
STU0181,JavaScript,1.0,87.0,0.0,0.0,0.0,0.0,0.0,0.0,0,Not Verified
STU0181,React,1.0,73.0,0.0,0.0,0.0,0.0,0.0,0.0,0,Not Verified
STU0181,Node.js,0.0,0.0,0.0,0.0,0.0,0.0,0.0,0.0,0,Not Verified
STU0181,SQL,1.0,71.0,1.0,138.0,1.0,1.0,72.4,72.4,1,Intermediate
STU0181,Machine Learning,0.0,0.0,1.0,112.0,2.0,1.0,57.3,57.3,1,Beginner
STU0181,Data Science,1.0,89.0,1.0,112.0,2.0,1.0,65.5,65.5,1,Beginner
STU0181,FastAPI,0.0,0.0,0.0,0.0,0.0,1.0,83.7,83.7,1,Intermediate
STU0181,Git,1.0,56.0,0.0,0.0,0.0,0.0,0.0,0.0,0,Not Verified
STU0181,Docker,1.0,79.0,0.0,0.0,0.0,0.0,0.0,0.0,0,Not Verified
STU0181,C++,1.0,78.0,0.0,0.0,0.0,0.0,0.0,0.0,0,Not Verified
STU0181,HTML/CSS,0.0,0.0,0.0,0.0,0.0,1.0,76.4,76.4,1,Intermediate
STU0181,MongoDB,0.0,0.0,0.0,0.0,0.0,0.0,0.0,0.0,0,Not Verified
STU0181,Firebase,1.0,88.0,1.0,130.0,2.0,0.0,0.0,0.0,0,Not Verified
STU0182,Python,1.0,89.0,1.0,133.0,2.0,0.0,0.0,0.0,0,Not Verified
STU0182,Java,1.0,97.0,1.0,112.0,2.0,0.0,0.0,0.0,0,Not Verified
STU0182,JavaScript,0.0,0.0,0.0,0.0,0.0,0.0,0.0,0.0,0,Not Verified
STU0182,React,1.0,59.0,0.0,0.0,0.0,1.0,82.0,82.0,1,Intermediate
STU0182,Node.js,1.0,55.0,0.0,0.0,0.0,0.0,0.0,0.0,0,Not Verified
STU0182,SQL,1.0,68.0,1.0,112.0,2.0,0.0,0.0,0.0,0,Not Verified
STU0182,Machine Learning,0.0,0.0,1.0,133.0,2.0,0.0,0.0,0.0,0,Not Verified
STU0182,Data Science,1.0,65.0,1.0,133.0,2.0,1.0,71.6,71.6,1,Intermediate
STU0182,FastAPI,0.0,0.0,0.0,0.0,0.0,0.0,0.0,0.0,0,Not Verified
STU0182,Git,0.0,0.0,0.0,0.0,0.0,0.0,0.0,0.0,0,Not Verified
STU0182,Docker,1.0,95.0,0.0,0.0,0.0,0.0,0.0,0.0,0,Not Verified
STU0182,C++,0.0,0.0,0.0,0.0,0.0,0.0,0.0,0.0,0,Not Verified
STU0182,HTML/CSS,1.0,95.0,0.0,0.0,0.0,0.0,0.0,0.0,0,Not Verified
STU0182,MongoDB,0.0,0.0,0.0,0.0,0.0,0.0,0.0,0.0,0,Not Verified
STU0182,Firebase,1.0,89.0,0.0,0.0,0.0,0.0,0.0,0.0,0,Not Verified
STU0183,Python,0.0,0.0,0.0,0.0,0.0,0.0,0.0,0.0,0,Not Verified
STU0183,Java,1.0,98.0,0.0,0.0,0.0,0.0,0.0,0.0,0,Not Verified
STU0183,JavaScript,0.0,0.0,0.0,0.0,0.0,1.0,88.1,88.1,1,Advanced
STU0183,React,1.0,64.0,1.0,22.0,2.0,0.0,0.0,0.0,0,Not Verified
STU0183,Node.js,0.0,0.0,0.0,0.0,0.0,0.0,0.0,0.0,0,Not Verified
STU0183,SQL,0.0,0.0,0.0,0.0,0.0,0.0,0.0,0.0,0,Not Verified
STU0183,Machine Learning,1.0,59.0,0.0,0.0,0.0,0.0,0.0,0.0,0,Not Verified
STU0183,Data Science,0.0,0.0,0.0,0.0,0.0,0.0,0.0,0.0,0,Not Verified
STU0183,FastAPI,1.0,56.0,0.0,0.0,0.0,0.0,0.0,0.0,0,Not Verified
STU0183,Git,0.0,0.0,0.0,0.0,0.0,0.0,0.0,0.0,0,Not Verified
STU0183,Docker,1.0,96.0,0.0,0.0,0.0,0.0,0.0,0.0,0,Not Verified
STU0183,C++,0.0,0.0,0.0,0.0,0.0,0.0,0.0,0.0,0,Not Verified
STU0183,HTML/CSS,0.0,0.0,0.0,0.0,0.0,0.0,0.0,0.0,0,Not Verified
STU0183,MongoDB,1.0,82.0,0.0,0.0,0.0,1.0,61.4,61.4,1,Beginner
STU0183,Firebase,0.0,0.0,1.0,22.0,2.0,0.0,0.0,0.0,0,Not Verified
STU0184,Python,1.0,91.0,1.0,41.0,2.0,0.0,0.0,0.0,0,Not Verified
STU0184,Java,1.0,69.0,1.0,45.0,2.0,0.0,0.0,0.0,0,Not Verified
STU0184,JavaScript,1.0,79.0,1.0,94.0,2.0,0.0,0.0,0.0,0,Not Verified
STU0184,React,0.0,0.0,0.0,0.0,0.0,0.0,0.0,0.0,0,Not Verified
STU0184,Node.js,1.0,83.0,0.0,0.0,0.0,1.0,72.6,72.6,1,Intermediate
STU0184,SQL,1.0,59.0,1.0,45.0,2.0,0.0,0.0,0.0,0,Not Verified
STU0184,Machine Learning,0.0,0.0,1.0,41.0,2.0,0.0,0.0,0.0,0,Not Verified
STU0184,Data Science,0.0,0.0,0.0,0.0,0.0,0.0,0.0,0.0,0,Not Verified
STU0184,FastAPI,0.0,0.0,1.0,41.0,2.0,0.0,0.0,0.0,0,Not Verified
STU0184,Git,0.0,0.0,0.0,0.0,0.0,0.0,0.0,0.0,0,Not Verified
STU0184,Docker,0.0,0.0,0.0,0.0,0.0,0.0,0.0,0.0,0,Not Verified
STU0184,C++,1.0,90.0,0.0,0.0,0.0,0.0,0.0,0.0,0,Not Verified
STU0184,HTML/CSS,1.0,81.0,1.0,94.0,2.0,0.0,0.0,0.0,0,Not Verified
STU0184,MongoDB,0.0,0.0,0.0,0.0,0.0,0.0,0.0,0.0,0,Not Verified
STU0184,Firebase,1.0,71.0,0.0,0.0,0.0,0.0,0.0,0.0,0,Not Verified
STU0185,Python,1.0,57.0,0.0,0.0,0.0,0.0,0.0,0.0,0,Not Verified
STU0185,Java,1.0,77.0,0.0,0.0,0.0,0.0,0.0,0.0,0,Not Verified
STU0185,JavaScript,0.0,0.0,0.0,0.0,0.0,0.0,0.0,0.0,0,Not Verified
STU0185,React,0.0,0.0,1.0,140.0,2.0,1.0,79.8,79.8,1,Intermediate
STU0185,Node.js,0.0,0.0,1.0,140.0,2.0,0.0,0.0,0.0,0,Not Verified
STU0185,SQL,1.0,92.0,0.0,0.0,0.0,0.0,0.0,0.0,0,Not Verified
STU0185,Machine Learning,1.0,94.0,0.0,0.0,0.0,0.0,0.0,0.0,0,Not Verified
STU0185,Data Science,0.0,0.0,0.0,0.0,0.0,1.0,78.2,78.2,1,Intermediate
STU0185,FastAPI,1.0,87.0,0.0,0.0,0.0,0.0,0.0,0.0,0,Not Verified
STU0185,Git,0.0,0.0,0.0,0.0,0.0,0.0,0.0,0.0,0,Not Verified
STU0185,Docker,1.0,98.0,0.0,0.0,0.0,0.0,0.0,0.0,0,Not Verified
STU0185,C++,1.0,61.0,0.0,0.0,0.0,0.0,0.0,0.0,0,Not Verified
STU0185,HTML/CSS,1.0,73.0,0.0,0.0,0.0,0.0,0.0,0.0,0,Not Verified
STU0185,MongoDB,1.0,59.0,1.0,140.0,2.0,0.0,0.0,0.0,0,Not Verified
STU0185,Firebase,1.0,59.0,0.0,0.0,0.0,1.0,74.9,74.9,1,Intermediate
STU0186,Python,1.0,89.0,0.0,0.0,0.0,0.0,0.0,0.0,0,Not Verified
STU0186,Java,1.0,65.0,0.0,0.0,0.0,0.0,0.0,0.0,0,Not Verified
STU0186,JavaScript,0.0,0.0,0.0,0.0,0.0,0.0,0.0,0.0,0,Not Verified
STU0186,React,0.0,0.0,1.0,8.0,2.0,0.0,0.0,0.0,0,Not Verified
STU0186,Node.js,1.0,89.0,1.0,8.0,2.0,0.0,0.0,0.0,0,Not Verified
STU0186,SQL,0.0,0.0,0.0,0.0,0.0,0.0,0.0,0.0,0,Not Verified
STU0186,Machine Learning,1.0,63.0,0.0,0.0,0.0,0.0,0.0,0.0,0,Not Verified
STU0186,Data Science,1.0,69.0,0.0,0.0,0.0,0.0,0.0,0.0,0,Not Verified
STU0186,FastAPI,0.0,0.0,0.0,0.0,0.0,0.0,0.0,0.0,0,Not Verified
STU0186,Git,1.0,85.0,0.0,0.0,0.0,0.0,0.0,0.0,0,Not Verified
STU0186,Docker,1.0,80.0,0.0,0.0,0.0,0.0,0.0,0.0,0,Not Verified
STU0186,C++,0.0,0.0,0.0,0.0,0.0,0.0,0.0,0.0,0,Not Verified
STU0186,HTML/CSS,0.0,0.0,0.0,0.0,0.0,0.0,0.0,0.0,0,Not Verified
STU0186,MongoDB,0.0,0.0,1.0,8.0,2.0,0.0,0.0,0.0,0,Not Verified
STU0186,Firebase,0.0,0.0,0.0,0.0,0.0,1.0,76.9,76.9,1,Intermediate
STU0187,Python,1.0,91.0,1.0,48.0,3.0,0.0,0.0,0.0,0,Not Verified
STU0187,Java,0.0,0.0,0.0,0.0,0.0,0.0,0.0,0.0,0,Not Verified
STU0187,JavaScript,1.0,90.0,0.0,0.0,0.0,0.0,0.0,0.0,0,Not Verified
STU0187,React,0.0,0.0,0.0,0.0,0.0,0.0,0.0,0.0,0,Not Verified
STU0187,Node.js,1.0,64.0,0.0,0.0,0.0,0.0,0.0,0.0,0,Not Verified
STU0187,SQL,1.0,55.0,0.0,0.0,0.0,0.0,0.0,0.0,0,Not Verified
STU0187,Machine Learning,0.0,0.0,1.0,48.0,3.0,1.0,61.2,61.2,1,Beginner
STU0187,Data Science,0.0,0.0,0.0,0.0,0.0,0.0,0.0,0.0,0,Not Verified
STU0187,FastAPI,0.0,0.0,0.0,0.0,0.0,3.0,72.13333333333334,72.13333333333334,1,Intermediate
STU0187,Git,0.0,0.0,0.0,0.0,0.0,0.0,0.0,0.0,0,Not Verified
STU0187,Docker,1.0,90.0,0.0,0.0,0.0,0.0,0.0,0.0,0,Not Verified
STU0187,C++,1.0,57.0,0.0,0.0,0.0,1.0,81.3,81.3,1,Intermediate
STU0187,HTML/CSS,0.0,0.0,0.0,0.0,0.0,0.0,0.0,0.0,0,Not Verified
STU0187,MongoDB,0.0,0.0,0.0,0.0,0.0,0.0,0.0,0.0,0,Not Verified
STU0187,Firebase,1.0,62.0,0.0,0.0,0.0,1.0,81.9,81.9,1,Intermediate
STU0188,Python,0.0,0.0,0.0,0.0,0.0,0.0,0.0,0.0,0,Not Verified
STU0188,Java,1.0,65.0,0.0,0.0,0.0,0.0,0.0,0.0,0,Not Verified
STU0188,JavaScript,0.0,0.0,0.0,0.0,0.0,0.0,0.0,0.0,0,Not Verified
STU0188,React,1.0,69.0,0.0,0.0,0.0,0.0,0.0,0.0,0,Not Verified
STU0188,Node.js,1.0,66.0,0.0,0.0,0.0,2.0,66.6,66.6,1,Beginner
STU0188,SQL,1.0,94.0,0.0,0.0,0.0,1.0,77.8,77.8,1,Intermediate
STU0188,Machine Learning,1.0,96.0,0.0,0.0,0.0,0.0,0.0,0.0,0,Not Verified
STU0188,Data Science,1.0,67.0,0.0,0.0,0.0,0.0,0.0,0.0,0,Not Verified
STU0188,FastAPI,1.0,87.0,0.0,0.0,0.0,1.0,60.3,60.3,1,Beginner
STU0188,Git,1.0,71.0,0.0,0.0,0.0,1.0,70.8,70.8,1,Intermediate
STU0188,Docker,0.0,0.0,0.0,0.0,0.0,0.0,0.0,0.0,0,Not Verified
STU0188,C++,0.0,0.0,0.0,0.0,0.0,0.0,0.0,0.0,0,Not Verified
STU0188,HTML/CSS,0.0,0.0,0.0,0.0,0.0,0.0,0.0,0.0,0,Not Verified
STU0188,MongoDB,1.0,64.0,0.0,0.0,0.0,1.0,59.4,59.4,1,Beginner
STU0188,Firebase,0.0,0.0,0.0,0.0,0.0,0.0,0.0,0.0,0,Not Verified
STU0189,Python,1.0,59.0,0.0,0.0,0.0,0.0,0.0,0.0,0,Not Verified
STU0189,Java,0.0,0.0,0.0,0.0,0.0,0.0,0.0,0.0,0,Not Verified
STU0189,JavaScript,1.0,90.0,0.0,0.0,0.0,0.0,0.0,0.0,0,Not Verified
STU0189,React,0.0,0.0,0.0,0.0,0.0,0.0,0.0,0.0,0,Not Verified
STU0189,Node.js,0.0,0.0,0.0,0.0,0.0,0.0,0.0,0.0,0,Not Verified
STU0189,SQL,0.0,0.0,0.0,0.0,0.0,0.0,0.0,0.0,0,Not Verified
STU0189,Machine Learning,0.0,0.0,0.0,0.0,0.0,1.0,84.3,84.3,1,Advanced
STU0189,Data Science,0.0,0.0,0.0,0.0,0.0,0.0,0.0,0.0,0,Not Verified
STU0189,FastAPI,0.0,0.0,0.0,0.0,0.0,0.0,0.0,0.0,0,Not Verified
STU0189,Git,1.0,90.0,0.0,0.0,0.0,0.0,0.0,0.0,0,Not Verified
STU0189,Docker,1.0,84.0,0.0,0.0,0.0,0.0,0.0,0.0,0,Not Verified
STU0189,C++,0.0,0.0,0.0,0.0,0.0,1.0,79.1,79.1,1,Intermediate
STU0189,HTML/CSS,1.0,96.0,0.0,0.0,0.0,0.0,0.0,0.0,0,Not Verified
STU0189,MongoDB,0.0,0.0,0.0,0.0,0.0,1.0,68.7,68.7,1,Beginner
STU0189,Firebase,0.0,0.0,0.0,0.0,0.0,0.0,0.0,0.0,0,Not Verified
STU0190,Python,0.0,0.0,2.0,198.0,2.0,0.0,0.0,0.0,0,Not Verified
STU0190,Java,1.0,77.0,0.0,0.0,0.0,0.0,0.0,0.0,0,Not Verified
STU0190,JavaScript,0.0,0.0,0.0,0.0,0.0,0.0,0.0,0.0,0,Not Verified
STU0190,React,1.0,96.0,0.0,0.0,0.0,1.0,58.7,58.7,1,Beginner
STU0190,Node.js,1.0,63.0,0.0,0.0,0.0,1.0,73.1,73.1,1,Intermediate
STU0190,SQL,0.0,0.0,1.0,114.0,3.0,1.0,81.7,81.7,1,Intermediate
STU0190,Machine Learning,0.0,0.0,0.0,0.0,0.0,0.0,0.0,0.0,0,Not Verified
STU0190,Data Science,1.0,61.0,1.0,114.0,3.0,1.0,56.3,56.3,1,Beginner
STU0190,FastAPI,0.0,0.0,0.0,0.0,0.0,0.0,0.0,0.0,0,Not Verified
STU0190,Git,1.0,70.0,0.0,0.0,0.0,0.0,0.0,0.0,0,Not Verified
STU0190,Docker,1.0,76.0,0.0,0.0,0.0,0.0,0.0,0.0,0,Not Verified
STU0190,C++,0.0,0.0,0.0,0.0,0.0,0.0,0.0,0.0,0,Not Verified
STU0190,HTML/CSS,0.0,0.0,0.0,0.0,0.0,0.0,0.0,0.0,0,Not Verified
STU0190,MongoDB,1.0,97.0,0.0,0.0,0.0,0.0,0.0,0.0,0,Not Verified
STU0190,Firebase,0.0,0.0,1.0,84.0,1.0,0.0,0.0,0.0,0,Not Verified
STU0191,Python,0.0,0.0,1.0,30.0,3.0,0.0,0.0,0.0,0,Not Verified
STU0191,Java,1.0,97.0,0.0,0.0,0.0,1.0,75.4,75.4,1,Intermediate
STU0191,JavaScript,0.0,0.0,0.0,0.0,0.0,0.0,0.0,0.0,0,Not Verified
STU0191,React,1.0,74.0,0.0,0.0,0.0,0.0,0.0,0.0,0,Not Verified
STU0191,Node.js,0.0,0.0,0.0,0.0,0.0,0.0,0.0,0.0,0,Not Verified
STU0191,SQL,1.0,92.0,0.0,0.0,0.0,0.0,0.0,0.0,0,Not Verified
STU0191,Machine Learning,0.0,0.0,1.0,30.0,3.0,1.0,77.3,77.3,1,Intermediate
STU0191,Data Science,1.0,64.0,0.0,0.0,0.0,0.0,0.0,0.0,0,Not Verified
STU0191,FastAPI,0.0,0.0,1.0,30.0,3.0,0.0,0.0,0.0,0,Not Verified
STU0191,Git,1.0,94.0,0.0,0.0,0.0,0.0,0.0,0.0,0,Not Verified
STU0191,Docker,1.0,91.0,0.0,0.0,0.0,0.0,0.0,0.0,0,Not Verified
STU0191,C++,1.0,91.0,0.0,0.0,0.0,0.0,0.0,0.0,0,Not Verified
STU0191,HTML/CSS,0.0,0.0,0.0,0.0,0.0,1.0,69.7,69.7,1,Intermediate
STU0191,MongoDB,0.0,0.0,0.0,0.0,0.0,0.0,0.0,0.0,0,Not Verified
STU0191,Firebase,0.0,0.0,0.0,0.0,0.0,0.0,0.0,0.0,0,Not Verified
STU0192,Python,1.0,78.0,2.0,124.0,2.5,1.0,60.4,60.4,1,Beginner
STU0192,Java,0.0,0.0,2.0,66.0,1.5,0.0,0.0,0.0,0,Not Verified
STU0192,JavaScript,1.0,72.0,0.0,0.0,0.0,1.0,57.4,57.4,1,Beginner
STU0192,React,1.0,98.0,1.0,114.0,3.0,1.0,72.0,72.0,1,Intermediate
STU0192,Node.js,0.0,0.0,1.0,114.0,3.0,1.0,63.8,63.8,1,Beginner
STU0192,SQL,1.0,96.0,2.0,66.0,1.5,1.0,63.2,63.2,1,Beginner
STU0192,Machine Learning,1.0,82.0,0.0,0.0,0.0,0.0,0.0,0.0,0,Not Verified
STU0192,Data Science,0.0,0.0,0.0,0.0,0.0,0.0,0.0,0.0,0,Not Verified
STU0192,FastAPI,0.0,0.0,0.0,0.0,0.0,0.0,0.0,0.0,0,Not Verified
STU0192,Git,0.0,0.0,0.0,0.0,0.0,0.0,0.0,0.0,0,Not Verified
STU0192,Docker,0.0,0.0,0.0,0.0,0.0,0.0,0.0,0.0,0,Not Verified
STU0192,C++,0.0,0.0,0.0,0.0,0.0,0.0,0.0,0.0,0,Not Verified
STU0192,HTML/CSS,1.0,69.0,0.0,0.0,0.0,0.0,0.0,0.0,0,Not Verified
STU0192,MongoDB,1.0,63.0,1.0,114.0,3.0,1.0,83.1,83.1,1,Intermediate
STU0192,Firebase,0.0,0.0,2.0,124.0,2.5,0.0,0.0,0.0,0,Not Verified
STU0193,Python,0.0,0.0,0.0,0.0,0.0,0.0,0.0,0.0,0,Not Verified
STU0193,Java,1.0,95.0,1.0,67.0,2.0,0.0,0.0,0.0,0,Not Verified
STU0193,JavaScript,0.0,0.0,0.0,0.0,0.0,0.0,0.0,0.0,0,Not Verified
STU0193,React,0.0,0.0,0.0,0.0,0.0,1.0,62.7,62.7,1,Beginner
STU0193,Node.js,1.0,67.0,1.0,101.0,1.0,1.0,60.7,60.7,1,Beginner
STU0193,SQL,1.0,93.0,1.0,67.0,2.0,0.0,0.0,0.0,0,Not Verified
STU0193,Machine Learning,0.0,0.0,0.0,0.0,0.0,0.0,0.0,0.0,0,Not Verified
STU0193,Data Science,1.0,60.0,0.0,0.0,0.0,0.0,0.0,0.0,0,Not Verified
STU0193,FastAPI,1.0,59.0,0.0,0.0,0.0,0.0,0.0,0.0,0,Not Verified
STU0193,Git,0.0,0.0,1.0,101.0,1.0,0.0,0.0,0.0,0,Not Verified
STU0193,Docker,1.0,59.0,1.0,101.0,1.0,0.0,0.0,0.0,0,Not Verified
STU0193,C++,1.0,71.0,0.0,0.0,0.0,0.0,0.0,0.0,0,Not Verified
STU0193,HTML/CSS,1.0,63.0,0.0,0.0,0.0,0.0,0.0,0.0,0,Not Verified
STU0193,MongoDB,1.0,72.0,0.0,0.0,0.0,0.0,0.0,0.0,0,Not Verified
STU0193,Firebase,1.0,89.0,0.0,0.0,0.0,0.0,0.0,0.0,0,Not Verified
STU0194,Python,1.0,68.0,1.0,37.0,2.0,0.0,0.0,0.0,0,Not Verified
STU0194,Java,0.0,0.0,0.0,0.0,0.0,1.0,51.4,51.4,1,Beginner
STU0194,JavaScript,0.0,0.0,1.0,21.0,1.0,1.0,84.0,84.0,1,Intermediate
STU0194,React,0.0,0.0,2.0,107.0,1.5,0.0,0.0,0.0,0,Not Verified
STU0194,Node.js,0.0,0.0,2.0,107.0,1.5,1.0,79.9,79.9,1,Intermediate
STU0194,SQL,0.0,0.0,1.0,21.0,1.0,0.0,0.0,0.0,0,Not Verified
STU0194,Machine Learning,0.0,0.0,1.0,37.0,2.0,0.0,0.0,0.0,0,Not Verified
STU0194,Data Science,0.0,0.0,0.0,0.0,0.0,1.0,76.4,76.4,1,Intermediate
STU0194,FastAPI,1.0,80.0,0.0,0.0,0.0,0.0,0.0,0.0,0,Not Verified
STU0194,Git,1.0,57.0,0.0,0.0,0.0,0.0,0.0,0.0,0,Not Verified
STU0194,Docker,1.0,92.0,0.0,0.0,0.0,0.0,0.0,0.0,0,Not Verified
STU0194,C++,0.0,0.0,0.0,0.0,0.0,0.0,0.0,0.0,0,Not Verified
STU0194,HTML/CSS,0.0,0.0,0.0,0.0,0.0,0.0,0.0,0.0,0,Not Verified
STU0194,MongoDB,1.0,92.0,1.0,86.0,2.0,0.0,0.0,0.0,0,Not Verified
STU0194,Firebase,0.0,0.0,0.0,0.0,0.0,0.0,0.0,0.0,0,Not Verified
STU0195,Python,0.0,0.0,1.0,94.0,3.0,1.0,83.3,83.3,1,Intermediate
STU0195,Java,1.0,78.0,1.0,33.0,3.0,0.0,0.0,0.0,0,Not Verified
STU0195,JavaScript,1.0,87.0,0.0,0.0,0.0,0.0,0.0,0.0,0,Not Verified
STU0195,React,0.0,0.0,1.0,50.0,1.0,0.0,0.0,0.0,0,Not Verified
STU0195,Node.js,1.0,92.0,1.0,50.0,1.0,0.0,0.0,0.0,0,Not Verified
STU0195,SQL,1.0,60.0,1.0,33.0,3.0,0.0,0.0,0.0,0,Not Verified
STU0195,Machine Learning,1.0,80.0,1.0,94.0,3.0,0.0,0.0,0.0,0,Not Verified
STU0195,Data Science,1.0,84.0,0.0,0.0,0.0,1.0,54.0,54.0,1,Beginner
STU0195,FastAPI,1.0,73.0,1.0,94.0,3.0,3.0,69.10000000000001,69.10000000000001,1,Intermediate
STU0195,Git,0.0,0.0,0.0,0.0,0.0,0.0,0.0,0.0,0,Not Verified
STU0195,Docker,1.0,87.0,0.0,0.0,0.0,0.0,0.0,0.0,0,Not Verified
STU0195,C++,0.0,0.0,0.0,0.0,0.0,0.0,0.0,0.0,0,Not Verified
STU0195,HTML/CSS,0.0,0.0,0.0,0.0,0.0,0.0,0.0,0.0,0,Not Verified
STU0195,MongoDB,1.0,63.0,1.0,50.0,1.0,0.0,0.0,0.0,0,Not Verified
STU0195,Firebase,0.0,0.0,0.0,0.0,0.0,0.0,0.0,0.0,0,Not Verified
STU0196,Python,1.0,65.0,0.0,0.0,0.0,0.0,0.0,0.0,0,Not Verified
STU0196,Java,0.0,0.0,0.0,0.0,0.0,0.0,0.0,0.0,0,Not Verified
STU0196,JavaScript,1.0,64.0,0.0,0.0,0.0,1.0,69.0,69.0,1,Beginner
STU0196,React,1.0,91.0,1.0,54.0,1.0,1.0,59.7,59.7,1,Beginner
STU0196,Node.js,0.0,0.0,1.0,54.0,1.0,0.0,0.0,0.0,0,Not Verified
STU0196,SQL,0.0,0.0,0.0,0.0,0.0,0.0,0.0,0.0,0,Not Verified
STU0196,Machine Learning,0.0,0.0,0.0,0.0,0.0,1.0,64.7,64.7,1,Beginner
STU0196,Data Science,0.0,0.0,0.0,0.0,0.0,1.0,84.1,84.1,1,Advanced
STU0196,FastAPI,1.0,85.0,0.0,0.0,0.0,0.0,0.0,0.0,0,Not Verified
STU0196,Git,1.0,91.0,0.0,0.0,0.0,0.0,0.0,0.0,0,Not Verified
STU0196,Docker,1.0,66.0,0.0,0.0,0.0,0.0,0.0,0.0,0,Not Verified
STU0196,C++,1.0,77.0,0.0,0.0,0.0,1.0,56.2,56.2,1,Beginner
STU0196,HTML/CSS,1.0,57.0,0.0,0.0,0.0,0.0,0.0,0.0,0,Not Verified
STU0196,MongoDB,1.0,97.0,1.0,54.0,1.0,0.0,0.0,0.0,0,Not Verified
STU0196,Firebase,0.0,0.0,0.0,0.0,0.0,0.0,0.0,0.0,0,Not Verified
STU0197,Python,0.0,0.0,2.0,183.0,1.5,0.0,0.0,0.0,0,Not Verified
STU0197,Java,1.0,68.0,0.0,0.0,0.0,0.0,0.0,0.0,0,Not Verified
STU0197,JavaScript,0.0,0.0,2.0,246.0,2.5,0.0,0.0,0.0,0,Not Verified
STU0197,React,1.0,97.0,1.0,139.0,3.0,0.0,0.0,0.0,0,Not Verified
STU0197,Node.js,1.0,88.0,1.0,139.0,3.0,0.0,0.0,0.0,0,Not Verified
STU0197,SQL,1.0,78.0,1.0,139.0,3.0,0.0,0.0,0.0,0,Not Verified
STU0197,Machine Learning,0.0,0.0,0.0,0.0,0.0,0.0,0.0,0.0,0,Not Verified
STU0197,Data Science,1.0,57.0,0.0,0.0,0.0,0.0,0.0,0.0,0,Not Verified
STU0197,FastAPI,0.0,0.0,0.0,0.0,0.0,0.0,0.0,0.0,0,Not Verified
STU0197,Git,0.0,0.0,0.0,0.0,0.0,0.0,0.0,0.0,0,Not Verified
STU0197,Docker,0.0,0.0,0.0,0.0,0.0,2.0,70.35,70.35,1,Intermediate
STU0197,C++,0.0,0.0,0.0,0.0,0.0,0.0,0.0,0.0,0,Not Verified
STU0197,HTML/CSS,1.0,69.0,1.0,107.0,2.0,0.0,0.0,0.0,0,Not Verified
STU0197,MongoDB,0.0,0.0,0.0,0.0,0.0,0.0,0.0,0.0,0,Not Verified
STU0197,Firebase,0.0,0.0,2.0,183.0,1.5,0.0,0.0,0.0,0,Not Verified
STU0198,Python,1.0,89.0,1.0,107.0,1.0,0.0,0.0,0.0,0,Not Verified
STU0198,Java,1.0,96.0,1.0,116.0,3.0,0.0,0.0,0.0,0,Not Verified
STU0198,JavaScript,0.0,0.0,0.0,0.0,0.0,0.0,0.0,0.0,0,Not Verified
STU0198,React,0.0,0.0,0.0,0.0,0.0,0.0,0.0,0.0,0,Not Verified
STU0198,Node.js,1.0,79.0,1.0,54.0,2.0,0.0,0.0,0.0,0,Not Verified
STU0198,SQL,1.0,79.0,1.0,116.0,3.0,0.0,0.0,0.0,0,Not Verified
STU0198,Machine Learning,0.0,0.0,0.0,0.0,0.0,0.0,0.0,0.0,0,Not Verified
STU0198,Data Science,1.0,71.0,0.0,0.0,0.0,0.0,0.0,0.0,0,Not Verified
STU0198,FastAPI,0.0,0.0,0.0,0.0,0.0,0.0,0.0,0.0,0,Not Verified
STU0198,Git,0.0,0.0,1.0,54.0,2.0,1.0,75.2,75.2,1,Intermediate
STU0198,Docker,1.0,66.0,1.0,54.0,2.0,0.0,0.0,0.0,0,Not Verified
STU0198,C++,0.0,0.0,0.0,0.0,0.0,1.0,90.1,90.1,1,Advanced
STU0198,HTML/CSS,1.0,91.0,0.0,0.0,0.0,0.0,0.0,0.0,0,Not Verified
STU0198,MongoDB,0.0,0.0,0.0,0.0,0.0,0.0,0.0,0.0,0,Not Verified
STU0198,Firebase,1.0,92.0,1.0,107.0,1.0,0.0,0.0,0.0,0,Not Verified
STU0199,Python,0.0,0.0,1.0,37.0,3.0,0.0,0.0,0.0,0,Not Verified
STU0199,Java,1.0,77.0,0.0,0.0,0.0,1.0,76.6,76.6,1,Intermediate
STU0199,JavaScript,0.0,0.0,0.0,0.0,0.0,0.0,0.0,0.0,0,Not Verified
STU0199,React,1.0,93.0,0.0,0.0,0.0,0.0,0.0,0.0,0,Not Verified
STU0199,Node.js,1.0,86.0,0.0,0.0,0.0,0.0,0.0,0.0,0,Not Verified
STU0199,SQL,0.0,0.0,0.0,0.0,0.0,0.0,0.0,0.0,0,Not Verified
STU0199,Machine Learning,1.0,85.0,1.0,37.0,3.0,1.0,60.6,60.6,1,Beginner
STU0199,Data Science,0.0,0.0,1.0,37.0,3.0,0.0,0.0,0.0,0,Not Verified
STU0199,FastAPI,1.0,77.0,0.0,0.0,0.0,0.0,0.0,0.0,0,Not Verified
STU0199,Git,1.0,88.0,0.0,0.0,0.0,0.0,0.0,0.0,0,Not Verified
STU0199,Docker,1.0,80.0,0.0,0.0,0.0,1.0,59.9,59.9,1,Beginner
STU0199,C++,0.0,0.0,0.0,0.0,0.0,0.0,0.0,0.0,0,Not Verified
STU0199,HTML/CSS,0.0,0.0,0.0,0.0,0.0,0.0,0.0,0.0,0,Not Verified
STU0199,MongoDB,0.0,0.0,0.0,0.0,0.0,0.0,0.0,0.0,0,Not Verified
STU0199,Firebase,0.0,0.0,0.0,0.0,0.0,0.0,0.0,0.0,0,Not Verified
STU0200,Python,0.0,0.0,1.0,22.0,3.0,1.0,72.9,72.9,1,Intermediate
STU0200,Java,0.0,0.0,0.0,0.0,0.0,1.0,62.0,62.0,1,Beginner
STU0200,JavaScript,1.0,87.0,0.0,0.0,0.0,0.0,0.0,0.0,0,Not Verified
STU0200,React,1.0,68.0,1.0,68.0,3.0,0.0,0.0,0.0,0,Not Verified
STU0200,Node.js,0.0,0.0,1.0,68.0,3.0,0.0,0.0,0.0,0,Not Verified
STU0200,SQL,0.0,0.0,0.0,0.0,0.0,0.0,0.0,0.0,0,Not Verified
STU0200,Machine Learning,0.0,0.0,0.0,0.0,0.0,1.0,66.0,66.0,1,Beginner
STU0200,Data Science,1.0,96.0,0.0,0.0,0.0,0.0,0.0,0.0,0,Not Verified
STU0200,FastAPI,1.0,59.0,0.0,0.0,0.0,0.0,0.0,0.0,0,Not Verified
STU0200,Git,0.0,0.0,0.0,0.0,0.0,0.0,0.0,0.0,0,Not Verified
STU0200,Docker,0.0,0.0,0.0,0.0,0.0,0.0,0.0,0.0,0,Not Verified
STU0200,C++,0.0,0.0,0.0,0.0,0.0,0.0,0.0,0.0,0,Not Verified
STU0200,HTML/CSS,0.0,0.0,0.0,0.0,0.0,1.0,67.7,67.7,1,Beginner
STU0200,MongoDB,1.0,72.0,1.0,68.0,3.0,0.0,0.0,0.0,0,Not Verified
STU0200,Firebase,0.0,0.0,1.0,22.0,3.0,0.0,0.0,0.0,0,Not Verified
STU0201,Python,0.0,0.0,1.0,81.0,2.0,0.0,0.0,0.0,0,Not Verified
STU0201,Java,1.0,98.0,1.0,38.0,2.0,0.0,0.0,0.0,0,Not Verified
STU0201,JavaScript,1.0,81.0,0.0,0.0,0.0,0.0,0.0,0.0,0,Not Verified
STU0201,React,1.0,85.0,0.0,0.0,0.0,0.0,0.0,0.0,0,Not Verified
STU0201,Node.js,0.0,0.0,0.0,0.0,0.0,0.0,0.0,0.0,0,Not Verified
STU0201,SQL,1.0,62.0,1.0,38.0,2.0,0.0,0.0,0.0,0,Not Verified
STU0201,Machine Learning,0.0,0.0,1.0,81.0,2.0,0.0,0.0,0.0,0,Not Verified
STU0201,Data Science,0.0,0.0,0.0,0.0,0.0,0.0,0.0,0.0,0,Not Verified
STU0201,FastAPI,0.0,0.0,1.0,81.0,2.0,0.0,0.0,0.0,0,Not Verified
STU0201,Git,1.0,85.0,0.0,0.0,0.0,0.0,0.0,0.0,0,Not Verified
STU0201,Docker,0.0,0.0,0.0,0.0,0.0,0.0,0.0,0.0,0,Not Verified
STU0201,C++,0.0,0.0,0.0,0.0,0.0,0.0,0.0,0.0,0,Not Verified
STU0201,HTML/CSS,0.0,0.0,0.0,0.0,0.0,0.0,0.0,0.0,0,Not Verified
STU0201,MongoDB,0.0,0.0,0.0,0.0,0.0,0.0,0.0,0.0,0,Not Verified
STU0201,Firebase,1.0,76.0,0.0,0.0,0.0,0.0,0.0,0.0,0,Not Verified
STU0202,Python,1.0,95.0,0.0,0.0,0.0,0.0,0.0,0.0,0,Not Verified
STU0202,Java,0.0,0.0,0.0,0.0,0.0,0.0,0.0,0.0,0,Not Verified
STU0202,JavaScript,1.0,92.0,0.0,0.0,0.0,0.0,0.0,0.0,0,Not Verified
STU0202,React,1.0,63.0,0.0,0.0,0.0,0.0,0.0,0.0,0,Not Verified
STU0202,Node.js,0.0,0.0,0.0,0.0,0.0,0.0,0.0,0.0,0,Not Verified
STU0202,SQL,0.0,0.0,0.0,0.0,0.0,0.0,0.0,0.0,0,Not Verified
STU0202,Machine Learning,1.0,63.0,0.0,0.0,0.0,0.0,0.0,0.0,0,Not Verified
STU0202,Data Science,0.0,0.0,0.0,0.0,0.0,0.0,0.0,0.0,0,Not Verified
STU0202,FastAPI,0.0,0.0,0.0,0.0,0.0,0.0,0.0,0.0,0,Not Verified
STU0202,Git,1.0,91.0,0.0,0.0,0.0,0.0,0.0,0.0,0,Not Verified
STU0202,Docker,1.0,65.0,0.0,0.0,0.0,0.0,0.0,0.0,0,Not Verified
STU0202,C++,0.0,0.0,0.0,0.0,0.0,0.0,0.0,0.0,0,Not Verified
STU0202,HTML/CSS,0.0,0.0,0.0,0.0,0.0,0.0,0.0,0.0,0,Not Verified
STU0202,MongoDB,1.0,57.0,0.0,0.0,0.0,0.0,0.0,0.0,0,Not Verified
STU0202,Firebase,1.0,87.0,0.0,0.0,0.0,0.0,0.0,0.0,0,Not Verified
STU0203,Python,1.0,73.0,0.0,0.0,0.0,1.0,72.1,72.1,1,Intermediate
STU0203,Java,0.0,0.0,1.0,13.0,3.0,0.0,0.0,0.0,0,Not Verified
STU0203,JavaScript,1.0,97.0,0.0,0.0,0.0,1.0,70.8,70.8,1,Intermediate
STU0203,React,0.0,0.0,0.0,0.0,0.0,0.0,0.0,0.0,0,Not Verified
STU0203,Node.js,1.0,68.0,0.0,0.0,0.0,0.0,0.0,0.0,0,Not Verified
STU0203,SQL,1.0,65.0,1.0,13.0,3.0,0.0,0.0,0.0,0,Not Verified
STU0203,Machine Learning,1.0,85.0,0.0,0.0,0.0,0.0,0.0,0.0,0,Not Verified
STU0203,Data Science,0.0,0.0,0.0,0.0,0.0,0.0,0.0,0.0,0,Not Verified
STU0203,FastAPI,1.0,93.0,0.0,0.0,0.0,0.0,0.0,0.0,0,Not Verified
STU0203,Git,0.0,0.0,0.0,0.0,0.0,0.0,0.0,0.0,0,Not Verified
STU0203,Docker,0.0,0.0,0.0,0.0,0.0,0.0,0.0,0.0,0,Not Verified
STU0203,C++,0.0,0.0,0.0,0.0,0.0,2.0,60.35,60.35,1,Beginner
STU0203,HTML/CSS,1.0,83.0,0.0,0.0,0.0,0.0,0.0,0.0,0,Not Verified
STU0203,MongoDB,1.0,85.0,0.0,0.0,0.0,1.0,72.7,72.7,1,Intermediate
STU0203,Firebase,1.0,60.0,0.0,0.0,0.0,0.0,0.0,0.0,0,Not Verified
STU0204,Python,0.0,0.0,1.0,24.0,2.0,0.0,0.0,0.0,0,Not Verified
STU0204,Java,0.0,0.0,0.0,0.0,0.0,0.0,0.0,0.0,0,Not Verified
STU0204,JavaScript,1.0,71.0,0.0,0.0,0.0,0.0,0.0,0.0,0,Not Verified
STU0204,React,0.0,0.0,1.0,128.0,3.0,0.0,0.0,0.0,0,Not Verified
STU0204,Node.js,0.0,0.0,1.0,128.0,3.0,0.0,0.0,0.0,0,Not Verified
STU0204,SQL,0.0,0.0,0.0,0.0,0.0,0.0,0.0,0.0,0,Not Verified
STU0204,Machine Learning,1.0,97.0,0.0,0.0,0.0,0.0,0.0,0.0,0,Not Verified
STU0204,Data Science,0.0,0.0,0.0,0.0,0.0,1.0,78.5,78.5,1,Intermediate
STU0204,FastAPI,0.0,0.0,0.0,0.0,0.0,1.0,65.8,65.8,1,Beginner
STU0204,Git,1.0,87.0,0.0,0.0,0.0,0.0,0.0,0.0,0,Not Verified
STU0204,Docker,0.0,0.0,0.0,0.0,0.0,1.0,77.9,77.9,1,Intermediate
STU0204,C++,1.0,98.0,0.0,0.0,0.0,1.0,63.0,63.0,1,Beginner
STU0204,HTML/CSS,1.0,65.0,0.0,0.0,0.0,0.0,0.0,0.0,0,Not Verified
STU0204,MongoDB,1.0,94.0,1.0,128.0,3.0,0.0,0.0,0.0,0,Not Verified
STU0204,Firebase,0.0,0.0,1.0,24.0,2.0,0.0,0.0,0.0,0,Not Verified
STU0205,Python,0.0,0.0,1.0,35.0,2.0,1.0,67.7,67.7,1,Beginner
STU0205,Java,1.0,67.0,2.0,168.0,1.5,0.0,0.0,0.0,0,Not Verified
STU0205,JavaScript,0.0,0.0,0.0,0.0,0.0,0.0,0.0,0.0,0,Not Verified
STU0205,React,1.0,88.0,1.0,141.0,2.0,0.0,0.0,0.0,0,Not Verified
STU0205,Node.js,0.0,0.0,2.0,212.0,2.5,0.0,0.0,0.0,0,Not Verified
STU0205,SQL,0.0,0.0,2.0,168.0,1.5,0.0,0.0,0.0,0,Not Verified
STU0205,Machine Learning,1.0,87.0,1.0,35.0,2.0,0.0,0.0,0.0,0,Not Verified
STU0205,Data Science,1.0,63.0,0.0,0.0,0.0,0.0,0.0,0.0,0,Not Verified
STU0205,FastAPI,0.0,0.0,1.0,35.0,2.0,1.0,71.1,71.1,1,Intermediate
STU0205,Git,1.0,61.0,1.0,71.0,3.0,1.0,77.8,77.8,1,Intermediate
STU0205,Docker,0.0,0.0,1.0,71.0,3.0,0.0,0.0,0.0,0,Not Verified
STU0205,C++,0.0,0.0,0.0,0.0,0.0,2.0,78.6,78.6,1,Intermediate
STU0205,HTML/CSS,1.0,56.0,0.0,0.0,0.0,0.0,0.0,0.0,0,Not Verified
STU0205,MongoDB,0.0,0.0,1.0,141.0,2.0,1.0,66.6,66.6,1,Beginner
STU0205,Firebase,1.0,79.0,0.0,0.0,0.0,0.0,0.0,0.0,0,Not Verified
STU0206,Python,1.0,89.0,2.0,112.0,1.5,1.0,56.9,56.9,1,Beginner
STU0206,Java,1.0,97.0,0.0,0.0,0.0,0.0,0.0,0.0,0,Not Verified
STU0206,JavaScript,1.0,60.0,0.0,0.0,0.0,0.0,0.0,0.0,0,Not Verified
STU0206,React,0.0,0.0,2.0,144.0,1.5,0.0,0.0,0.0,0,Not Verified
STU0206,Node.js,1.0,98.0,2.0,144.0,1.5,0.0,0.0,0.0,0,Not Verified
STU0206,SQL,0.0,0.0,0.0,0.0,0.0,0.0,0.0,0.0,0,Not Verified
STU0206,Machine Learning,1.0,87.0,2.0,112.0,1.5,0.0,0.0,0.0,0,Not Verified
STU0206,Data Science,1.0,93.0,0.0,0.0,0.0,0.0,0.0,0.0,0,Not Verified
STU0206,FastAPI,0.0,0.0,2.0,112.0,1.5,0.0,0.0,0.0,0,Not Verified
STU0206,Git,1.0,85.0,0.0,0.0,0.0,0.0,0.0,0.0,0,Not Verified
STU0206,Docker,0.0,0.0,0.0,0.0,0.0,1.0,70.5,70.5,1,Intermediate
STU0206,C++,0.0,0.0,0.0,0.0,0.0,0.0,0.0,0.0,0,Not Verified
STU0206,HTML/CSS,1.0,63.0,0.0,0.0,0.0,0.0,0.0,0.0,0,Not Verified
STU0206,MongoDB,1.0,62.0,2.0,144.0,1.5,0.0,0.0,0.0,0,Not Verified
STU0206,Firebase,1.0,55.0,0.0,0.0,0.0,0.0,0.0,0.0,0,Not Verified
STU0207,Python,1.0,61.0,1.0,123.0,2.0,0.0,0.0,0.0,0,Not Verified
STU0207,Java,0.0,0.0,2.0,161.0,2.5,0.0,0.0,0.0,0,Not Verified
STU0207,JavaScript,0.0,0.0,0.0,0.0,0.0,0.0,0.0,0.0,0,Not Verified
STU0207,React,1.0,71.0,1.0,138.0,1.0,0.0,0.0,0.0,0,Not Verified
STU0207,Node.js,0.0,0.0,0.0,0.0,0.0,1.0,59.8,59.8,1,Beginner
STU0207,SQL,1.0,91.0,2.0,161.0,2.5,0.0,0.0,0.0,0,Not Verified
STU0207,Machine Learning,1.0,79.0,1.0,123.0,2.0,0.0,0.0,0.0,0,Not Verified
STU0207,Data Science,1.0,69.0,0.0,0.0,0.0,0.0,0.0,0.0,0,Not Verified
STU0207,FastAPI,1.0,77.0,1.0,123.0,2.0,0.0,0.0,0.0,0,Not Verified
STU0207,Git,1.0,85.0,0.0,0.0,0.0,0.0,0.0,0.0,0,Not Verified
STU0207,Docker,0.0,0.0,0.0,0.0,0.0,0.0,0.0,0.0,0,Not Verified
STU0207,C++,0.0,0.0,0.0,0.0,0.0,0.0,0.0,0.0,0,Not Verified
STU0207,HTML/CSS,1.0,63.0,0.0,0.0,0.0,0.0,0.0,0.0,0,Not Verified
STU0207,MongoDB,1.0,82.0,0.0,0.0,0.0,0.0,0.0,0.0,0,Not Verified
STU0207,Firebase,1.0,92.0,1.0,138.0,1.0,1.0,89.1,89.1,1,Advanced
STU0208,Python,0.0,0.0,0.0,0.0,0.0,0.0,0.0,0.0,0,Not Verified
STU0208,Java,0.0,0.0,0.0,0.0,0.0,0.0,0.0,0.0,0,Not Verified
STU0208,JavaScript,0.0,0.0,0.0,0.0,0.0,0.0,0.0,0.0,0,Not Verified
STU0208,React,0.0,0.0,0.0,0.0,0.0,0.0,0.0,0.0,0,Not Verified
STU0208,Node.js,1.0,67.0,0.0,0.0,0.0,1.0,68.3,68.3,1,Beginner
STU0208,SQL,0.0,0.0,0.0,0.0,0.0,0.0,0.0,0.0,0,Not Verified
STU0208,Machine Learning,1.0,91.0,0.0,0.0,0.0,0.0,0.0,0.0,0,Not Verified
STU0208,Data Science,0.0,0.0,0.0,0.0,0.0,0.0,0.0,0.0,0,Not Verified
STU0208,FastAPI,1.0,55.0,0.0,0.0,0.0,0.0,0.0,0.0,0,Not Verified
STU0208,Git,1.0,55.0,0.0,0.0,0.0,0.0,0.0,0.0,0,Not Verified
STU0208,Docker,0.0,0.0,0.0,0.0,0.0,0.0,0.0,0.0,0,Not Verified
STU0208,C++,0.0,0.0,0.0,0.0,0.0,0.0,0.0,0.0,0,Not Verified
STU0208,HTML/CSS,0.0,0.0,0.0,0.0,0.0,2.0,60.400000000000006,60.400000000000006,1,Beginner
STU0208,MongoDB,0.0,0.0,0.0,0.0,0.0,0.0,0.0,0.0,0,Not Verified
STU0208,Firebase,1.0,88.0,0.0,0.0,0.0,0.0,0.0,0.0,0,Not Verified
STU0209,Python,1.0,81.0,1.0,28.0,1.0,0.0,0.0,0.0,0,Not Verified
STU0209,Java,0.0,0.0,0.0,0.0,0.0,1.0,75.8,75.8,1,Intermediate
STU0209,JavaScript,0.0,0.0,1.0,64.0,2.0,0.0,0.0,0.0,0,Not Verified
STU0209,React,1.0,64.0,0.0,0.0,0.0,0.0,0.0,0.0,0,Not Verified
STU0209,Node.js,0.0,0.0,1.0,133.0,1.0,0.0,0.0,0.0,0,Not Verified
STU0209,SQL,0.0,0.0,0.0,0.0,0.0,1.0,76.1,76.1,1,Intermediate
STU0209,Machine Learning,1.0,78.0,1.0,28.0,1.0,0.0,0.0,0.0,0,Not Verified
STU0209,Data Science,0.0,0.0,1.0,28.0,1.0,0.0,0.0,0.0,0,Not Verified
STU0209,FastAPI,1.0,75.0,0.0,0.0,0.0,1.0,76.1,76.1,1,Intermediate
STU0209,Git,0.0,0.0,1.0,133.0,1.0,0.0,0.0,0.0,0,Not Verified
STU0209,Docker,1.0,61.0,1.0,133.0,1.0,1.0,84.0,84.0,1,Intermediate
STU0209,C++,0.0,0.0,0.0,0.0,0.0,0.0,0.0,0.0,0,Not Verified
STU0209,HTML/CSS,0.0,0.0,1.0,64.0,2.0,1.0,52.8,52.8,1,Beginner
STU0209,MongoDB,0.0,0.0,0.0,0.0,0.0,0.0,0.0,0.0,0,Not Verified
STU0209,Firebase,0.0,0.0,0.0,0.0,0.0,0.0,0.0,0.0,0,Not Verified
STU0210,Python,0.0,0.0,2.0,228.0,2.5,1.0,69.3,69.3,1,Intermediate
STU0210,Java,0.0,0.0,0.0,0.0,0.0,0.0,0.0,0.0,0,Not Verified
STU0210,JavaScript,0.0,0.0,0.0,0.0,0.0,0.0,0.0,0.0,0,Not Verified
STU0210,React,0.0,0.0,1.0,106.0,1.0,0.0,0.0,0.0,0,Not Verified
STU0210,Node.js,1.0,68.0,1.0,106.0,1.0,1.0,82.7,82.7,1,Intermediate
STU0210,SQL,1.0,85.0,1.0,142.0,3.0,0.0,0.0,0.0,0,Not Verified
STU0210,Machine Learning,1.0,90.0,1.0,86.0,2.0,0.0,0.0,0.0,0,Not Verified
STU0210,Data Science,0.0,0.0,1.0,142.0,3.0,0.0,0.0,0.0,0,Not Verified
STU0210,FastAPI,1.0,90.0,0.0,0.0,0.0,1.0,66.0,66.0,1,Beginner
STU0210,Git,1.0,80.0,0.0,0.0,0.0,0.0,0.0,0.0,0,Not Verified
STU0210,Docker,1.0,98.0,0.0,0.0,0.0,0.0,0.0,0.0,0,Not Verified
STU0210,C++,1.0,66.0,0.0,0.0,0.0,0.0,0.0,0.0,0,Not Verified
STU0210,HTML/CSS,1.0,81.0,0.0,0.0,0.0,0.0,0.0,0.0,0,Not Verified
STU0210,MongoDB,0.0,0.0,1.0,106.0,1.0,0.0,0.0,0.0,0,Not Verified
STU0210,Firebase,0.0,0.0,0.0,0.0,0.0,0.0,0.0,0.0,0,Not Verified
STU0211,Python,0.0,0.0,1.0,12.0,2.0,1.0,80.4,80.4,1,Intermediate
STU0211,Java,0.0,0.0,1.0,129.0,3.0,0.0,0.0,0.0,0,Not Verified
STU0211,JavaScript,0.0,0.0,0.0,0.0,0.0,1.0,71.3,71.3,1,Intermediate
STU0211,React,0.0,0.0,0.0,0.0,0.0,0.0,0.0,0.0,0,Not Verified
STU0211,Node.js,1.0,62.0,0.0,0.0,0.0,0.0,0.0,0.0,0,Not Verified
STU0211,SQL,1.0,65.0,1.0,129.0,3.0,0.0,0.0,0.0,0,Not Verified
STU0211,Machine Learning,0.0,0.0,1.0,12.0,2.0,0.0,0.0,0.0,0,Not Verified
STU0211,Data Science,1.0,97.0,0.0,0.0,0.0,1.0,65.0,65.0,1,Beginner
STU0211,FastAPI,1.0,80.0,1.0,12.0,2.0,0.0,0.0,0.0,0,Not Verified
STU0211,Git,1.0,83.0,0.0,0.0,0.0,0.0,0.0,0.0,0,Not Verified
STU0211,Docker,0.0,0.0,0.0,0.0,0.0,0.0,0.0,0.0,0,Not Verified
STU0211,C++,1.0,69.0,0.0,0.0,0.0,1.0,56.6,56.6,1,Beginner
STU0211,HTML/CSS,0.0,0.0,0.0,0.0,0.0,1.0,57.3,57.3,1,Beginner
STU0211,MongoDB,0.0,0.0,0.0,0.0,0.0,0.0,0.0,0.0,0,Not Verified
STU0211,Firebase,1.0,63.0,0.0,0.0,0.0,0.0,0.0,0.0,0,Not Verified
STU0212,Python,0.0,0.0,0.0,0.0,0.0,1.0,77.7,77.7,1,Intermediate
STU0212,Java,0.0,0.0,0.0,0.0,0.0,1.0,61.5,61.5,1,Beginner
STU0212,JavaScript,0.0,0.0,1.0,72.0,3.0,0.0,0.0,0.0,0,Not Verified
STU0212,React,1.0,94.0,0.0,0.0,0.0,0.0,0.0,0.0,0,Not Verified
STU0212,Node.js,0.0,0.0,0.0,0.0,0.0,0.0,0.0,0.0,0,Not Verified
STU0212,SQL,1.0,65.0,0.0,0.0,0.0,0.0,0.0,0.0,0,Not Verified
STU0212,Machine Learning,1.0,58.0,0.0,0.0,0.0,1.0,64.4,64.4,1,Beginner
STU0212,Data Science,0.0,0.0,0.0,0.0,0.0,0.0,0.0,0.0,0,Not Verified
STU0212,FastAPI,1.0,98.0,0.0,0.0,0.0,0.0,0.0,0.0,0,Not Verified
STU0212,Git,0.0,0.0,0.0,0.0,0.0,0.0,0.0,0.0,0,Not Verified
STU0212,Docker,0.0,0.0,0.0,0.0,0.0,0.0,0.0,0.0,0,Not Verified
STU0212,C++,0.0,0.0,0.0,0.0,0.0,0.0,0.0,0.0,0,Not Verified
STU0212,HTML/CSS,0.0,0.0,1.0,72.0,3.0,0.0,0.0,0.0,0,Not Verified
STU0212,MongoDB,1.0,79.0,0.0,0.0,0.0,1.0,63.6,63.6,1,Beginner
STU0212,Firebase,0.0,0.0,0.0,0.0,0.0,0.0,0.0,0.0,0,Not Verified
STU0213,Python,1.0,69.0,1.0,115.0,2.0,0.0,0.0,0.0,0,Not Verified
STU0213,Java,1.0,60.0,0.0,0.0,0.0,0.0,0.0,0.0,0,Not Verified
STU0213,JavaScript,1.0,93.0,0.0,0.0,0.0,0.0,0.0,0.0,0,Not Verified
STU0213,React,0.0,0.0,0.0,0.0,0.0,0.0,0.0,0.0,0,Not Verified
STU0213,Node.js,0.0,0.0,0.0,0.0,0.0,0.0,0.0,0.0,0,Not Verified
STU0213,SQL,0.0,0.0,1.0,115.0,2.0,1.0,79.6,79.6,1,Intermediate
STU0213,Machine Learning,1.0,80.0,0.0,0.0,0.0,0.0,0.0,0.0,0,Not Verified
STU0213,Data Science,1.0,57.0,1.0,115.0,2.0,0.0,0.0,0.0,0,Not Verified
STU0213,FastAPI,0.0,0.0,0.0,0.0,0.0,0.0,0.0,0.0,0,Not Verified
STU0213,Git,1.0,79.0,0.0,0.0,0.0,0.0,0.0,0.0,0,Not Verified
STU0213,Docker,0.0,0.0,0.0,0.0,0.0,0.0,0.0,0.0,0,Not Verified
STU0213,C++,1.0,88.0,0.0,0.0,0.0,0.0,0.0,0.0,0,Not Verified
STU0213,HTML/CSS,1.0,78.0,0.0,0.0,0.0,0.0,0.0,0.0,0,Not Verified
STU0213,MongoDB,1.0,94.0,0.0,0.0,0.0,0.0,0.0,0.0,0,Not Verified
STU0213,Firebase,1.0,96.0,0.0,0.0,0.0,0.0,0.0,0.0,0,Not Verified
STU0214,Python,1.0,97.0,0.0,0.0,0.0,0.0,0.0,0.0,0,Not Verified
STU0214,Java,0.0,0.0,0.0,0.0,0.0,1.0,81.6,81.6,1,Intermediate
STU0214,JavaScript,1.0,88.0,1.0,78.0,1.0,0.0,0.0,0.0,0,Not Verified
STU0214,React,0.0,0.0,1.0,53.0,3.0,0.0,0.0,0.0,0,Not Verified
STU0214,Node.js,0.0,0.0,1.0,53.0,3.0,0.0,0.0,0.0,0,Not Verified
STU0214,SQL,0.0,0.0,0.0,0.0,0.0,1.0,69.3,69.3,1,Intermediate
STU0214,Machine Learning,0.0,0.0,0.0,0.0,0.0,0.0,0.0,0.0,0,Not Verified
STU0214,Data Science,1.0,67.0,0.0,0.0,0.0,0.0,0.0,0.0,0,Not Verified
STU0214,FastAPI,0.0,0.0,0.0,0.0,0.0,0.0,0.0,0.0,0,Not Verified
STU0214,Git,1.0,67.0,0.0,0.0,0.0,0.0,0.0,0.0,0,Not Verified
STU0214,Docker,1.0,73.0,0.0,0.0,0.0,0.0,0.0,0.0,0,Not Verified
STU0214,C++,1.0,55.0,0.0,0.0,0.0,0.0,0.0,0.0,0,Not Verified
STU0214,HTML/CSS,0.0,0.0,1.0,78.0,1.0,0.0,0.0,0.0,0,Not Verified
STU0214,MongoDB,1.0,57.0,1.0,53.0,3.0,0.0,0.0,0.0,0,Not Verified
STU0214,Firebase,0.0,0.0,0.0,0.0,0.0,0.0,0.0,0.0,0,Not Verified
STU0215,Python,1.0,77.0,0.0,0.0,0.0,0.0,0.0,0.0,0,Not Verified
STU0215,Java,1.0,80.0,2.0,72.0,3.0,0.0,0.0,0.0,0,Not Verified
STU0215,JavaScript,1.0,80.0,2.0,195.0,2.0,0.0,0.0,0.0,0,Not Verified
STU0215,React,1.0,60.0,0.0,0.0,0.0,1.0,78.1,78.1,1,Intermediate
STU0215,Node.js,0.0,0.0,0.0,0.0,0.0,0.0,0.0,0.0,0,Not Verified
STU0215,SQL,1.0,97.0,2.0,72.0,3.0,0.0,0.0,0.0,0,Not Verified
STU0215,Machine Learning,0.0,0.0,0.0,0.0,0.0,1.0,74.3,74.3,1,Intermediate
STU0215,Data Science,0.0,0.0,0.0,0.0,0.0,0.0,0.0,0.0,0,Not Verified
STU0215,FastAPI,1.0,96.0,0.0,0.0,0.0,0.0,0.0,0.0,0,Not Verified
STU0215,Git,1.0,72.0,0.0,0.0,0.0,0.0,0.0,0.0,0,Not Verified
STU0215,Docker,0.0,0.0,0.0,0.0,0.0,0.0,0.0,0.0,0,Not Verified
STU0215,C++,1.0,65.0,0.0,0.0,0.0,0.0,0.0,0.0,0,Not Verified
STU0215,HTML/CSS,0.0,0.0,2.0,195.0,2.0,0.0,0.0,0.0,0,Not Verified
STU0215,MongoDB,0.0,0.0,0.0,0.0,0.0,0.0,0.0,0.0,0,Not Verified
STU0215,Firebase,1.0,55.0,0.0,0.0,0.0,0.0,0.0,0.0,0,Not Verified
STU0216,Python,1.0,77.0,0.0,0.0,0.0,0.0,0.0,0.0,0,Not Verified
STU0216,Java,1.0,72.0,1.0,107.0,1.0,0.0,0.0,0.0,0,Not Verified
STU0216,JavaScript,0.0,0.0,0.0,0.0,0.0,0.0,0.0,0.0,0,Not Verified
STU0216,React,1.0,92.0,0.0,0.0,0.0,0.0,0.0,0.0,0,Not Verified
STU0216,Node.js,1.0,67.0,0.0,0.0,0.0,0.0,0.0,0.0,0,Not Verified
STU0216,SQL,0.0,0.0,1.0,107.0,1.0,0.0,0.0,0.0,0,Not Verified
STU0216,Machine Learning,0.0,0.0,0.0,0.0,0.0,0.0,0.0,0.0,0,Not Verified
STU0216,Data Science,0.0,0.0,0.0,0.0,0.0,0.0,0.0,0.0,0,Not Verified
STU0216,FastAPI,1.0,77.0,0.0,0.0,0.0,0.0,0.0,0.0,0,Not Verified
STU0216,Git,1.0,90.0,0.0,0.0,0.0,0.0,0.0,0.0,0,Not Verified
STU0216,Docker,1.0,69.0,0.0,0.0,0.0,0.0,0.0,0.0,0,Not Verified
STU0216,C++,0.0,0.0,0.0,0.0,0.0,0.0,0.0,0.0,0,Not Verified
STU0216,HTML/CSS,1.0,93.0,0.0,0.0,0.0,0.0,0.0,0.0,0,Not Verified
STU0216,MongoDB,0.0,0.0,0.0,0.0,0.0,0.0,0.0,0.0,0,Not Verified
STU0216,Firebase,0.0,0.0,0.0,0.0,0.0,0.0,0.0,0.0,0,Not Verified
STU0217,Python,1.0,73.0,1.0,37.0,3.0,0.0,0.0,0.0,0,Not Verified
STU0217,Java,1.0,71.0,0.0,0.0,0.0,0.0,0.0,0.0,0,Not Verified
STU0217,JavaScript,1.0,62.0,0.0,0.0,0.0,0.0,0.0,0.0,0,Not Verified
STU0217,React,0.0,0.0,0.0,0.0,0.0,0.0,0.0,0.0,0,Not Verified
STU0217,Node.js,1.0,76.0,0.0,0.0,0.0,0.0,0.0,0.0,0,Not Verified
STU0217,SQL,0.0,0.0,0.0,0.0,0.0,0.0,0.0,0.0,0,Not Verified
STU0217,Machine Learning,1.0,59.0,1.0,37.0,3.0,0.0,0.0,0.0,0,Not Verified
STU0217,Data Science,0.0,0.0,0.0,0.0,0.0,1.0,95.7,95.7,1,Advanced
STU0217,FastAPI,0.0,0.0,0.0,0.0,0.0,1.0,72.8,72.8,1,Intermediate
STU0217,Git,1.0,87.0,0.0,0.0,0.0,0.0,0.0,0.0,0,Not Verified
STU0217,Docker,0.0,0.0,0.0,0.0,0.0,0.0,0.0,0.0,0,Not Verified
STU0217,C++,0.0,0.0,0.0,0.0,0.0,0.0,0.0,0.0,0,Not Verified
STU0217,HTML/CSS,0.0,0.0,0.0,0.0,0.0,0.0,0.0,0.0,0,Not Verified
STU0217,MongoDB,1.0,87.0,0.0,0.0,0.0,0.0,0.0,0.0,0,Not Verified
STU0217,Firebase,1.0,90.0,0.0,0.0,0.0,0.0,0.0,0.0,0,Not Verified
STU0218,Python,0.0,0.0,1.0,90.0,3.0,0.0,0.0,0.0,0,Not Verified
STU0218,Java,0.0,0.0,1.0,18.0,2.0,1.0,70.6,70.6,1,Intermediate
STU0218,JavaScript,0.0,0.0,0.0,0.0,0.0,1.0,88.7,88.7,1,Advanced
STU0218,React,1.0,62.0,2.0,231.0,2.0,0.0,0.0,0.0,0,Not Verified
STU0218,Node.js,1.0,84.0,2.0,165.0,2.0,0.0,0.0,0.0,0,Not Verified
STU0218,SQL,0.0,0.0,1.0,18.0,2.0,0.0,0.0,0.0,0,Not Verified
STU0218,Machine Learning,1.0,56.0,0.0,0.0,0.0,0.0,0.0,0.0,0,Not Verified
STU0218,Data Science,1.0,92.0,0.0,0.0,0.0,1.0,81.6,81.6,1,Intermediate
STU0218,FastAPI,0.0,0.0,0.0,0.0,0.0,0.0,0.0,0.0,0,Not Verified
STU0218,Git,1.0,98.0,1.0,45.0,2.0,0.0,0.0,0.0,0,Not Verified
STU0218,Docker,1.0,85.0,1.0,45.0,2.0,0.0,0.0,0.0,0,Not Verified
STU0218,C++,0.0,0.0,0.0,0.0,0.0,0.0,0.0,0.0,0,Not Verified
STU0218,HTML/CSS,1.0,84.0,0.0,0.0,0.0,0.0,0.0,0.0,0,Not Verified
STU0218,MongoDB,1.0,76.0,1.0,120.0,2.0,0.0,0.0,0.0,0,Not Verified
STU0218,Firebase,1.0,71.0,2.0,201.0,2.5,0.0,0.0,0.0,0,Not Verified
STU0219,Python,0.0,0.0,1.0,135.0,3.0,0.0,0.0,0.0,0,Not Verified
STU0219,Java,0.0,0.0,0.0,0.0,0.0,0.0,0.0,0.0,0,Not Verified
STU0219,JavaScript,0.0,0.0,1.0,34.0,1.0,0.0,0.0,0.0,0,Not Verified
STU0219,React,1.0,77.0,2.0,126.0,2.5,0.0,0.0,0.0,0,Not Verified
STU0219,Node.js,0.0,0.0,2.0,126.0,2.5,0.0,0.0,0.0,0,Not Verified
STU0219,SQL,0.0,0.0,0.0,0.0,0.0,0.0,0.0,0.0,0,Not Verified
STU0219,Machine Learning,1.0,69.0,0.0,0.0,0.0,0.0,0.0,0.0,0,Not Verified
STU0219,Data Science,0.0,0.0,0.0,0.0,0.0,1.0,71.6,71.6,1,Intermediate
STU0219,FastAPI,0.0,0.0,0.0,0.0,0.0,0.0,0.0,0.0,0,Not Verified
STU0219,Git,0.0,0.0,0.0,0.0,0.0,0.0,0.0,0.0,0,Not Verified
STU0219,Docker,1.0,75.0,0.0,0.0,0.0,0.0,0.0,0.0,0,Not Verified
STU0219,C++,0.0,0.0,0.0,0.0,0.0,0.0,0.0,0.0,0,Not Verified
STU0219,HTML/CSS,1.0,81.0,1.0,34.0,1.0,0.0,0.0,0.0,0,Not Verified
STU0219,MongoDB,1.0,88.0,2.0,126.0,2.5,0.0,0.0,0.0,0,Not Verified
STU0219,Firebase,0.0,0.0,1.0,135.0,3.0,1.0,58.2,58.2,1,Beginner
STU0220,Python,1.0,90.0,2.0,125.0,1.5,1.0,71.0,71.0,1,Intermediate
STU0220,Java,1.0,68.0,0.0,0.0,0.0,0.0,0.0,0.0,0,Not Verified
STU0220,JavaScript,0.0,0.0,0.0,0.0,0.0,0.0,0.0,0.0,0,Not Verified
STU0220,React,1.0,75.0,0.0,0.0,0.0,0.0,0.0,0.0,0,Not Verified
STU0220,Node.js,1.0,85.0,0.0,0.0,0.0,0.0,0.0,0.0,0,Not Verified
STU0220,SQL,1.0,72.0,1.0,100.0,2.0,0.0,0.0,0.0,0,Not Verified
STU0220,Machine Learning,1.0,91.0,1.0,25.0,1.0,0.0,0.0,0.0,0,Not Verified
STU0220,Data Science,0.0,0.0,2.0,125.0,1.5,1.0,83.9,83.9,1,Intermediate
STU0220,FastAPI,0.0,0.0,0.0,0.0,0.0,0.0,0.0,0.0,0,Not Verified
STU0220,Git,0.0,0.0,0.0,0.0,0.0,0.0,0.0,0.0,0,Not Verified
STU0220,Docker,0.0,0.0,0.0,0.0,0.0,0.0,0.0,0.0,0,Not Verified
STU0220,C++,1.0,66.0,0.0,0.0,0.0,0.0,0.0,0.0,0,Not Verified
STU0220,HTML/CSS,1.0,77.0,0.0,0.0,0.0,0.0,0.0,0.0,0,Not Verified
STU0220,MongoDB,0.0,0.0,0.0,0.0,0.0,0.0,0.0,0.0,0,Not Verified
STU0220,Firebase,1.0,66.0,0.0,0.0,0.0,0.0,0.0,0.0,0,Not Verified
STU0221,Python,0.0,0.0,0.0,0.0,0.0,1.0,74.4,74.4,1,Intermediate
STU0221,Java,1.0,98.0,0.0,0.0,0.0,0.0,0.0,0.0,0,Not Verified
STU0221,JavaScript,0.0,0.0,1.0,83.0,3.0,0.0,0.0,0.0,0,Not Verified
STU0221,React,1.0,70.0,0.0,0.0,0.0,0.0,0.0,0.0,0,Not Verified
STU0221,Node.js,1.0,60.0,0.0,0.0,0.0,0.0,0.0,0.0,0,Not Verified
STU0221,SQL,0.0,0.0,0.0,0.0,0.0,0.0,0.0,0.0,0,Not Verified
STU0221,Machine Learning,1.0,97.0,0.0,0.0,0.0,0.0,0.0,0.0,0,Not Verified
STU0221,Data Science,1.0,94.0,0.0,0.0,0.0,1.0,74.9,74.9,1,Intermediate
STU0221,FastAPI,0.0,0.0,0.0,0.0,0.0,0.0,0.0,0.0,0,Not Verified
STU0221,Git,1.0,62.0,0.0,0.0,0.0,0.0,0.0,0.0,0,Not Verified
STU0221,Docker,1.0,67.0,0.0,0.0,0.0,0.0,0.0,0.0,0,Not Verified
STU0221,C++,1.0,77.0,0.0,0.0,0.0,0.0,0.0,0.0,0,Not Verified
STU0221,HTML/CSS,0.0,0.0,1.0,83.0,3.0,0.0,0.0,0.0,0,Not Verified
STU0221,MongoDB,1.0,64.0,0.0,0.0,0.0,0.0,0.0,0.0,0,Not Verified
STU0221,Firebase,1.0,61.0,0.0,0.0,0.0,0.0,0.0,0.0,0,Not Verified
STU0222,Python,1.0,91.0,0.0,0.0,0.0,0.0,0.0,0.0,0,Not Verified
STU0222,Java,0.0,0.0,0.0,0.0,0.0,0.0,0.0,0.0,0,Not Verified
STU0222,JavaScript,0.0,0.0,0.0,0.0,0.0,0.0,0.0,0.0,0,Not Verified
STU0222,React,0.0,0.0,0.0,0.0,0.0,0.0,0.0,0.0,0,Not Verified
STU0222,Node.js,0.0,0.0,0.0,0.0,0.0,1.0,61.5,61.5,1,Beginner
STU0222,SQL,1.0,72.0,0.0,0.0,0.0,0.0,0.0,0.0,0,Not Verified
STU0222,Machine Learning,0.0,0.0,0.0,0.0,0.0,0.0,0.0,0.0,0,Not Verified
STU0222,Data Science,1.0,87.0,0.0,0.0,0.0,0.0,0.0,0.0,0,Not Verified
STU0222,FastAPI,1.0,86.0,0.0,0.0,0.0,0.0,0.0,0.0,0,Not Verified
STU0222,Git,1.0,86.0,0.0,0.0,0.0,1.0,81.6,81.6,1,Intermediate
STU0222,Docker,0.0,0.0,0.0,0.0,0.0,1.0,58.5,58.5,1,Beginner
STU0222,C++,1.0,80.0,0.0,0.0,0.0,0.0,0.0,0.0,0,Not Verified
STU0222,HTML/CSS,1.0,72.0,0.0,0.0,0.0,1.0,61.9,61.9,1,Beginner
STU0222,MongoDB,1.0,66.0,0.0,0.0,0.0,0.0,0.0,0.0,0,Not Verified
STU0222,Firebase,0.0,0.0,0.0,0.0,0.0,0.0,0.0,0.0,0,Not Verified
STU0223,Python,1.0,87.0,0.0,0.0,0.0,1.0,65.9,65.9,1,Beginner
STU0223,Java,0.0,0.0,0.0,0.0,0.0,1.0,75.4,75.4,1,Intermediate
STU0223,JavaScript,1.0,57.0,1.0,147.0,1.0,0.0,0.0,0.0,0,Not Verified
STU0223,React,0.0,0.0,1.0,147.0,1.0,0.0,0.0,0.0,0,Not Verified
STU0223,Node.js,0.0,0.0,1.0,147.0,1.0,1.0,57.7,57.7,1,Beginner
STU0223,SQL,0.0,0.0,1.0,147.0,1.0,0.0,0.0,0.0,0,Not Verified
STU0223,Machine Learning,1.0,80.0,0.0,0.0,0.0,0.0,0.0,0.0,0,Not Verified
STU0223,Data Science,0.0,0.0,0.0,0.0,0.0,0.0,0.0,0.0,0,Not Verified
STU0223,FastAPI,1.0,77.0,0.0,0.0,0.0,0.0,0.0,0.0,0,Not Verified
STU0223,Git,1.0,89.0,0.0,0.0,0.0,0.0,0.0,0.0,0,Not Verified
STU0223,Docker,0.0,0.0,0.0,0.0,0.0,0.0,0.0,0.0,0,Not Verified
STU0223,C++,0.0,0.0,0.0,0.0,0.0,0.0,0.0,0.0,0,Not Verified
STU0223,HTML/CSS,1.0,85.0,0.0,0.0,0.0,1.0,75.1,75.1,1,Intermediate
STU0223,MongoDB,0.0,0.0,0.0,0.0,0.0,0.0,0.0,0.0,0,Not Verified
STU0223,Firebase,0.0,0.0,0.0,0.0,0.0,0.0,0.0,0.0,0,Not Verified
STU0224,Python,1.0,71.0,1.0,12.0,3.0,2.0,84.2,84.2,1,Advanced
STU0224,Java,1.0,61.0,0.0,0.0,0.0,0.0,0.0,0.0,0,Not Verified
STU0224,JavaScript,1.0,79.0,1.0,84.0,3.0,0.0,0.0,0.0,0,Not Verified
STU0224,React,0.0,0.0,0.0,0.0,0.0,0.0,0.0,0.0,0,Not Verified
STU0224,Node.js,0.0,0.0,1.0,65.0,1.0,0.0,0.0,0.0,0,Not Verified
STU0224,SQL,1.0,94.0,0.0,0.0,0.0,0.0,0.0,0.0,0,Not Verified
STU0224,Machine Learning,0.0,0.0,1.0,12.0,3.0,1.0,63.2,63.2,1,Beginner
STU0224,Data Science,1.0,92.0,0.0,0.0,0.0,0.0,0.0,0.0,0,Not Verified
STU0224,FastAPI,1.0,75.0,1.0,12.0,3.0,0.0,0.0,0.0,0,Not Verified
STU0224,Git,1.0,66.0,1.0,65.0,1.0,0.0,0.0,0.0,0,Not Verified
STU0224,Docker,1.0,90.0,1.0,65.0,1.0,1.0,68.9,68.9,1,Beginner
STU0224,C++,0.0,0.0,0.0,0.0,0.0,0.0,0.0,0.0,0,Not Verified
STU0224,HTML/CSS,1.0,68.0,1.0,84.0,3.0,0.0,0.0,0.0,0,Not Verified
STU0224,MongoDB,0.0,0.0,0.0,0.0,0.0,1.0,67.5,67.5,1,Beginner
STU0224,Firebase,1.0,78.0,0.0,0.0,0.0,0.0,0.0,0.0,0,Not Verified
STU0225,Python,0.0,0.0,2.0,244.0,3.0,1.0,51.1,51.1,1,Beginner
STU0225,Java,0.0,0.0,1.0,29.0,2.0,0.0,0.0,0.0,0,Not Verified
STU0225,JavaScript,1.0,80.0,0.0,0.0,0.0,0.0,0.0,0.0,0,Not Verified
STU0225,React,1.0,86.0,0.0,0.0,0.0,0.0,0.0,0.0,0,Not Verified
STU0225,Node.js,1.0,82.0,0.0,0.0,0.0,0.0,0.0,0.0,0,Not Verified
STU0225,SQL,1.0,78.0,2.0,173.0,2.5,0.0,0.0,0.0,0,Not Verified
STU0225,Machine Learning,0.0,0.0,0.0,0.0,0.0,0.0,0.0,0.0,0,Not Verified
STU0225,Data Science,1.0,68.0,1.0,144.0,3.0,0.0,0.0,0.0,0,Not Verified
STU0225,FastAPI,0.0,0.0,0.0,0.0,0.0,1.0,72.3,72.3,1,Intermediate
STU0225,Git,1.0,81.0,0.0,0.0,0.0,0.0,0.0,0.0,0,Not Verified
STU0225,Docker,1.0,78.0,0.0,0.0,0.0,0.0,0.0,0.0,0,Not Verified
STU0225,C++,0.0,0.0,0.0,0.0,0.0,0.0,0.0,0.0,0,Not Verified
STU0225,HTML/CSS,0.0,0.0,0.0,0.0,0.0,0.0,0.0,0.0,0,Not Verified
STU0225,MongoDB,0.0,0.0,0.0,0.0,0.0,0.0,0.0,0.0,0,Not Verified
STU0225,Firebase,0.0,0.0,1.0,100.0,3.0,0.0,0.0,0.0,0,Not Verified
STU0226,Python,0.0,0.0,1.0,34.0,2.0,0.0,0.0,0.0,0,Not Verified
STU0226,Java,1.0,64.0,2.0,76.0,1.0,0.0,0.0,0.0,0,Not Verified
STU0226,JavaScript,1.0,70.0,0.0,0.0,0.0,0.0,0.0,0.0,0,Not Verified
STU0226,React,1.0,67.0,2.0,160.0,3.0,0.0,0.0,0.0,0,Not Verified
STU0226,Node.js,0.0,0.0,2.0,160.0,3.0,1.0,78.6,78.6,1,Intermediate
STU0226,SQL,0.0,0.0,2.0,76.0,1.0,0.0,0.0,0.0,0,Not Verified
STU0226,Machine Learning,0.0,0.0,1.0,34.0,2.0,0.0,0.0,0.0,0,Not Verified
STU0226,Data Science,1.0,72.0,0.0,0.0,0.0,0.0,0.0,0.0,0,Not Verified
STU0226,FastAPI,0.0,0.0,1.0,34.0,2.0,1.0,71.7,71.7,1,Intermediate
STU0226,Git,1.0,90.0,0.0,0.0,0.0,0.0,0.0,0.0,0,Not Verified
STU0226,Docker,0.0,0.0,0.0,0.0,0.0,0.0,0.0,0.0,0,Not Verified
STU0226,C++,0.0,0.0,0.0,0.0,0.0,0.0,0.0,0.0,0,Not Verified
STU0226,HTML/CSS,1.0,79.0,0.0,0.0,0.0,0.0,0.0,0.0,0,Not Verified
STU0226,MongoDB,1.0,82.0,2.0,160.0,3.0,0.0,0.0,0.0,0,Not Verified
STU0226,Firebase,0.0,0.0,0.0,0.0,0.0,1.0,48.7,48.7,0,Not Verified
STU0227,Python,1.0,86.0,0.0,0.0,0.0,0.0,0.0,0.0,0,Not Verified
STU0227,Java,0.0,0.0,0.0,0.0,0.0,2.0,84.05,84.05,1,Advanced
STU0227,JavaScript,1.0,88.0,1.0,55.0,3.0,0.0,0.0,0.0,0,Not Verified
STU0227,React,0.0,0.0,2.0,188.0,2.5,0.0,0.0,0.0,0,Not Verified
STU0227,Node.js,0.0,0.0,2.0,188.0,2.5,0.0,0.0,0.0,0,Not Verified
STU0227,SQL,1.0,80.0,1.0,55.0,3.0,1.0,72.9,72.9,1,Intermediate
STU0227,Machine Learning,1.0,71.0,0.0,0.0,0.0,0.0,0.0,0.0,0,Not Verified
STU0227,Data Science,1.0,89.0,0.0,0.0,0.0,0.0,0.0,0.0,0,Not Verified
STU0227,FastAPI,0.0,0.0,0.0,0.0,0.0,1.0,80.0,80.0,1,Intermediate
STU0227,Git,1.0,58.0,0.0,0.0,0.0,0.0,0.0,0.0,0,Not Verified
STU0227,Docker,1.0,91.0,0.0,0.0,0.0,0.0,0.0,0.0,0,Not Verified
STU0227,C++,0.0,0.0,0.0,0.0,0.0,0.0,0.0,0.0,0,Not Verified
STU0227,HTML/CSS,1.0,75.0,0.0,0.0,0.0,0.0,0.0,0.0,0,Not Verified
STU0227,MongoDB,1.0,90.0,1.0,133.0,2.0,0.0,0.0,0.0,0,Not Verified
STU0227,Firebase,1.0,74.0,0.0,0.0,0.0,0.0,0.0,0.0,0,Not Verified
STU0228,Python,1.0,61.0,0.0,0.0,0.0,0.0,0.0,0.0,0,Not Verified
STU0228,Java,0.0,0.0,0.0,0.0,0.0,0.0,0.0,0.0,0,Not Verified
STU0228,JavaScript,1.0,95.0,0.0,0.0,0.0,0.0,0.0,0.0,0,Not Verified
STU0228,React,1.0,83.0,1.0,98.0,2.0,0.0,0.0,0.0,0,Not Verified
STU0228,Node.js,1.0,76.0,1.0,98.0,2.0,3.0,59.93333333333334,59.93333333333334,1,Beginner
STU0228,SQL,0.0,0.0,0.0,0.0,0.0,0.0,0.0,0.0,0,Not Verified
STU0228,Machine Learning,0.0,0.0,0.0,0.0,0.0,0.0,0.0,0.0,0,Not Verified
STU0228,Data Science,0.0,0.0,0.0,0.0,0.0,0.0,0.0,0.0,0,Not Verified
STU0228,FastAPI,0.0,0.0,0.0,0.0,0.0,1.0,67.5,67.5,1,Beginner
STU0228,Git,0.0,0.0,0.0,0.0,0.0,0.0,0.0,0.0,0,Not Verified
STU0228,Docker,0.0,0.0,0.0,0.0,0.0,0.0,0.0,0.0,0,Not Verified
STU0228,C++,1.0,85.0,0.0,0.0,0.0,0.0,0.0,0.0,0,Not Verified
STU0228,HTML/CSS,0.0,0.0,0.0,0.0,0.0,0.0,0.0,0.0,0,Not Verified
STU0228,MongoDB,0.0,0.0,1.0,98.0,2.0,2.0,66.2,66.2,1,Beginner
STU0228,Firebase,0.0,0.0,0.0,0.0,0.0,0.0,0.0,0.0,0,Not Verified
STU0229,Python,1.0,91.0,0.0,0.0,0.0,1.0,72.2,72.2,1,Intermediate
STU0229,Java,0.0,0.0,0.0,0.0,0.0,0.0,0.0,0.0,0,Not Verified
STU0229,JavaScript,0.0,0.0,1.0,68.0,2.0,0.0,0.0,0.0,0,Not Verified
STU0229,React,0.0,0.0,1.0,68.0,2.0,0.0,0.0,0.0,0,Not Verified
STU0229,Node.js,1.0,93.0,1.0,68.0,2.0,1.0,54.4,54.4,1,Beginner
STU0229,SQL,1.0,81.0,1.0,68.0,2.0,0.0,0.0,0.0,0,Not Verified
STU0229,Machine Learning,0.0,0.0,0.0,0.0,0.0,0.0,0.0,0.0,0,Not Verified
STU0229,Data Science,0.0,0.0,0.0,0.0,0.0,0.0,0.0,0.0,0,Not Verified
STU0229,FastAPI,1.0,77.0,0.0,0.0,0.0,0.0,0.0,0.0,0,Not Verified
STU0229,Git,0.0,0.0,0.0,0.0,0.0,2.0,58.25,58.25,1,Beginner
STU0229,Docker,0.0,0.0,0.0,0.0,0.0,0.0,0.0,0.0,0,Not Verified
STU0229,C++,0.0,0.0,0.0,0.0,0.0,0.0,0.0,0.0,0,Not Verified
STU0229,HTML/CSS,1.0,98.0,0.0,0.0,0.0,0.0,0.0,0.0,0,Not Verified
STU0229,MongoDB,1.0,67.0,0.0,0.0,0.0,0.0,0.0,0.0,0,Not Verified
STU0229,Firebase,1.0,62.0,0.0,0.0,0.0,0.0,0.0,0.0,0,Not Verified
STU0230,Python,0.0,0.0,1.0,116.0,2.0,0.0,0.0,0.0,0,Not Verified
STU0230,Java,0.0,0.0,0.0,0.0,0.0,0.0,0.0,0.0,0,Not Verified
STU0230,JavaScript,1.0,94.0,0.0,0.0,0.0,1.0,67.2,67.2,1,Beginner
STU0230,React,0.0,0.0,0.0,0.0,0.0,0.0,0.0,0.0,0,Not Verified
STU0230,Node.js,1.0,73.0,0.0,0.0,0.0,1.0,54.0,54.0,1,Beginner
STU0230,SQL,1.0,84.0,0.0,0.0,0.0,0.0,0.0,0.0,0,Not Verified
STU0230,Machine Learning,1.0,65.0,1.0,116.0,2.0,1.0,78.0,78.0,1,Intermediate
STU0230,Data Science,1.0,64.0,0.0,0.0,0.0,0.0,0.0,0.0,0,Not Verified
STU0230,FastAPI,1.0,79.0,1.0,116.0,2.0,1.0,66.9,66.9,1,Beginner
STU0230,Git,1.0,95.0,0.0,0.0,0.0,0.0,0.0,0.0,0,Not Verified
STU0230,Docker,1.0,83.0,0.0,0.0,0.0,0.0,0.0,0.0,0,Not Verified
STU0230,C++,0.0,0.0,0.0,0.0,0.0,0.0,0.0,0.0,0,Not Verified
STU0230,HTML/CSS,0.0,0.0,0.0,0.0,0.0,0.0,0.0,0.0,0,Not Verified
STU0230,MongoDB,0.0,0.0,0.0,0.0,0.0,0.0,0.0,0.0,0,Not Verified
STU0230,Firebase,1.0,60.0,0.0,0.0,0.0,1.0,50.5,50.5,1,Beginner
STU0231,Python,1.0,96.0,0.0,0.0,0.0,0.0,0.0,0.0,0,Not Verified
STU0231,Java,1.0,93.0,0.0,0.0,0.0,1.0,84.5,84.5,1,Advanced
STU0231,JavaScript,0.0,0.0,0.0,0.0,0.0,0.0,0.0,0.0,0,Not Verified
STU0231,React,0.0,0.0,1.0,79.0,3.0,0.0,0.0,0.0,0,Not Verified
STU0231,Node.js,0.0,0.0,1.0,79.0,3.0,0.0,0.0,0.0,0,Not Verified
STU0231,SQL,1.0,69.0,0.0,0.0,0.0,0.0,0.0,0.0,0,Not Verified
STU0231,Machine Learning,1.0,75.0,0.0,0.0,0.0,0.0,0.0,0.0,0,Not Verified
STU0231,Data Science,1.0,80.0,0.0,0.0,0.0,0.0,0.0,0.0,0,Not Verified
STU0231,FastAPI,0.0,0.0,0.0,0.0,0.0,0.0,0.0,0.0,0,Not Verified
STU0231,Git,1.0,96.0,0.0,0.0,0.0,1.0,73.4,73.4,1,Intermediate
STU0231,Docker,1.0,75.0,0.0,0.0,0.0,0.0,0.0,0.0,0,Not Verified
STU0231,C++,1.0,73.0,0.0,0.0,0.0,0.0,0.0,0.0,0,Not Verified
STU0231,HTML/CSS,1.0,76.0,0.0,0.0,0.0,0.0,0.0,0.0,0,Not Verified
STU0231,MongoDB,0.0,0.0,1.0,79.0,3.0,0.0,0.0,0.0,0,Not Verified
STU0231,Firebase,1.0,72.0,0.0,0.0,0.0,0.0,0.0,0.0,0,Not Verified
STU0232,Python,0.0,0.0,1.0,12.0,3.0,0.0,0.0,0.0,0,Not Verified
STU0232,Java,0.0,0.0,2.0,209.0,2.5,0.0,0.0,0.0,0,Not Verified
STU0232,JavaScript,0.0,0.0,0.0,0.0,0.0,0.0,0.0,0.0,0,Not Verified
STU0232,React,0.0,0.0,0.0,0.0,0.0,0.0,0.0,0.0,0,Not Verified
STU0232,Node.js,0.0,0.0,1.0,89.0,1.0,1.0,94.7,94.7,1,Advanced
STU0232,SQL,1.0,56.0,2.0,209.0,2.5,0.0,0.0,0.0,0,Not Verified
STU0232,Machine Learning,0.0,0.0,1.0,12.0,3.0,1.0,89.4,89.4,1,Advanced
STU0232,Data Science,1.0,65.0,0.0,0.0,0.0,0.0,0.0,0.0,0,Not Verified
STU0232,FastAPI,1.0,70.0,1.0,12.0,3.0,0.0,0.0,0.0,0,Not Verified
STU0232,Git,1.0,63.0,1.0,89.0,1.0,0.0,0.0,0.0,0,Not Verified
STU0232,Docker,0.0,0.0,1.0,89.0,1.0,0.0,0.0,0.0,0,Not Verified
STU0232,C++,0.0,0.0,0.0,0.0,0.0,0.0,0.0,0.0,0,Not Verified
STU0232,HTML/CSS,1.0,66.0,0.0,0.0,0.0,0.0,0.0,0.0,0,Not Verified
STU0232,MongoDB,1.0,97.0,0.0,0.0,0.0,0.0,0.0,0.0,0,Not Verified
STU0232,Firebase,1.0,81.0,0.0,0.0,0.0,0.0,0.0,0.0,0,Not Verified
STU0233,Python,0.0,0.0,1.0,100.0,1.0,0.0,0.0,0.0,0,Not Verified
STU0233,Java,1.0,85.0,0.0,0.0,0.0,0.0,0.0,0.0,0,Not Verified
STU0233,JavaScript,1.0,58.0,0.0,0.0,0.0,0.0,0.0,0.0,0,Not Verified
STU0233,React,1.0,90.0,0.0,0.0,0.0,0.0,0.0,0.0,0,Not Verified
STU0233,Node.js,0.0,0.0,0.0,0.0,0.0,0.0,0.0,0.0,0,Not Verified
STU0233,SQL,0.0,0.0,0.0,0.0,0.0,0.0,0.0,0.0,0,Not Verified
STU0233,Machine Learning,1.0,56.0,0.0,0.0,0.0,0.0,0.0,0.0,0,Not Verified
STU0233,Data Science,0.0,0.0,0.0,0.0,0.0,0.0,0.0,0.0,0,Not Verified
STU0233,FastAPI,0.0,0.0,0.0,0.0,0.0,0.0,0.0,0.0,0,Not Verified
STU0233,Git,0.0,0.0,0.0,0.0,0.0,0.0,0.0,0.0,0,Not Verified
STU0233,Docker,0.0,0.0,0.0,0.0,0.0,0.0,0.0,0.0,0,Not Verified
STU0233,C++,1.0,61.0,0.0,0.0,0.0,0.0,0.0,0.0,0,Not Verified
STU0233,HTML/CSS,0.0,0.0,0.0,0.0,0.0,1.0,54.1,54.1,1,Beginner
STU0233,MongoDB,1.0,59.0,0.0,0.0,0.0,1.0,69.4,69.4,1,Intermediate
STU0233,Firebase,1.0,61.0,1.0,100.0,1.0,0.0,0.0,0.0,0,Not Verified
STU0234,Python,0.0,0.0,2.0,170.0,3.0,0.0,0.0,0.0,0,Not Verified
STU0234,Java,1.0,74.0,0.0,0.0,0.0,0.0,0.0,0.0,0,Not Verified
STU0234,JavaScript,1.0,83.0,0.0,0.0,0.0,0.0,0.0,0.0,0,Not Verified
STU0234,React,0.0,0.0,1.0,107.0,1.0,0.0,0.0,0.0,0,Not Verified
STU0234,Node.js,1.0,70.0,0.0,0.0,0.0,0.0,0.0,0.0,0,Not Verified
STU0234,SQL,0.0,0.0,1.0,100.0,3.0,0.0,0.0,0.0,0,Not Verified
STU0234,Machine Learning,0.0,0.0,1.0,70.0,3.0,0.0,0.0,0.0,0,Not Verified
STU0234,Data Science,0.0,0.0,1.0,100.0,3.0,0.0,0.0,0.0,0,Not Verified
STU0234,FastAPI,1.0,96.0,1.0,70.0,3.0,0.0,0.0,0.0,0,Not Verified
STU0234,Git,1.0,73.0,0.0,0.0,0.0,0.0,0.0,0.0,0,Not Verified
STU0234,Docker,0.0,0.0,0.0,0.0,0.0,0.0,0.0,0.0,0,Not Verified
STU0234,C++,1.0,95.0,0.0,0.0,0.0,0.0,0.0,0.0,0,Not Verified
STU0234,HTML/CSS,1.0,79.0,0.0,0.0,0.0,0.0,0.0,0.0,0,Not Verified
STU0234,MongoDB,1.0,69.0,0.0,0.0,0.0,0.0,0.0,0.0,0,Not Verified
STU0234,Firebase,0.0,0.0,1.0,107.0,1.0,0.0,0.0,0.0,0,Not Verified
STU0235,Python,1.0,89.0,1.0,82.0,3.0,1.0,63.9,63.9,1,Beginner
STU0235,Java,0.0,0.0,0.0,0.0,0.0,0.0,0.0,0.0,0,Not Verified
STU0235,JavaScript,1.0,75.0,0.0,0.0,0.0,0.0,0.0,0.0,0,Not Verified
STU0235,React,0.0,0.0,0.0,0.0,0.0,0.0,0.0,0.0,0,Not Verified
STU0235,Node.js,0.0,0.0,0.0,0.0,0.0,1.0,68.3,68.3,1,Beginner
STU0235,SQL,1.0,90.0,0.0,0.0,0.0,0.0,0.0,0.0,0,Not Verified
STU0235,Machine Learning,0.0,0.0,1.0,82.0,3.0,0.0,0.0,0.0,0,Not Verified
STU0235,Data Science,0.0,0.0,0.0,0.0,0.0,0.0,0.0,0.0,0,Not Verified
STU0235,FastAPI,1.0,85.0,1.0,82.0,3.0,0.0,0.0,0.0,0,Not Verified
STU0235,Git,0.0,0.0,0.0,0.0,0.0,0.0,0.0,0.0,0,Not Verified
STU0235,Docker,0.0,0.0,0.0,0.0,0.0,0.0,0.0,0.0,0,Not Verified
STU0235,C++,1.0,72.0,0.0,0.0,0.0,0.0,0.0,0.0,0,Not Verified
STU0235,HTML/CSS,0.0,0.0,0.0,0.0,0.0,1.0,62.8,62.8,1,Beginner
STU0235,MongoDB,0.0,0.0,0.0,0.0,0.0,0.0,0.0,0.0,0,Not Verified
STU0235,Firebase,1.0,84.0,0.0,0.0,0.0,0.0,0.0,0.0,0,Not Verified
STU0236,Python,0.0,0.0,1.0,55.0,2.0,1.0,61.3,61.3,1,Beginner
STU0236,Java,0.0,0.0,0.0,0.0,0.0,0.0,0.0,0.0,0,Not Verified
STU0236,JavaScript,1.0,88.0,0.0,0.0,0.0,0.0,0.0,0.0,0,Not Verified
STU0236,React,0.0,0.0,1.0,139.0,3.0,0.0,0.0,0.0,0,Not Verified
STU0236,Node.js,0.0,0.0,0.0,0.0,0.0,0.0,0.0,0.0,0,Not Verified
STU0236,SQL,0.0,0.0,0.0,0.0,0.0,0.0,0.0,0.0,0,Not Verified
STU0236,Machine Learning,1.0,89.0,1.0,55.0,2.0,1.0,86.3,86.3,1,Advanced
STU0236,Data Science,1.0,85.0,0.0,0.0,0.0,0.0,0.0,0.0,0,Not Verified
STU0236,FastAPI,1.0,95.0,0.0,0.0,0.0,0.0,0.0,0.0,0,Not Verified
STU0236,Git,1.0,74.0,0.0,0.0,0.0,0.0,0.0,0.0,0,Not Verified
STU0236,Docker,1.0,77.0,0.0,0.0,0.0,0.0,0.0,0.0,0,Not Verified
STU0236,C++,1.0,95.0,0.0,0.0,0.0,0.0,0.0,0.0,0,Not Verified
STU0236,HTML/CSS,0.0,0.0,0.0,0.0,0.0,0.0,0.0,0.0,0,Not Verified
STU0236,MongoDB,0.0,0.0,0.0,0.0,0.0,0.0,0.0,0.0,0,Not Verified
STU0236,Firebase,1.0,89.0,1.0,139.0,3.0,0.0,0.0,0.0,0,Not Verified
STU0237,Python,0.0,0.0,2.0,125.0,1.0,0.0,0.0,0.0,0,Not Verified
STU0237,Java,1.0,64.0,0.0,0.0,0.0,0.0,0.0,0.0,0,Not Verified
STU0237,JavaScript,0.0,0.0,1.0,145.0,3.0,0.0,0.0,0.0,0,Not Verified
STU0237,React,0.0,0.0,2.0,151.0,3.0,1.0,87.8,87.8,1,Advanced
STU0237,Node.js,1.0,55.0,2.0,151.0,3.0,0.0,0.0,0.0,0,Not Verified
STU0237,SQL,1.0,55.0,1.0,145.0,3.0,0.0,0.0,0.0,0,Not Verified
STU0237,Machine Learning,1.0,88.0,1.0,7.0,1.0,1.0,71.2,71.2,1,Intermediate
STU0237,Data Science,1.0,74.0,0.0,0.0,0.0,0.0,0.0,0.0,0,Not Verified
STU0237,FastAPI,0.0,0.0,1.0,7.0,1.0,0.0,0.0,0.0,0,Not Verified
STU0237,Git,0.0,0.0,0.0,0.0,0.0,1.0,77.8,77.8,1,Intermediate
STU0237,Docker,0.0,0.0,0.0,0.0,0.0,1.0,62.6,62.6,1,Beginner
STU0237,C++,0.0,0.0,0.0,0.0,0.0,1.0,85.3,85.3,1,Advanced
STU0237,HTML/CSS,1.0,71.0,0.0,0.0,0.0,2.0,80.80000000000001,80.80000000000001,1,Intermediate
STU0237,MongoDB,0.0,0.0,1.0,6.0,3.0,0.0,0.0,0.0,0,Not Verified
STU0237,Firebase,0.0,0.0,1.0,118.0,1.0,1.0,80.9,80.9,1,Intermediate
STU0238,Python,1.0,73.0,0.0,0.0,0.0,0.0,0.0,0.0,0,Not Verified
STU0238,Java,0.0,0.0,0.0,0.0,0.0,0.0,0.0,0.0,0,Not Verified
STU0238,JavaScript,0.0,0.0,0.0,0.0,0.0,0.0,0.0,0.0,0,Not Verified
STU0238,React,0.0,0.0,0.0,0.0,0.0,1.0,68.3,68.3,1,Beginner
STU0238,Node.js,1.0,74.0,0.0,0.0,0.0,0.0,0.0,0.0,0,Not Verified
STU0238,SQL,1.0,85.0,0.0,0.0,0.0,0.0,0.0,0.0,0,Not Verified
STU0238,Machine Learning,0.0,0.0,0.0,0.0,0.0,0.0,0.0,0.0,0,Not Verified
STU0238,Data Science,1.0,55.0,0.0,0.0,0.0,1.0,77.7,77.7,1,Intermediate
STU0238,FastAPI,1.0,82.0,0.0,0.0,0.0,1.0,85.6,85.6,1,Advanced
STU0238,Git,0.0,0.0,0.0,0.0,0.0,2.0,71.45,71.45,1,Intermediate
STU0238,Docker,0.0,0.0,0.0,0.0,0.0,0.0,0.0,0.0,0,Not Verified
STU0238,C++,0.0,0.0,0.0,0.0,0.0,0.0,0.0,0.0,0,Not Verified
STU0238,HTML/CSS,1.0,93.0,0.0,0.0,0.0,0.0,0.0,0.0,0,Not Verified
STU0238,MongoDB,0.0,0.0,0.0,0.0,0.0,0.0,0.0,0.0,0,Not Verified
STU0238,Firebase,0.0,0.0,0.0,0.0,0.0,0.0,0.0,0.0,0,Not Verified
STU0239,Python,1.0,82.0,0.0,0.0,0.0,0.0,0.0,0.0,0,Not Verified
STU0239,Java,0.0,0.0,0.0,0.0,0.0,1.0,93.0,93.0,1,Advanced
STU0239,JavaScript,0.0,0.0,0.0,0.0,0.0,1.0,93.3,93.3,1,Advanced
STU0239,React,1.0,65.0,0.0,0.0,0.0,0.0,0.0,0.0,0,Not Verified
STU0239,Node.js,0.0,0.0,0.0,0.0,0.0,0.0,0.0,0.0,0,Not Verified
STU0239,SQL,1.0,70.0,0.0,0.0,0.0,0.0,0.0,0.0,0,Not Verified
STU0239,Machine Learning,1.0,96.0,0.0,0.0,0.0,2.0,77.05,77.05,1,Intermediate
STU0239,Data Science,0.0,0.0,0.0,0.0,0.0,0.0,0.0,0.0,0,Not Verified
STU0239,FastAPI,1.0,80.0,0.0,0.0,0.0,0.0,0.0,0.0,0,Not Verified
STU0239,Git,0.0,0.0,0.0,0.0,0.0,0.0,0.0,0.0,0,Not Verified
STU0239,Docker,0.0,0.0,0.0,0.0,0.0,0.0,0.0,0.0,0,Not Verified
STU0239,C++,0.0,0.0,0.0,0.0,0.0,1.0,69.2,69.2,1,Intermediate
STU0239,HTML/CSS,1.0,90.0,0.0,0.0,0.0,0.0,0.0,0.0,0,Not Verified
STU0239,MongoDB,0.0,0.0,0.0,0.0,0.0,1.0,77.9,77.9,1,Intermediate
STU0239,Firebase,0.0,0.0,0.0,0.0,0.0,0.0,0.0,0.0,0,Not Verified
STU0240,Python,0.0,0.0,0.0,0.0,0.0,0.0,0.0,0.0,0,Not Verified
STU0240,Java,1.0,81.0,0.0,0.0,0.0,0.0,0.0,0.0,0,Not Verified
STU0240,JavaScript,0.0,0.0,0.0,0.0,0.0,1.0,54.3,54.3,1,Beginner
STU0240,React,1.0,89.0,0.0,0.0,0.0,0.0,0.0,0.0,0,Not Verified
STU0240,Node.js,1.0,72.0,1.0,75.0,1.0,0.0,0.0,0.0,0,Not Verified
STU0240,SQL,0.0,0.0,0.0,0.0,0.0,0.0,0.0,0.0,0,Not Verified
STU0240,Machine Learning,1.0,96.0,0.0,0.0,0.0,0.0,0.0,0.0,0,Not Verified
STU0240,Data Science,0.0,0.0,0.0,0.0,0.0,0.0,0.0,0.0,0,Not Verified
STU0240,FastAPI,0.0,0.0,0.0,0.0,0.0,0.0,0.0,0.0,0,Not Verified
STU0240,Git,0.0,0.0,1.0,75.0,1.0,0.0,0.0,0.0,0,Not Verified
STU0240,Docker,0.0,0.0,1.0,75.0,1.0,0.0,0.0,0.0,0,Not Verified
STU0240,C++,1.0,66.0,0.0,0.0,0.0,0.0,0.0,0.0,0,Not Verified
STU0240,HTML/CSS,1.0,59.0,0.0,0.0,0.0,1.0,69.6,69.6,1,Intermediate
STU0240,MongoDB,1.0,73.0,0.0,0.0,0.0,0.0,0.0,0.0,0,Not Verified
STU0240,Firebase,1.0,67.0,0.0,0.0,0.0,0.0,0.0,0.0,0,Not Verified
STU0241,Python,0.0,0.0,0.0,0.0,0.0,0.0,0.0,0.0,0,Not Verified
STU0241,Java,1.0,94.0,0.0,0.0,0.0,0.0,0.0,0.0,0,Not Verified
STU0241,JavaScript,0.0,0.0,0.0,0.0,0.0,0.0,0.0,0.0,0,Not Verified
STU0241,React,0.0,0.0,0.0,0.0,0.0,0.0,0.0,0.0,0,Not Verified
STU0241,Node.js,1.0,72.0,0.0,0.0,0.0,2.0,65.6,65.6,1,Beginner
STU0241,SQL,0.0,0.0,0.0,0.0,0.0,0.0,0.0,0.0,0,Not Verified
STU0241,Machine Learning,0.0,0.0,0.0,0.0,0.0,0.0,0.0,0.0,0,Not Verified
STU0241,Data Science,1.0,67.0,0.0,0.0,0.0,0.0,0.0,0.0,0,Not Verified
STU0241,FastAPI,0.0,0.0,0.0,0.0,0.0,0.0,0.0,0.0,0,Not Verified
STU0241,Git,1.0,75.0,0.0,0.0,0.0,0.0,0.0,0.0,0,Not Verified
STU0241,Docker,1.0,86.0,0.0,0.0,0.0,1.0,74.6,74.6,1,Intermediate
STU0241,C++,1.0,56.0,0.0,0.0,0.0,0.0,0.0,0.0,0,Not Verified
STU0241,HTML/CSS,0.0,0.0,0.0,0.0,0.0,0.0,0.0,0.0,0,Not Verified
STU0241,MongoDB,0.0,0.0,0.0,0.0,0.0,0.0,0.0,0.0,0,Not Verified
STU0241,Firebase,0.0,0.0,0.0,0.0,0.0,0.0,0.0,0.0,0,Not Verified
STU0242,Python,1.0,72.0,1.0,89.0,1.0,2.0,65.35,65.35,1,Beginner
STU0242,Java,1.0,69.0,1.0,88.0,1.0,0.0,0.0,0.0,0,Not Verified
STU0242,JavaScript,1.0,55.0,0.0,0.0,0.0,0.0,0.0,0.0,0,Not Verified
STU0242,React,0.0,0.0,0.0,0.0,0.0,0.0,0.0,0.0,0,Not Verified
STU0242,Node.js,1.0,60.0,1.0,99.0,2.0,0.0,0.0,0.0,0,Not Verified
STU0242,SQL,0.0,0.0,1.0,88.0,1.0,0.0,0.0,0.0,0,Not Verified
STU0242,Machine Learning,0.0,0.0,0.0,0.0,0.0,0.0,0.0,0.0,0,Not Verified
STU0242,Data Science,0.0,0.0,0.0,0.0,0.0,0.0,0.0,0.0,0,Not Verified
STU0242,FastAPI,1.0,63.0,0.0,0.0,0.0,0.0,0.0,0.0,0,Not Verified
STU0242,Git,0.0,0.0,1.0,99.0,2.0,0.0,0.0,0.0,0,Not Verified
STU0242,Docker,0.0,0.0,1.0,99.0,2.0,0.0,0.0,0.0,0,Not Verified
STU0242,C++,0.0,0.0,0.0,0.0,0.0,1.0,71.9,71.9,1,Intermediate
STU0242,HTML/CSS,0.0,0.0,0.0,0.0,0.0,0.0,0.0,0.0,0,Not Verified
STU0242,MongoDB,0.0,0.0,0.0,0.0,0.0,1.0,53.5,53.5,1,Beginner
STU0242,Firebase,1.0,83.0,1.0,89.0,1.0,0.0,0.0,0.0,0,Not Verified
STU0243,Python,1.0,86.0,2.0,213.0,2.5,0.0,0.0,0.0,0,Not Verified
STU0243,Java,0.0,0.0,0.0,0.0,0.0,0.0,0.0,0.0,0,Not Verified
STU0243,JavaScript,0.0,0.0,0.0,0.0,0.0,0.0,0.0,0.0,0,Not Verified
STU0243,React,1.0,84.0,1.0,14.0,1.0,0.0,0.0,0.0,0,Not Verified
STU0243,Node.js,1.0,60.0,2.0,82.0,1.5,0.0,0.0,0.0,0,Not Verified
STU0243,SQL,1.0,57.0,1.0,75.0,2.0,0.0,0.0,0.0,0,Not Verified
STU0243,Machine Learning,1.0,76.0,1.0,138.0,3.0,0.0,0.0,0.0,0,Not Verified
STU0243,Data Science,1.0,78.0,1.0,75.0,2.0,0.0,0.0,0.0,0,Not Verified
STU0243,FastAPI,0.0,0.0,0.0,0.0,0.0,0.0,0.0,0.0,0,Not Verified
STU0243,Git,0.0,0.0,1.0,68.0,2.0,0.0,0.0,0.0,0,Not Verified
STU0243,Docker,0.0,0.0,1.0,68.0,2.0,1.0,77.2,77.2,1,Intermediate
STU0243,C++,0.0,0.0,0.0,0.0,0.0,0.0,0.0,0.0,0,Not Verified
STU0243,HTML/CSS,0.0,0.0,0.0,0.0,0.0,0.0,0.0,0.0,0,Not Verified
STU0243,MongoDB,0.0,0.0,1.0,14.0,1.0,0.0,0.0,0.0,0,Not Verified
STU0243,Firebase,0.0,0.0,0.0,0.0,0.0,0.0,0.0,0.0,0,Not Verified
STU0244,Python,1.0,85.0,1.0,95.0,1.0,0.0,0.0,0.0,0,Not Verified
STU0244,Java,1.0,79.0,0.0,0.0,0.0,0.0,0.0,0.0,0,Not Verified
STU0244,JavaScript,0.0,0.0,0.0,0.0,0.0,0.0,0.0,0.0,0,Not Verified
STU0244,React,0.0,0.0,0.0,0.0,0.0,1.0,53.8,53.8,1,Beginner
STU0244,Node.js,1.0,66.0,0.0,0.0,0.0,0.0,0.0,0.0,0,Not Verified
STU0244,SQL,0.0,0.0,0.0,0.0,0.0,0.0,0.0,0.0,0,Not Verified
STU0244,Machine Learning,1.0,71.0,1.0,95.0,1.0,0.0,0.0,0.0,0,Not Verified
STU0244,Data Science,0.0,0.0,0.0,0.0,0.0,0.0,0.0,0.0,0,Not Verified
STU0244,FastAPI,1.0,55.0,1.0,95.0,1.0,0.0,0.0,0.0,0,Not Verified
STU0244,Git,0.0,0.0,0.0,0.0,0.0,1.0,65.8,65.8,1,Beginner
STU0244,Docker,0.0,0.0,0.0,0.0,0.0,0.0,0.0,0.0,0,Not Verified
STU0244,C++,0.0,0.0,0.0,0.0,0.0,1.0,76.1,76.1,1,Intermediate
STU0244,HTML/CSS,1.0,67.0,0.0,0.0,0.0,0.0,0.0,0.0,0,Not Verified
STU0244,MongoDB,0.0,0.0,0.0,0.0,0.0,0.0,0.0,0.0,0,Not Verified
STU0244,Firebase,0.0,0.0,0.0,0.0,0.0,0.0,0.0,0.0,0,Not Verified
STU0245,Python,0.0,0.0,1.0,142.0,2.0,0.0,0.0,0.0,0,Not Verified
STU0245,Java,0.0,0.0,0.0,0.0,0.0,0.0,0.0,0.0,0,Not Verified
STU0245,JavaScript,0.0,0.0,0.0,0.0,0.0,1.0,80.1,80.1,1,Intermediate
STU0245,React,1.0,67.0,1.0,104.0,1.0,0.0,0.0,0.0,0,Not Verified
STU0245,Node.js,0.0,0.0,1.0,104.0,1.0,0.0,0.0,0.0,0,Not Verified
STU0245,SQL,0.0,0.0,0.0,0.0,0.0,0.0,0.0,0.0,0,Not Verified
STU0245,Machine Learning,1.0,84.0,0.0,0.0,0.0,0.0,0.0,0.0,0,Not Verified
STU0245,Data Science,1.0,61.0,0.0,0.0,0.0,0.0,0.0,0.0,0,Not Verified
STU0245,FastAPI,0.0,0.0,0.0,0.0,0.0,1.0,68.0,68.0,1,Beginner
STU0245,Git,0.0,0.0,0.0,0.0,0.0,0.0,0.0,0.0,0,Not Verified
STU0245,Docker,0.0,0.0,0.0,0.0,0.0,0.0,0.0,0.0,0,Not Verified
STU0245,C++,1.0,57.0,0.0,0.0,0.0,0.0,0.0,0.0,0,Not Verified
STU0245,HTML/CSS,1.0,70.0,0.0,0.0,0.0,0.0,0.0,0.0,0,Not Verified
STU0245,MongoDB,0.0,0.0,1.0,104.0,1.0,1.0,77.7,77.7,1,Intermediate
STU0245,Firebase,0.0,0.0,1.0,142.0,2.0,0.0,0.0,0.0,0,Not Verified
STU0246,Python,0.0,0.0,0.0,0.0,0.0,0.0,0.0,0.0,0,Not Verified
STU0246,Java,0.0,0.0,0.0,0.0,0.0,0.0,0.0,0.0,0,Not Verified
STU0246,JavaScript,1.0,74.0,0.0,0.0,0.0,1.0,66.8,66.8,1,Beginner
STU0246,React,1.0,90.0,0.0,0.0,0.0,1.0,74.2,74.2,1,Intermediate
STU0246,Node.js,1.0,85.0,0.0,0.0,0.0,0.0,0.0,0.0,0,Not Verified
STU0246,SQL,1.0,95.0,0.0,0.0,0.0,0.0,0.0,0.0,0,Not Verified
STU0246,Machine Learning,1.0,62.0,0.0,0.0,0.0,0.0,0.0,0.0,0,Not Verified
STU0246,Data Science,1.0,88.0,0.0,0.0,0.0,0.0,0.0,0.0,0,Not Verified
STU0246,FastAPI,1.0,67.0,0.0,0.0,0.0,0.0,0.0,0.0,0,Not Verified
STU0246,Git,0.0,0.0,0.0,0.0,0.0,0.0,0.0,0.0,0,Not Verified
STU0246,Docker,1.0,57.0,0.0,0.0,0.0,0.0,0.0,0.0,0,Not Verified
STU0246,C++,0.0,0.0,0.0,0.0,0.0,1.0,89.6,89.6,1,Advanced
STU0246,HTML/CSS,0.0,0.0,0.0,0.0,0.0,0.0,0.0,0.0,0,Not Verified
STU0246,MongoDB,0.0,0.0,0.0,0.0,0.0,0.0,0.0,0.0,0,Not Verified
STU0246,Firebase,1.0,71.0,0.0,0.0,0.0,0.0,0.0,0.0,0,Not Verified
STU0247,Python,1.0,55.0,1.0,67.0,1.0,0.0,0.0,0.0,0,Not Verified
STU0247,Java,1.0,92.0,1.0,79.0,3.0,0.0,0.0,0.0,0,Not Verified
STU0247,JavaScript,0.0,0.0,1.0,39.0,1.0,0.0,0.0,0.0,0,Not Verified
STU0247,React,1.0,72.0,1.0,39.0,1.0,0.0,0.0,0.0,0,Not Verified
STU0247,Node.js,0.0,0.0,1.0,39.0,1.0,1.0,75.4,75.4,1,Intermediate
STU0247,SQL,0.0,0.0,2.0,118.0,2.0,0.0,0.0,0.0,0,Not Verified
STU0247,Machine Learning,1.0,80.0,1.0,67.0,1.0,2.0,59.150000000000006,59.150000000000006,1,Beginner
STU0247,Data Science,0.0,0.0,0.0,0.0,0.0,0.0,0.0,0.0,0,Not Verified
STU0247,FastAPI,0.0,0.0,1.0,67.0,1.0,0.0,0.0,0.0,0,Not Verified
STU0247,Git,0.0,0.0,0.0,0.0,0.0,0.0,0.0,0.0,0,Not Verified
STU0247,Docker,1.0,65.0,0.0,0.0,0.0,0.0,0.0,0.0,0,Not Verified
STU0247,C++,1.0,62.0,0.0,0.0,0.0,0.0,0.0,0.0,0,Not Verified
STU0247,HTML/CSS,0.0,0.0,0.0,0.0,0.0,0.0,0.0,0.0,0,Not Verified
STU0247,MongoDB,0.0,0.0,0.0,0.0,0.0,1.0,81.7,81.7,1,Intermediate
STU0247,Firebase,1.0,75.0,0.0,0.0,0.0,0.0,0.0,0.0,0,Not Verified
STU0248,Python,1.0,64.0,0.0,0.0,0.0,0.0,0.0,0.0,0,Not Verified
STU0248,Java,0.0,0.0,1.0,51.0,3.0,0.0,0.0,0.0,0,Not Verified
STU0248,JavaScript,0.0,0.0,2.0,112.0,3.0,0.0,0.0,0.0,0,Not Verified
STU0248,React,0.0,0.0,1.0,45.0,3.0,0.0,0.0,0.0,0,Not Verified
STU0248,Node.js,0.0,0.0,0.0,0.0,0.0,0.0,0.0,0.0,0,Not Verified
STU0248,SQL,0.0,0.0,1.0,51.0,3.0,0.0,0.0,0.0,0,Not Verified
STU0248,Machine Learning,0.0,0.0,0.0,0.0,0.0,0.0,0.0,0.0,0,Not Verified
STU0248,Data Science,1.0,65.0,0.0,0.0,0.0,0.0,0.0,0.0,0,Not Verified
STU0248,FastAPI,0.0,0.0,0.0,0.0,0.0,0.0,0.0,0.0,0,Not Verified
STU0248,Git,1.0,60.0,0.0,0.0,0.0,0.0,0.0,0.0,0,Not Verified
STU0248,Docker,0.0,0.0,0.0,0.0,0.0,1.0,52.7,52.7,1,Beginner
STU0248,C++,1.0,70.0,0.0,0.0,0.0,0.0,0.0,0.0,0,Not Verified
STU0248,HTML/CSS,1.0,86.0,2.0,112.0,3.0,0.0,0.0,0.0,0,Not Verified
STU0248,MongoDB,0.0,0.0,0.0,0.0,0.0,0.0,0.0,0.0,0,Not Verified
STU0248,Firebase,1.0,78.0,1.0,45.0,3.0,0.0,0.0,0.0,0,Not Verified
STU0249,Python,1.0,89.0,1.0,96.0,2.0,0.0,0.0,0.0,0,Not Verified
STU0249,Java,0.0,0.0,1.0,94.0,2.0,1.0,76.0,76.0,1,Intermediate
STU0249,JavaScript,0.0,0.0,0.0,0.0,0.0,0.0,0.0,0.0,0,Not Verified
STU0249,React,0.0,0.0,0.0,0.0,0.0,0.0,0.0,0.0,0,Not Verified
STU0249,Node.js,0.0,0.0,0.0,0.0,0.0,1.0,67.4,67.4,1,Beginner
STU0249,SQL,1.0,96.0,1.0,94.0,2.0,0.0,0.0,0.0,0,Not Verified
STU0249,Machine Learning,0.0,0.0,0.0,0.0,0.0,0.0,0.0,0.0,0,Not Verified
STU0249,Data Science,0.0,0.0,0.0,0.0,0.0,0.0,0.0,0.0,0,Not Verified
STU0249,FastAPI,0.0,0.0,0.0,0.0,0.0,0.0,0.0,0.0,0,Not Verified
STU0249,Git,1.0,77.0,0.0,0.0,0.0,0.0,0.0,0.0,0,Not Verified
STU0249,Docker,1.0,58.0,0.0,0.0,0.0,0.0,0.0,0.0,0,Not Verified
STU0249,C++,0.0,0.0,0.0,0.0,0.0,1.0,72.0,72.0,1,Intermediate
STU0249,HTML/CSS,0.0,0.0,0.0,0.0,0.0,0.0,0.0,0.0,0,Not Verified
STU0249,MongoDB,0.0,0.0,0.0,0.0,0.0,1.0,68.1,68.1,1,Beginner
STU0249,Firebase,1.0,64.0,1.0,96.0,2.0,0.0,0.0,0.0,0,Not Verified
STU0250,Python,0.0,0.0,1.0,78.0,2.0,0.0,0.0,0.0,0,Not Verified
STU0250,Java,0.0,0.0,1.0,113.0,3.0,1.0,73.5,73.5,1,Intermediate
STU0250,JavaScript,1.0,96.0,0.0,0.0,0.0,0.0,0.0,0.0,0,Not Verified
STU0250,React,1.0,83.0,0.0,0.0,0.0,0.0,0.0,0.0,0,Not Verified
STU0250,Node.js,0.0,0.0,0.0,0.0,0.0,0.0,0.0,0.0,0,Not Verified
STU0250,SQL,1.0,67.0,1.0,113.0,3.0,0.0,0.0,0.0,0,Not Verified
STU0250,Machine Learning,0.0,0.0,1.0,78.0,2.0,1.0,74.2,74.2,1,Intermediate
STU0250,Data Science,1.0,77.0,0.0,0.0,0.0,0.0,0.0,0.0,0,Not Verified
STU0250,FastAPI,1.0,56.0,1.0,78.0,2.0,0.0,0.0,0.0,0,Not Verified
STU0250,Git,0.0,0.0,0.0,0.0,0.0,0.0,0.0,0.0,0,Not Verified
STU0250,Docker,0.0,0.0,0.0,0.0,0.0,0.0,0.0,0.0,0,Not Verified
STU0250,C++,0.0,0.0,0.0,0.0,0.0,0.0,0.0,0.0,0,Not Verified
STU0250,HTML/CSS,0.0,0.0,0.0,0.0,0.0,0.0,0.0,0.0,0,Not Verified
STU0250,MongoDB,0.0,0.0,0.0,0.0,0.0,0.0,0.0,0.0,0,Not Verified
STU0250,Firebase,0.0,0.0,0.0,0.0,0.0,0.0,0.0,0.0,0,Not Verified
STU0251,Python,1.0,89.0,0.0,0.0,0.0,0.0,0.0,0.0,0,Not Verified
STU0251,Java,0.0,0.0,0.0,0.0,0.0,0.0,0.0,0.0,0,Not Verified
STU0251,JavaScript,1.0,91.0,0.0,0.0,0.0,0.0,0.0,0.0,0,Not Verified
STU0251,React,0.0,0.0,0.0,0.0,0.0,0.0,0.0,0.0,0,Not Verified
STU0251,Node.js,1.0,66.0,0.0,0.0,0.0,0.0,0.0,0.0,0,Not Verified
STU0251,SQL,1.0,86.0,0.0,0.0,0.0,0.0,0.0,0.0,0,Not Verified
STU0251,Machine Learning,1.0,89.0,0.0,0.0,0.0,0.0,0.0,0.0,0,Not Verified
STU0251,Data Science,1.0,77.0,0.0,0.0,0.0,0.0,0.0,0.0,0,Not Verified
STU0251,FastAPI,1.0,75.0,0.0,0.0,0.0,0.0,0.0,0.0,0,Not Verified
STU0251,Git,0.0,0.0,0.0,0.0,0.0,1.0,56.4,56.4,1,Beginner
STU0251,Docker,1.0,84.0,0.0,0.0,0.0,0.0,0.0,0.0,0,Not Verified
STU0251,C++,1.0,67.0,0.0,0.0,0.0,0.0,0.0,0.0,0,Not Verified
STU0251,HTML/CSS,1.0,72.0,0.0,0.0,0.0,0.0,0.0,0.0,0,Not Verified
STU0251,MongoDB,0.0,0.0,0.0,0.0,0.0,0.0,0.0,0.0,0,Not Verified
STU0251,Firebase,0.0,0.0,0.0,0.0,0.0,0.0,0.0,0.0,0,Not Verified
STU0252,Python,0.0,0.0,1.0,71.0,2.0,0.0,0.0,0.0,0,Not Verified
STU0252,Java,1.0,55.0,0.0,0.0,0.0,0.0,0.0,0.0,0,Not Verified
STU0252,JavaScript,1.0,84.0,0.0,0.0,0.0,1.0,71.9,71.9,1,Intermediate
STU0252,React,0.0,0.0,0.0,0.0,0.0,0.0,0.0,0.0,0,Not Verified
STU0252,Node.js,0.0,0.0,0.0,0.0,0.0,0.0,0.0,0.0,0,Not Verified
STU0252,SQL,0.0,0.0,0.0,0.0,0.0,0.0,0.0,0.0,0,Not Verified
STU0252,Machine Learning,0.0,0.0,1.0,71.0,2.0,1.0,70.6,70.6,1,Intermediate
STU0252,Data Science,1.0,79.0,1.0,71.0,2.0,0.0,0.0,0.0,0,Not Verified
STU0252,FastAPI,1.0,78.0,0.0,0.0,0.0,2.0,68.6,68.6,1,Beginner
STU0252,Git,1.0,66.0,0.0,0.0,0.0,0.0,0.0,0.0,0,Not Verified
STU0252,Docker,0.0,0.0,0.0,0.0,0.0,0.0,0.0,0.0,0,Not Verified
STU0252,C++,1.0,87.0,0.0,0.0,0.0,2.0,74.94999999999999,74.94999999999999,1,Intermediate
STU0252,HTML/CSS,1.0,95.0,0.0,0.0,0.0,0.0,0.0,0.0,0,Not Verified
STU0252,MongoDB,1.0,89.0,0.0,0.0,0.0,0.0,0.0,0.0,0,Not Verified
STU0252,Firebase,1.0,71.0,0.0,0.0,0.0,1.0,81.6,81.6,1,Intermediate
STU0253,Python,0.0,0.0,1.0,149.0,3.0,0.0,0.0,0.0,0,Not Verified
STU0253,Java,0.0,0.0,0.0,0.0,0.0,0.0,0.0,0.0,0,Not Verified
STU0253,JavaScript,0.0,0.0,0.0,0.0,0.0,0.0,0.0,0.0,0,Not Verified
STU0253,React,1.0,79.0,1.0,105.0,3.0,0.0,0.0,0.0,0,Not Verified
STU0253,Node.js,0.0,0.0,0.0,0.0,0.0,0.0,0.0,0.0,0,Not Verified
STU0253,SQL,1.0,97.0,0.0,0.0,0.0,0.0,0.0,0.0,0,Not Verified
STU0253,Machine Learning,0.0,0.0,1.0,149.0,3.0,0.0,0.0,0.0,0,Not Verified
STU0253,Data Science,0.0,0.0,0.0,0.0,0.0,0.0,0.0,0.0,0,Not Verified
STU0253,FastAPI,0.0,0.0,0.0,0.0,0.0,0.0,0.0,0.0,0,Not Verified
STU0253,Git,1.0,75.0,0.0,0.0,0.0,0.0,0.0,0.0,0,Not Verified
STU0253,Docker,0.0,0.0,0.0,0.0,0.0,1.0,86.4,86.4,1,Advanced
STU0253,C++,0.0,0.0,0.0,0.0,0.0,0.0,0.0,0.0,0,Not Verified
STU0253,HTML/CSS,0.0,0.0,0.0,0.0,0.0,0.0,0.0,0.0,0,Not Verified
STU0253,MongoDB,1.0,59.0,0.0,0.0,0.0,0.0,0.0,0.0,0,Not Verified
STU0253,Firebase,1.0,89.0,1.0,105.0,3.0,0.0,0.0,0.0,0,Not Verified
STU0254,Python,0.0,0.0,0.0,0.0,0.0,0.0,0.0,0.0,0,Not Verified
STU0254,Java,0.0,0.0,0.0,0.0,0.0,1.0,72.4,72.4,1,Intermediate
STU0254,JavaScript,1.0,75.0,0.0,0.0,0.0,1.0,71.9,71.9,1,Intermediate
STU0254,React,0.0,0.0,0.0,0.0,0.0,0.0,0.0,0.0,0,Not Verified
STU0254,Node.js,0.0,0.0,0.0,0.0,0.0,0.0,0.0,0.0,0,Not Verified
STU0254,SQL,0.0,0.0,0.0,0.0,0.0,1.0,69.2,69.2,1,Intermediate
STU0254,Machine Learning,0.0,0.0,0.0,0.0,0.0,0.0,0.0,0.0,0,Not Verified
STU0254,Data Science,1.0,81.0,0.0,0.0,0.0,0.0,0.0,0.0,0,Not Verified
STU0254,FastAPI,1.0,73.0,0.0,0.0,0.0,1.0,69.0,69.0,1,Beginner
STU0254,Git,1.0,62.0,0.0,0.0,0.0,0.0,0.0,0.0,0,Not Verified
STU0254,Docker,1.0,75.0,0.0,0.0,0.0,0.0,0.0,0.0,0,Not Verified
STU0254,C++,0.0,0.0,0.0,0.0,0.0,0.0,0.0,0.0,0,Not Verified
STU0254,HTML/CSS,0.0,0.0,0.0,0.0,0.0,0.0,0.0,0.0,0,Not Verified
STU0254,MongoDB,0.0,0.0,0.0,0.0,0.0,0.0,0.0,0.0,0,Not Verified
STU0254,Firebase,1.0,96.0,0.0,0.0,0.0,0.0,0.0,0.0,0,Not Verified
STU0255,Python,1.0,61.0,0.0,0.0,0.0,0.0,0.0,0.0,0,Not Verified
STU0255,Java,1.0,67.0,0.0,0.0,0.0,1.0,84.8,84.8,1,Advanced
STU0255,JavaScript,1.0,86.0,1.0,41.0,3.0,0.0,0.0,0.0,0,Not Verified
STU0255,React,0.0,0.0,1.0,41.0,3.0,0.0,0.0,0.0,0,Not Verified
STU0255,Node.js,0.0,0.0,1.0,41.0,3.0,0.0,0.0,0.0,0,Not Verified
STU0255,SQL,0.0,0.0,1.0,41.0,3.0,0.0,0.0,0.0,0,Not Verified
STU0255,Machine Learning,0.0,0.0,0.0,0.0,0.0,1.0,69.7,69.7,1,Intermediate
STU0255,Data Science,0.0,0.0,0.0,0.0,0.0,0.0,0.0,0.0,0,Not Verified
STU0255,FastAPI,1.0,66.0,0.0,0.0,0.0,1.0,61.4,61.4,1,Beginner
STU0255,Git,0.0,0.0,0.0,0.0,0.0,0.0,0.0,0.0,0,Not Verified
STU0255,Docker,1.0,57.0,0.0,0.0,0.0,1.0,55.0,55.0,1,Beginner
STU0255,C++,0.0,0.0,0.0,0.0,0.0,0.0,0.0,0.0,0,Not Verified
STU0255,HTML/CSS,0.0,0.0,0.0,0.0,0.0,0.0,0.0,0.0,0,Not Verified
STU0255,MongoDB,0.0,0.0,0.0,0.0,0.0,0.0,0.0,0.0,0,Not Verified
STU0255,Firebase,0.0,0.0,0.0,0.0,0.0,0.0,0.0,0.0,0,Not Verified
STU0256,Python,1.0,94.0,3.0,281.0,1.6666666666666667,0.0,0.0,0.0,0,Not Verified
STU0256,Java,1.0,88.0,0.0,0.0,0.0,0.0,0.0,0.0,0,Not Verified
STU0256,JavaScript,0.0,0.0,0.0,0.0,0.0,0.0,0.0,0.0,0,Not Verified
STU0256,React,0.0,0.0,0.0,0.0,0.0,0.0,0.0,0.0,0,Not Verified
STU0256,Node.js,0.0,0.0,1.0,124.0,3.0,0.0,0.0,0.0,0,Not Verified
STU0256,SQL,0.0,0.0,1.0,59.0,2.0,0.0,0.0,0.0,0,Not Verified
STU0256,Machine Learning,1.0,58.0,2.0,222.0,1.5,1.0,78.5,78.5,1,Intermediate
STU0256,Data Science,1.0,78.0,1.0,59.0,2.0,1.0,67.0,67.0,1,Beginner
STU0256,FastAPI,0.0,0.0,2.0,222.0,1.5,0.0,0.0,0.0,0,Not Verified
STU0256,Git,1.0,92.0,1.0,124.0,3.0,2.0,74.15,74.15,1,Intermediate
STU0256,Docker,1.0,71.0,1.0,124.0,3.0,1.0,69.0,69.0,1,Beginner
STU0256,C++,0.0,0.0,0.0,0.0,0.0,0.0,0.0,0.0,0,Not Verified
STU0256,HTML/CSS,0.0,0.0,0.0,0.0,0.0,0.0,0.0,0.0,0,Not Verified
STU0256,MongoDB,0.0,0.0,0.0,0.0,0.0,0.0,0.0,0.0,0,Not Verified
STU0256,Firebase,0.0,0.0,0.0,0.0,0.0,0.0,0.0,0.0,0,Not Verified
STU0257,Python,1.0,58.0,1.0,107.0,3.0,0.0,0.0,0.0,0,Not Verified
STU0257,Java,1.0,95.0,0.0,0.0,0.0,0.0,0.0,0.0,0,Not Verified
STU0257,JavaScript,0.0,0.0,0.0,0.0,0.0,0.0,0.0,0.0,0,Not Verified
STU0257,React,1.0,78.0,0.0,0.0,0.0,1.0,76.0,76.0,1,Intermediate
STU0257,Node.js,0.0,0.0,0.0,0.0,0.0,0.0,0.0,0.0,0,Not Verified
STU0257,SQL,0.0,0.0,0.0,0.0,0.0,0.0,0.0,0.0,0,Not Verified
STU0257,Machine Learning,0.0,0.0,1.0,107.0,3.0,1.0,86.7,86.7,1,Advanced
STU0257,Data Science,1.0,90.0,0.0,0.0,0.0,0.0,0.0,0.0,0,Not Verified
STU0257,FastAPI,0.0,0.0,1.0,107.0,3.0,0.0,0.0,0.0,0,Not Verified
STU0257,Git,1.0,60.0,0.0,0.0,0.0,0.0,0.0,0.0,0,Not Verified
STU0257,Docker,0.0,0.0,0.0,0.0,0.0,0.0,0.0,0.0,0,Not Verified
STU0257,C++,1.0,84.0,0.0,0.0,0.0,1.0,69.5,69.5,1,Intermediate
STU0257,HTML/CSS,0.0,0.0,0.0,0.0,0.0,1.0,75.6,75.6,1,Intermediate
STU0257,MongoDB,0.0,0.0,0.0,0.0,0.0,0.0,0.0,0.0,0,Not Verified
STU0257,Firebase,0.0,0.0,0.0,0.0,0.0,0.0,0.0,0.0,0,Not Verified
STU0258,Python,1.0,61.0,0.0,0.0,0.0,1.0,85.8,85.8,1,Advanced
STU0258,Java,0.0,0.0,0.0,0.0,0.0,2.0,49.95,49.95,0,Beginner
STU0258,JavaScript,0.0,0.0,0.0,0.0,0.0,0.0,0.0,0.0,0,Not Verified
STU0258,React,0.0,0.0,0.0,0.0,0.0,0.0,0.0,0.0,0,Not Verified
STU0258,Node.js,1.0,69.0,0.0,0.0,0.0,0.0,0.0,0.0,0,Not Verified
STU0258,SQL,1.0,68.0,0.0,0.0,0.0,0.0,0.0,0.0,0,Not Verified
STU0258,Machine Learning,1.0,59.0,0.0,0.0,0.0,1.0,69.1,69.1,1,Intermediate
STU0258,Data Science,1.0,67.0,0.0,0.0,0.0,0.0,0.0,0.0,0,Not Verified
STU0258,FastAPI,0.0,0.0,0.0,0.0,0.0,1.0,71.8,71.8,1,Intermediate
STU0258,Git,1.0,61.0,0.0,0.0,0.0,0.0,0.0,0.0,0,Not Verified
STU0258,Docker,1.0,89.0,0.0,0.0,0.0,0.0,0.0,0.0,0,Not Verified
STU0258,C++,1.0,88.0,0.0,0.0,0.0,0.0,0.0,0.0,0,Not Verified
STU0258,HTML/CSS,1.0,79.0,0.0,0.0,0.0,0.0,0.0,0.0,0,Not Verified
STU0258,MongoDB,0.0,0.0,0.0,0.0,0.0,1.0,65.7,65.7,1,Beginner
STU0258,Firebase,1.0,74.0,0.0,0.0,0.0,0.0,0.0,0.0,0,Not Verified
STU0259,Python,0.0,0.0,2.0,241.0,1.5,0.0,0.0,0.0,0,Not Verified
STU0259,Java,0.0,0.0,0.0,0.0,0.0,0.0,0.0,0.0,0,Not Verified
STU0259,JavaScript,1.0,91.0,0.0,0.0,0.0,0.0,0.0,0.0,0,Not Verified
STU0259,React,1.0,81.0,1.0,10.0,3.0,0.0,0.0,0.0,0,Not Verified
STU0259,Node.js,0.0,0.0,1.0,10.0,3.0,1.0,71.3,71.3,1,Intermediate
STU0259,SQL,0.0,0.0,0.0,0.0,0.0,1.0,69.0,69.0,1,Beginner
STU0259,Machine Learning,0.0,0.0,2.0,241.0,1.5,0.0,0.0,0.0,0,Not Verified
STU0259,Data Science,0.0,0.0,1.0,109.0,1.0,0.0,0.0,0.0,0,Not Verified
STU0259,FastAPI,1.0,90.0,1.0,132.0,2.0,0.0,0.0,0.0,0,Not Verified
STU0259,Git,1.0,61.0,0.0,0.0,0.0,0.0,0.0,0.0,0,Not Verified
STU0259,Docker,1.0,90.0,0.0,0.0,0.0,0.0,0.0,0.0,0,Not Verified
STU0259,C++,0.0,0.0,0.0,0.0,0.0,0.0,0.0,0.0,0,Not Verified
STU0259,HTML/CSS,0.0,0.0,0.0,0.0,0.0,0.0,0.0,0.0,0,Not Verified
STU0259,MongoDB,1.0,95.0,1.0,10.0,3.0,0.0,0.0,0.0,0,Not Verified
STU0259,Firebase,0.0,0.0,0.0,0.0,0.0,0.0,0.0,0.0,0,Not Verified
STU0260,Python,0.0,0.0,3.0,256.0,2.3333333333333335,0.0,0.0,0.0,0,Not Verified
STU0260,Java,1.0,97.0,0.0,0.0,0.0,1.0,76.1,76.1,1,Intermediate
STU0260,JavaScript,1.0,65.0,1.0,146.0,3.0,0.0,0.0,0.0,0,Not Verified
STU0260,React,0.0,0.0,1.0,146.0,3.0,0.0,0.0,0.0,0,Not Verified
STU0260,Node.js,0.0,0.0,1.0,146.0,3.0,0.0,0.0,0.0,0,Not Verified
STU0260,SQL,0.0,0.0,3.0,281.0,2.3333333333333335,0.0,0.0,0.0,0,Not Verified
STU0260,Machine Learning,1.0,76.0,1.0,121.0,3.0,0.0,0.0,0.0,0,Not Verified
STU0260,Data Science,1.0,90.0,2.0,135.0,2.0,1.0,70.9,70.9,1,Intermediate
STU0260,FastAPI,0.0,0.0,0.0,0.0,0.0,0.0,0.0,0.0,0,Not Verified
STU0260,Git,0.0,0.0,0.0,0.0,0.0,0.0,0.0,0.0,0,Not Verified
STU0260,Docker,1.0,66.0,0.0,0.0,0.0,0.0,0.0,0.0,0,Not Verified
STU0260,C++,1.0,80.0,0.0,0.0,0.0,1.0,71.2,71.2,1,Intermediate
STU0260,HTML/CSS,0.0,0.0,0.0,0.0,0.0,0.0,0.0,0.0,0,Not Verified
STU0260,MongoDB,0.0,0.0,0.0,0.0,0.0,0.0,0.0,0.0,0,Not Verified
STU0260,Firebase,1.0,87.0,0.0,0.0,0.0,0.0,0.0,0.0,0,Not Verified
STU0261,Python,0.0,0.0,0.0,0.0,0.0,0.0,0.0,0.0,0,Not Verified
STU0261,Java,0.0,0.0,0.0,0.0,0.0,0.0,0.0,0.0,0,Not Verified
STU0261,JavaScript,0.0,0.0,0.0,0.0,0.0,0.0,0.0,0.0,0,Not Verified
STU0261,React,0.0,0.0,0.0,0.0,0.0,0.0,0.0,0.0,0,Not Verified
STU0261,Node.js,0.0,0.0,0.0,0.0,0.0,1.0,62.7,62.7,1,Beginner
STU0261,SQL,1.0,75.0,0.0,0.0,0.0,1.0,71.4,71.4,1,Intermediate
STU0261,Machine Learning,1.0,68.0,0.0,0.0,0.0,0.0,0.0,0.0,0,Not Verified
STU0261,Data Science,1.0,82.0,0.0,0.0,0.0,0.0,0.0,0.0,0,Not Verified
STU0261,FastAPI,1.0,70.0,0.0,0.0,0.0,0.0,0.0,0.0,0,Not Verified
STU0261,Git,1.0,95.0,0.0,0.0,0.0,0.0,0.0,0.0,0,Not Verified
STU0261,Docker,0.0,0.0,0.0,0.0,0.0,0.0,0.0,0.0,0,Not Verified
STU0261,C++,1.0,91.0,0.0,0.0,0.0,0.0,0.0,0.0,0,Not Verified
STU0261,HTML/CSS,1.0,93.0,0.0,0.0,0.0,0.0,0.0,0.0,0,Not Verified
STU0261,MongoDB,1.0,79.0,0.0,0.0,0.0,0.0,0.0,0.0,0,Not Verified
STU0261,Firebase,1.0,89.0,0.0,0.0,0.0,0.0,0.0,0.0,0,Not Verified
STU0262,Python,1.0,55.0,0.0,0.0,0.0,0.0,0.0,0.0,0,Not Verified
STU0262,Java,0.0,0.0,0.0,0.0,0.0,0.0,0.0,0.0,0,Not Verified
STU0262,JavaScript,0.0,0.0,0.0,0.0,0.0,0.0,0.0,0.0,0,Not Verified
STU0262,React,0.0,0.0,1.0,57.0,1.0,0.0,0.0,0.0,0,Not Verified
STU0262,Node.js,1.0,93.0,2.0,98.0,1.0,0.0,0.0,0.0,0,Not Verified
STU0262,SQL,1.0,56.0,0.0,0.0,0.0,0.0,0.0,0.0,0,Not Verified
STU0262,Machine Learning,1.0,74.0,0.0,0.0,0.0,0.0,0.0,0.0,0,Not Verified
STU0262,Data Science,1.0,88.0,0.0,0.0,0.0,2.0,66.1,66.1,1,Beginner
STU0262,FastAPI,0.0,0.0,0.0,0.0,0.0,0.0,0.0,0.0,0,Not Verified
STU0262,Git,0.0,0.0,1.0,41.0,1.0,0.0,0.0,0.0,0,Not Verified
STU0262,Docker,1.0,63.0,1.0,41.0,1.0,0.0,0.0,0.0,0,Not Verified
STU0262,C++,1.0,73.0,0.0,0.0,0.0,0.0,0.0,0.0,0,Not Verified
STU0262,HTML/CSS,0.0,0.0,0.0,0.0,0.0,0.0,0.0,0.0,0,Not Verified
STU0262,MongoDB,1.0,74.0,1.0,57.0,1.0,1.0,77.9,77.9,1,Intermediate
STU0262,Firebase,1.0,57.0,0.0,0.0,0.0,0.0,0.0,0.0,0,Not Verified
STU0263,Python,1.0,91.0,0.0,0.0,0.0,0.0,0.0,0.0,0,Not Verified
STU0263,Java,0.0,0.0,0.0,0.0,0.0,0.0,0.0,0.0,0,Not Verified
STU0263,JavaScript,0.0,0.0,1.0,43.0,3.0,0.0,0.0,0.0,0,Not Verified
STU0263,React,1.0,87.0,1.0,43.0,3.0,1.0,81.2,81.2,1,Intermediate
STU0263,Node.js,1.0,64.0,1.0,43.0,3.0,1.0,52.0,52.0,1,Beginner
STU0263,SQL,1.0,91.0,1.0,43.0,3.0,0.0,0.0,0.0,0,Not Verified
STU0263,Machine Learning,0.0,0.0,0.0,0.0,0.0,1.0,76.9,76.9,1,Intermediate
STU0263,Data Science,0.0,0.0,0.0,0.0,0.0,0.0,0.0,0.0,0,Not Verified
STU0263,FastAPI,1.0,61.0,0.0,0.0,0.0,0.0,0.0,0.0,0,Not Verified
STU0263,Git,0.0,0.0,0.0,0.0,0.0,1.0,67.3,67.3,1,Beginner
STU0263,Docker,0.0,0.0,0.0,0.0,0.0,1.0,71.6,71.6,1,Intermediate
STU0263,C++,0.0,0.0,0.0,0.0,0.0,0.0,0.0,0.0,0,Not Verified
STU0263,HTML/CSS,0.0,0.0,0.0,0.0,0.0,1.0,69.8,69.8,1,Intermediate
STU0263,MongoDB,1.0,90.0,0.0,0.0,0.0,1.0,75.6,75.6,1,Intermediate
STU0263,Firebase,0.0,0.0,0.0,0.0,0.0,0.0,0.0,0.0,0,Not Verified
STU0264,Python,0.0,0.0,0.0,0.0,0.0,1.0,56.5,56.5,1,Beginner
STU0264,Java,0.0,0.0,0.0,0.0,0.0,0.0,0.0,0.0,0,Not Verified
STU0264,JavaScript,1.0,70.0,0.0,0.0,0.0,1.0,73.6,73.6,1,Intermediate
STU0264,React,0.0,0.0,0.0,0.0,0.0,0.0,0.0,0.0,0,Not Verified
STU0264,Node.js,1.0,71.0,1.0,110.0,2.0,1.0,74.7,74.7,1,Intermediate
STU0264,SQL,1.0,92.0,0.0,0.0,0.0,1.0,58.6,58.6,1,Beginner
STU0264,Machine Learning,0.0,0.0,0.0,0.0,0.0,0.0,0.0,0.0,0,Not Verified
STU0264,Data Science,1.0,78.0,0.0,0.0,0.0,0.0,0.0,0.0,0,Not Verified
STU0264,FastAPI,0.0,0.0,0.0,0.0,0.0,0.0,0.0,0.0,0,Not Verified
STU0264,Git,0.0,0.0,1.0,110.0,2.0,0.0,0.0,0.0,0,Not Verified
STU0264,Docker,0.0,0.0,1.0,110.0,2.0,0.0,0.0,0.0,0,Not Verified
STU0264,C++,0.0,0.0,0.0,0.0,0.0,0.0,0.0,0.0,0,Not Verified
STU0264,HTML/CSS,1.0,69.0,0.0,0.0,0.0,1.0,87.9,87.9,1,Advanced
STU0264,MongoDB,0.0,0.0,0.0,0.0,0.0,0.0,0.0,0.0,0,Not Verified
STU0264,Firebase,0.0,0.0,0.0,0.0,0.0,0.0,0.0,0.0,0,Not Verified
STU0265,Python,0.0,0.0,2.0,158.0,1.5,1.0,60.7,60.7,1,Beginner
STU0265,Java,1.0,85.0,2.0,188.0,2.5,0.0,0.0,0.0,0,Not Verified
STU0265,JavaScript,0.0,0.0,0.0,0.0,0.0,0.0,0.0,0.0,0,Not Verified
STU0265,React,1.0,61.0,0.0,0.0,0.0,0.0,0.0,0.0,0,Not Verified
STU0265,Node.js,0.0,0.0,0.0,0.0,0.0,0.0,0.0,0.0,0,Not Verified
STU0265,SQL,1.0,96.0,2.0,188.0,2.5,0.0,0.0,0.0,0,Not Verified
STU0265,Machine Learning,1.0,86.0,2.0,158.0,1.5,1.0,87.1,87.1,1,Advanced
STU0265,Data Science,0.0,0.0,0.0,0.0,0.0,0.0,0.0,0.0,0,Not Verified
STU0265,FastAPI,0.0,0.0,1.0,126.0,2.0,0.0,0.0,0.0,0,Not Verified
STU0265,Git,1.0,66.0,0.0,0.0,0.0,1.0,46.0,46.0,0,Not Verified
STU0265,Docker,0.0,0.0,0.0,0.0,0.0,0.0,0.0,0.0,0,Not Verified
STU0265,C++,0.0,0.0,0.0,0.0,0.0,0.0,0.0,0.0,0,Not Verified
STU0265,HTML/CSS,0.0,0.0,0.0,0.0,0.0,0.0,0.0,0.0,0,Not Verified
STU0265,MongoDB,1.0,91.0,0.0,0.0,0.0,0.0,0.0,0.0,0,Not Verified
STU0265,Firebase,1.0,93.0,0.0,0.0,0.0,0.0,0.0,0.0,0,Not Verified
STU0266,Python,1.0,76.0,2.0,102.0,3.0,0.0,0.0,0.0,0,Not Verified
STU0266,Java,1.0,69.0,1.0,17.0,1.0,1.0,80.1,80.1,1,Intermediate
STU0266,JavaScript,0.0,0.0,0.0,0.0,0.0,1.0,94.3,94.3,1,Advanced
STU0266,React,0.0,0.0,1.0,42.0,1.0,0.0,0.0,0.0,0,Not Verified
STU0266,Node.js,0.0,0.0,2.0,155.0,1.5,1.0,78.4,78.4,1,Intermediate
STU0266,SQL,0.0,0.0,1.0,17.0,1.0,0.0,0.0,0.0,0,Not Verified
STU0266,Machine Learning,1.0,62.0,1.0,15.0,3.0,0.0,0.0,0.0,0,Not Verified
STU0266,Data Science,0.0,0.0,0.0,0.0,0.0,0.0,0.0,0.0,0,Not Verified
STU0266,FastAPI,0.0,0.0,0.0,0.0,0.0,0.0,0.0,0.0,0,Not Verified
STU0266,Git,1.0,81.0,1.0,113.0,2.0,1.0,75.5,75.5,1,Intermediate
STU0266,Docker,0.0,0.0,1.0,113.0,2.0,0.0,0.0,0.0,0,Not Verified
STU0266,C++,1.0,77.0,0.0,0.0,0.0,0.0,0.0,0.0,0,Not Verified
STU0266,HTML/CSS,1.0,82.0,0.0,0.0,0.0,0.0,0.0,0.0,0,Not Verified
STU0266,MongoDB,0.0,0.0,1.0,42.0,1.0,0.0,0.0,0.0,0,Not Verified
STU0266,Firebase,1.0,96.0,1.0,87.0,3.0,0.0,0.0,0.0,0,Not Verified
STU0267,Python,1.0,91.0,0.0,0.0,0.0,0.0,0.0,0.0,0,Not Verified
STU0267,Java,0.0,0.0,0.0,0.0,0.0,0.0,0.0,0.0,0,Not Verified
STU0267,JavaScript,1.0,98.0,0.0,0.0,0.0,1.0,88.1,88.1,1,Advanced
STU0267,React,0.0,0.0,1.0,36.0,2.0,0.0,0.0,0.0,0,Not Verified
STU0267,Node.js,1.0,64.0,1.0,36.0,2.0,1.0,75.5,75.5,1,Intermediate
STU0267,SQL,0.0,0.0,0.0,0.0,0.0,0.0,0.0,0.0,0,Not Verified
STU0267,Machine Learning,1.0,87.0,0.0,0.0,0.0,0.0,0.0,0.0,0,Not Verified
STU0267,Data Science,0.0,0.0,0.0,0.0,0.0,0.0,0.0,0.0,0,Not Verified
STU0267,FastAPI,0.0,0.0,0.0,0.0,0.0,0.0,0.0,0.0,0,Not Verified
STU0267,Git,1.0,58.0,0.0,0.0,0.0,1.0,86.4,86.4,1,Advanced
STU0267,Docker,1.0,64.0,0.0,0.0,0.0,0.0,0.0,0.0,0,Not Verified
STU0267,C++,0.0,0.0,0.0,0.0,0.0,0.0,0.0,0.0,0,Not Verified
STU0267,HTML/CSS,1.0,75.0,0.0,0.0,0.0,1.0,73.7,73.7,1,Intermediate
STU0267,MongoDB,1.0,69.0,1.0,36.0,2.0,0.0,0.0,0.0,0,Not Verified
STU0267,Firebase,1.0,89.0,0.0,0.0,0.0,0.0,0.0,0.0,0,Not Verified
STU0268,Python,0.0,0.0,2.0,171.0,3.0,0.0,0.0,0.0,0,Not Verified
STU0268,Java,1.0,91.0,0.0,0.0,0.0,0.0,0.0,0.0,0,Not Verified
STU0268,JavaScript,1.0,80.0,0.0,0.0,0.0,0.0,0.0,0.0,0,Not Verified
STU0268,React,1.0,58.0,0.0,0.0,0.0,0.0,0.0,0.0,0,Not Verified
STU0268,Node.js,0.0,0.0,0.0,0.0,0.0,0.0,0.0,0.0,0,Not Verified
STU0268,SQL,0.0,0.0,1.0,70.0,3.0,0.0,0.0,0.0,0,Not Verified
STU0268,Machine Learning,1.0,80.0,1.0,101.0,3.0,0.0,0.0,0.0,0,Not Verified
STU0268,Data Science,1.0,64.0,2.0,171.0,3.0,1.0,75.3,75.3,1,Intermediate
STU0268,FastAPI,1.0,85.0,0.0,0.0,0.0,0.0,0.0,0.0,0,Not Verified
STU0268,Git,1.0,76.0,0.0,0.0,0.0,0.0,0.0,0.0,0,Not Verified
STU0268,Docker,0.0,0.0,0.0,0.0,0.0,0.0,0.0,0.0,0,Not Verified
STU0268,C++,1.0,60.0,0.0,0.0,0.0,0.0,0.0,0.0,0,Not Verified
STU0268,HTML/CSS,1.0,63.0,0.0,0.0,0.0,0.0,0.0,0.0,0,Not Verified
STU0268,MongoDB,1.0,90.0,0.0,0.0,0.0,1.0,55.4,55.4,1,Beginner
STU0268,Firebase,0.0,0.0,0.0,0.0,0.0,0.0,0.0,0.0,0,Not Verified
STU0269,Python,0.0,0.0,0.0,0.0,0.0,1.0,64.7,64.7,1,Beginner
STU0269,Java,1.0,90.0,0.0,0.0,0.0,0.0,0.0,0.0,0,Not Verified
STU0269,JavaScript,1.0,96.0,1.0,42.0,1.0,0.0,0.0,0.0,0,Not Verified
STU0269,React,0.0,0.0,1.0,7.0,2.0,0.0,0.0,0.0,0,Not Verified
STU0269,Node.js,0.0,0.0,1.0,7.0,2.0,0.0,0.0,0.0,0,Not Verified
STU0269,SQL,0.0,0.0,0.0,0.0,0.0,0.0,0.0,0.0,0,Not Verified
STU0269,Machine Learning,1.0,67.0,0.0,0.0,0.0,0.0,0.0,0.0,0,Not Verified
STU0269,Data Science,1.0,67.0,0.0,0.0,0.0,0.0,0.0,0.0,0,Not Verified
STU0269,FastAPI,1.0,86.0,0.0,0.0,0.0,0.0,0.0,0.0,0,Not Verified
STU0269,Git,0.0,0.0,0.0,0.0,0.0,0.0,0.0,0.0,0,Not Verified
STU0269,Docker,1.0,91.0,0.0,0.0,0.0,0.0,0.0,0.0,0,Not Verified
STU0269,C++,0.0,0.0,0.0,0.0,0.0,0.0,0.0,0.0,0,Not Verified
STU0269,HTML/CSS,0.0,0.0,1.0,42.0,1.0,0.0,0.0,0.0,0,Not Verified
STU0269,MongoDB,1.0,80.0,1.0,7.0,2.0,0.0,0.0,0.0,0,Not Verified
STU0269,Firebase,0.0,0.0,0.0,0.0,0.0,0.0,0.0,0.0,0,Not Verified
STU0270,Python,0.0,0.0,1.0,84.0,1.0,0.0,0.0,0.0,0,Not Verified
STU0270,Java,1.0,81.0,0.0,0.0,0.0,0.0,0.0,0.0,0,Not Verified
STU0270,JavaScript,1.0,77.0,0.0,0.0,0.0,0.0,0.0,0.0,0,Not Verified
STU0270,React,1.0,62.0,0.0,0.0,0.0,0.0,0.0,0.0,0,Not Verified
STU0270,Node.js,1.0,82.0,0.0,0.0,0.0,0.0,0.0,0.0,0,Not Verified
STU0270,SQL,0.0,0.0,1.0,84.0,1.0,0.0,0.0,0.0,0,Not Verified
STU0270,Machine Learning,1.0,78.0,0.0,0.0,0.0,0.0,0.0,0.0,0,Not Verified
STU0270,Data Science,0.0,0.0,1.0,84.0,1.0,0.0,0.0,0.0,0,Not Verified
STU0270,FastAPI,1.0,60.0,0.0,0.0,0.0,0.0,0.0,0.0,0,Not Verified
STU0270,Git,1.0,98.0,0.0,0.0,0.0,0.0,0.0,0.0,0,Not Verified
STU0270,Docker,0.0,0.0,0.0,0.0,0.0,0.0,0.0,0.0,0,Not Verified
STU0270,C++,1.0,91.0,0.0,0.0,0.0,1.0,70.3,70.3,1,Intermediate
STU0270,HTML/CSS,0.0,0.0,0.0,0.0,0.0,0.0,0.0,0.0,0,Not Verified
STU0270,MongoDB,1.0,97.0,0.0,0.0,0.0,0.0,0.0,0.0,0,Not Verified
STU0270,Firebase,0.0,0.0,0.0,0.0,0.0,0.0,0.0,0.0,0,Not Verified
STU0271,Python,1.0,94.0,1.0,130.0,2.0,1.0,85.9,85.9,1,Advanced
STU0271,Java,0.0,0.0,0.0,0.0,0.0,0.0,0.0,0.0,0,Not Verified
STU0271,JavaScript,0.0,0.0,0.0,0.0,0.0,0.0,0.0,0.0,0,Not Verified
STU0271,React,0.0,0.0,0.0,0.0,0.0,0.0,0.0,0.0,0,Not Verified
STU0271,Node.js,1.0,64.0,0.0,0.0,0.0,0.0,0.0,0.0,0,Not Verified
STU0271,SQL,1.0,65.0,1.0,130.0,2.0,0.0,0.0,0.0,0,Not Verified
STU0271,Machine Learning,0.0,0.0,0.0,0.0,0.0,0.0,0.0,0.0,0,Not Verified
STU0271,Data Science,0.0,0.0,1.0,130.0,2.0,0.0,0.0,0.0,0,Not Verified
STU0271,FastAPI,0.0,0.0,0.0,0.0,0.0,0.0,0.0,0.0,0,Not Verified
STU0271,Git,1.0,94.0,0.0,0.0,0.0,1.0,68.5,68.5,1,Beginner
STU0271,Docker,1.0,83.0,0.0,0.0,0.0,1.0,82.4,82.4,1,Intermediate
STU0271,C++,0.0,0.0,0.0,0.0,0.0,0.0,0.0,0.0,0,Not Verified
STU0271,HTML/CSS,0.0,0.0,0.0,0.0,0.0,0.0,0.0,0.0,0,Not Verified
STU0271,MongoDB,0.0,0.0,0.0,0.0,0.0,0.0,0.0,0.0,0,Not Verified
STU0271,Firebase,1.0,77.0,0.0,0.0,0.0,0.0,0.0,0.0,0,Not Verified
STU0272,Python,1.0,62.0,0.0,0.0,0.0,0.0,0.0,0.0,0,Not Verified
STU0272,Java,1.0,76.0,1.0,10.0,1.0,0.0,0.0,0.0,0,Not Verified
STU0272,JavaScript,1.0,55.0,0.0,0.0,0.0,0.0,0.0,0.0,0,Not Verified
STU0272,React,1.0,70.0,0.0,0.0,0.0,0.0,0.0,0.0,0,Not Verified
STU0272,Node.js,0.0,0.0,0.0,0.0,0.0,0.0,0.0,0.0,0,Not Verified
STU0272,SQL,1.0,73.0,1.0,10.0,1.0,0.0,0.0,0.0,0,Not Verified
STU0272,Machine Learning,0.0,0.0,0.0,0.0,0.0,0.0,0.0,0.0,0,Not Verified
STU0272,Data Science,0.0,0.0,0.0,0.0,0.0,0.0,0.0,0.0,0,Not Verified
STU0272,FastAPI,0.0,0.0,0.0,0.0,0.0,0.0,0.0,0.0,0,Not Verified
STU0272,Git,0.0,0.0,0.0,0.0,0.0,0.0,0.0,0.0,0,Not Verified
STU0272,Docker,1.0,64.0,0.0,0.0,0.0,0.0,0.0,0.0,0,Not Verified
STU0272,C++,0.0,0.0,0.0,0.0,0.0,0.0,0.0,0.0,0,Not Verified
STU0272,HTML/CSS,1.0,94.0,0.0,0.0,0.0,1.0,52.0,52.0,1,Beginner
STU0272,MongoDB,1.0,58.0,0.0,0.0,0.0,1.0,67.9,67.9,1,Beginner
STU0272,Firebase,0.0,0.0,0.0,0.0,0.0,1.0,74.5,74.5,1,Intermediate
STU0273,Python,1.0,90.0,0.0,0.0,0.0,0.0,0.0,0.0,0,Not Verified
STU0273,Java,1.0,68.0,1.0,47.0,3.0,0.0,0.0,0.0,0,Not Verified
STU0273,JavaScript,0.0,0.0,0.0,0.0,0.0,0.0,0.0,0.0,0,Not Verified
STU0273,React,1.0,94.0,0.0,0.0,0.0,0.0,0.0,0.0,0,Not Verified
STU0273,Node.js,1.0,89.0,0.0,0.0,0.0,0.0,0.0,0.0,0,Not Verified
STU0273,SQL,1.0,85.0,1.0,47.0,3.0,0.0,0.0,0.0,0,Not Verified
STU0273,Machine Learning,0.0,0.0,0.0,0.0,0.0,0.0,0.0,0.0,0,Not Verified
STU0273,Data Science,1.0,88.0,0.0,0.0,0.0,1.0,81.1,81.1,1,Intermediate
STU0273,FastAPI,1.0,64.0,0.0,0.0,0.0,0.0,0.0,0.0,0,Not Verified
STU0273,Git,0.0,0.0,0.0,0.0,0.0,1.0,45.2,45.2,0,Not Verified
STU0273,Docker,0.0,0.0,0.0,0.0,0.0,0.0,0.0,0.0,0,Not Verified
STU0273,C++,1.0,71.0,0.0,0.0,0.0,0.0,0.0,0.0,0,Not Verified
STU0273,HTML/CSS,1.0,68.0,0.0,0.0,0.0,0.0,0.0,0.0,0,Not Verified
STU0273,MongoDB,0.0,0.0,0.0,0.0,0.0,0.0,0.0,0.0,0,Not Verified
STU0273,Firebase,1.0,97.0,0.0,0.0,0.0,0.0,0.0,0.0,0,Not Verified
STU0274,Python,1.0,67.0,1.0,15.0,2.0,0.0,0.0,0.0,0,Not Verified
STU0274,Java,0.0,0.0,0.0,0.0,0.0,0.0,0.0,0.0,0,Not Verified
STU0274,JavaScript,0.0,0.0,2.0,135.0,2.0,0.0,0.0,0.0,0,Not Verified
STU0274,React,0.0,0.0,3.0,151.0,1.6666666666666667,0.0,0.0,0.0,0,Not Verified
STU0274,Node.js,0.0,0.0,4.0,183.0,1.5,1.0,70.4,70.4,1,Intermediate
STU0274,SQL,0.0,0.0,3.0,150.0,2.0,0.0,0.0,0.0,0,Not Verified
STU0274,Machine Learning,1.0,71.0,0.0,0.0,0.0,0.0,0.0,0.0,0,Not Verified
STU0274,Data Science,0.0,0.0,1.0,15.0,2.0,0.0,0.0,0.0,0,Not Verified
STU0274,FastAPI,1.0,73.0,0.0,0.0,0.0,0.0,0.0,0.0,0,Not Verified
STU0274,Git,1.0,65.0,1.0,32.0,1.0,1.0,68.2,68.2,1,Beginner
STU0274,Docker,1.0,58.0,1.0,32.0,1.0,0.0,0.0,0.0,0,Not Verified
STU0274,C++,0.0,0.0,0.0,0.0,0.0,0.0,0.0,0.0,0,Not Verified
STU0274,HTML/CSS,0.0,0.0,0.0,0.0,0.0,0.0,0.0,0.0,0,Not Verified
STU0274,MongoDB,0.0,0.0,1.0,16.0,1.0,0.0,0.0,0.0,0,Not Verified
STU0274,Firebase,0.0,0.0,0.0,0.0,0.0,0.0,0.0,0.0,0,Not Verified
STU0275,Python,1.0,78.0,1.0,60.0,1.0,0.0,0.0,0.0,0,Not Verified
STU0275,Java,1.0,96.0,0.0,0.0,0.0,0.0,0.0,0.0,0,Not Verified
STU0275,JavaScript,1.0,79.0,1.0,62.0,2.0,1.0,74.0,74.0,1,Intermediate
STU0275,React,0.0,0.0,0.0,0.0,0.0,0.0,0.0,0.0,0,Not Verified
STU0275,Node.js,1.0,97.0,0.0,0.0,0.0,0.0,0.0,0.0,0,Not Verified
STU0275,SQL,1.0,69.0,0.0,0.0,0.0,0.0,0.0,0.0,0,Not Verified
STU0275,Machine Learning,1.0,79.0,1.0,60.0,1.0,0.0,0.0,0.0,0,Not Verified
STU0275,Data Science,1.0,61.0,0.0,0.0,0.0,0.0,0.0,0.0,0,Not Verified
STU0275,FastAPI,0.0,0.0,1.0,60.0,1.0,1.0,68.2,68.2,1,Beginner
STU0275,Git,1.0,97.0,0.0,0.0,0.0,0.0,0.0,0.0,0,Not Verified
STU0275,Docker,1.0,56.0,0.0,0.0,0.0,0.0,0.0,0.0,0,Not Verified
STU0275,C++,0.0,0.0,0.0,0.0,0.0,0.0,0.0,0.0,0,Not Verified
STU0275,HTML/CSS,1.0,73.0,1.0,62.0,2.0,0.0,0.0,0.0,0,Not Verified
STU0275,MongoDB,0.0,0.0,0.0,0.0,0.0,0.0,0.0,0.0,0,Not Verified
STU0275,Firebase,0.0,0.0,0.0,0.0,0.0,0.0,0.0,0.0,0,Not Verified
STU0276,Python,0.0,0.0,0.0,0.0,0.0,0.0,0.0,0.0,0,Not Verified
STU0276,Java,1.0,84.0,3.0,174.0,2.3333333333333335,0.0,0.0,0.0,0,Not Verified
STU0276,JavaScript,1.0,74.0,2.0,171.0,1.0,0.0,0.0,0.0,0,Not Verified
STU0276,React,0.0,0.0,2.0,118.0,1.5,0.0,0.0,0.0,0,Not Verified
STU0276,Node.js,0.0,0.0,2.0,118.0,1.5,0.0,0.0,0.0,0,Not Verified
STU0276,SQL,1.0,90.0,3.0,174.0,2.3333333333333335,0.0,0.0,0.0,0,Not Verified
STU0276,Machine Learning,0.0,0.0,0.0,0.0,0.0,0.0,0.0,0.0,0,Not Verified
STU0276,Data Science,1.0,56.0,0.0,0.0,0.0,0.0,0.0,0.0,0,Not Verified
STU0276,FastAPI,1.0,70.0,0.0,0.0,0.0,0.0,0.0,0.0,0,Not Verified
STU0276,Git,1.0,57.0,0.0,0.0,0.0,1.0,51.3,51.3,1,Beginner
STU0276,Docker,1.0,76.0,0.0,0.0,0.0,0.0,0.0,0.0,0,Not Verified
STU0276,C++,1.0,87.0,0.0,0.0,0.0,0.0,0.0,0.0,0,Not Verified
STU0276,HTML/CSS,0.0,0.0,2.0,171.0,1.0,0.0,0.0,0.0,0,Not Verified
STU0276,MongoDB,1.0,88.0,2.0,118.0,1.5,0.0,0.0,0.0,0,Not Verified
STU0276,Firebase,0.0,0.0,0.0,0.0,0.0,0.0,0.0,0.0,0,Not Verified
STU0277,Python,1.0,58.0,0.0,0.0,0.0,0.0,0.0,0.0,0,Not Verified
STU0277,Java,0.0,0.0,1.0,17.0,3.0,0.0,0.0,0.0,0,Not Verified
STU0277,JavaScript,1.0,72.0,0.0,0.0,0.0,0.0,0.0,0.0,0,Not Verified
STU0277,React,0.0,0.0,0.0,0.0,0.0,0.0,0.0,0.0,0,Not Verified
STU0277,Node.js,1.0,56.0,0.0,0.0,0.0,0.0,0.0,0.0,0,Not Verified
STU0277,SQL,1.0,95.0,1.0,17.0,3.0,0.0,0.0,0.0,0,Not Verified
STU0277,Machine Learning,1.0,70.0,0.0,0.0,0.0,0.0,0.0,0.0,0,Not Verified
STU0277,Data Science,0.0,0.0,0.0,0.0,0.0,1.0,87.6,87.6,1,Advanced
STU0277,FastAPI,0.0,0.0,0.0,0.0,0.0,0.0,0.0,0.0,0,Not Verified
STU0277,Git,1.0,79.0,0.0,0.0,0.0,0.0,0.0,0.0,0,Not Verified
STU0277,Docker,1.0,71.0,0.0,0.0,0.0,0.0,0.0,0.0,0,Not Verified
STU0277,C++,1.0,87.0,0.0,0.0,0.0,0.0,0.0,0.0,0,Not Verified
STU0277,HTML/CSS,0.0,0.0,0.0,0.0,0.0,2.0,76.0,76.0,1,Intermediate
STU0277,MongoDB,0.0,0.0,0.0,0.0,0.0,0.0,0.0,0.0,0,Not Verified
STU0277,Firebase,0.0,0.0,0.0,0.0,0.0,0.0,0.0,0.0,0,Not Verified
STU0278,Python,0.0,0.0,0.0,0.0,0.0,0.0,0.0,0.0,0,Not Verified
STU0278,Java,1.0,70.0,1.0,147.0,2.0,0.0,0.0,0.0,0,Not Verified
STU0278,JavaScript,1.0,95.0,0.0,0.0,0.0,0.0,0.0,0.0,0,Not Verified
STU0278,React,1.0,94.0,0.0,0.0,0.0,0.0,0.0,0.0,0,Not Verified
STU0278,Node.js,1.0,98.0,0.0,0.0,0.0,0.0,0.0,0.0,0,Not Verified
STU0278,SQL,1.0,98.0,1.0,147.0,2.0,0.0,0.0,0.0,0,Not Verified
STU0278,Machine Learning,1.0,69.0,0.0,0.0,0.0,0.0,0.0,0.0,0,Not Verified
STU0278,Data Science,0.0,0.0,0.0,0.0,0.0,0.0,0.0,0.0,0,Not Verified
STU0278,FastAPI,0.0,0.0,0.0,0.0,0.0,0.0,0.0,0.0,0,Not Verified
STU0278,Git,0.0,0.0,0.0,0.0,0.0,0.0,0.0,0.0,0,Not Verified
STU0278,Docker,1.0,91.0,0.0,0.0,0.0,0.0,0.0,0.0,0,Not Verified
STU0278,C++,0.0,0.0,0.0,0.0,0.0,0.0,0.0,0.0,0,Not Verified
STU0278,HTML/CSS,1.0,81.0,0.0,0.0,0.0,0.0,0.0,0.0,0,Not Verified
STU0278,MongoDB,0.0,0.0,0.0,0.0,0.0,0.0,0.0,0.0,0,Not Verified
STU0278,Firebase,1.0,64.0,0.0,0.0,0.0,0.0,0.0,0.0,0,Not Verified
STU0279,Python,0.0,0.0,0.0,0.0,0.0,0.0,0.0,0.0,0,Not Verified
STU0279,Java,0.0,0.0,0.0,0.0,0.0,1.0,55.2,55.2,1,Beginner
STU0279,JavaScript,1.0,74.0,0.0,0.0,0.0,0.0,0.0,0.0,0,Not Verified
STU0279,React,1.0,88.0,0.0,0.0,0.0,1.0,72.9,72.9,1,Intermediate
STU0279,Node.js,1.0,92.0,1.0,102.0,3.0,0.0,0.0,0.0,0,Not Verified
STU0279,SQL,1.0,98.0,0.0,0.0,0.0,1.0,50.4,50.4,1,Beginner
STU0279,Machine Learning,0.0,0.0,0.0,0.0,0.0,0.0,0.0,0.0,0,Not Verified
STU0279,Data Science,1.0,67.0,0.0,0.0,0.0,0.0,0.0,0.0,0,Not Verified
STU0279,FastAPI,1.0,63.0,0.0,0.0,0.0,0.0,0.0,0.0,0,Not Verified
STU0279,Git,1.0,89.0,1.0,102.0,3.0,0.0,0.0,0.0,0,Not Verified
STU0279,Docker,0.0,0.0,1.0,102.0,3.0,0.0,0.0,0.0,0,Not Verified
STU0279,C++,0.0,0.0,0.0,0.0,0.0,0.0,0.0,0.0,0,Not Verified
STU0279,HTML/CSS,0.0,0.0,0.0,0.0,0.0,0.0,0.0,0.0,0,Not Verified
STU0279,MongoDB,1.0,63.0,0.0,0.0,0.0,0.0,0.0,0.0,0,Not Verified
STU0279,Firebase,0.0,0.0,0.0,0.0,0.0,0.0,0.0,0.0,0,Not Verified
STU0280,Python,0.0,0.0,1.0,75.0,1.0,0.0,0.0,0.0,0,Not Verified
STU0280,Java,1.0,75.0,0.0,0.0,0.0,0.0,0.0,0.0,0,Not Verified
STU0280,JavaScript,1.0,62.0,0.0,0.0,0.0,0.0,0.0,0.0,0,Not Verified
STU0280,React,0.0,0.0,1.0,125.0,3.0,0.0,0.0,0.0,0,Not Verified
STU0280,Node.js,0.0,0.0,1.0,125.0,3.0,0.0,0.0,0.0,0,Not Verified
STU0280,SQL,1.0,56.0,0.0,0.0,0.0,0.0,0.0,0.0,0,Not Verified
STU0280,Machine Learning,0.0,0.0,1.0,75.0,1.0,1.0,74.5,74.5,1,Intermediate
STU0280,Data Science,0.0,0.0,0.0,0.0,0.0,0.0,0.0,0.0,0,Not Verified
STU0280,FastAPI,0.0,0.0,1.0,75.0,1.0,0.0,0.0,0.0,0,Not Verified
STU0280,Git,1.0,75.0,0.0,0.0,0.0,0.0,0.0,0.0,0,Not Verified
STU0280,Docker,1.0,66.0,0.0,0.0,0.0,0.0,0.0,0.0,0,Not Verified
STU0280,C++,0.0,0.0,0.0,0.0,0.0,0.0,0.0,0.0,0,Not Verified
STU0280,HTML/CSS,1.0,89.0,0.0,0.0,0.0,0.0,0.0,0.0,0,Not Verified
STU0280,MongoDB,1.0,64.0,1.0,125.0,3.0,0.0,0.0,0.0,0,Not Verified
STU0280,Firebase,1.0,90.0,0.0,0.0,0.0,0.0,0.0,0.0,0,Not Verified
STU0281,Python,0.0,0.0,0.0,0.0,0.0,0.0,0.0,0.0,0,Not Verified
STU0281,Java,0.0,0.0,2.0,202.0,2.0,0.0,0.0,0.0,0,Not Verified
STU0281,JavaScript,1.0,72.0,0.0,0.0,0.0,0.0,0.0,0.0,0,Not Verified
STU0281,React,1.0,93.0,0.0,0.0,0.0,0.0,0.0,0.0,0,Not Verified
STU0281,Node.js,1.0,63.0,0.0,0.0,0.0,0.0,0.0,0.0,0,Not Verified
STU0281,SQL,0.0,0.0,2.0,202.0,2.0,0.0,0.0,0.0,0,Not Verified
STU0281,Machine Learning,1.0,61.0,0.0,0.0,0.0,0.0,0.0,0.0,0,Not Verified
STU0281,Data Science,1.0,66.0,0.0,0.0,0.0,0.0,0.0,0.0,0,Not Verified
STU0281,FastAPI,0.0,0.0,0.0,0.0,0.0,0.0,0.0,0.0,0,Not Verified
STU0281,Git,0.0,0.0,0.0,0.0,0.0,0.0,0.0,0.0,0,Not Verified
STU0281,Docker,1.0,94.0,0.0,0.0,0.0,0.0,0.0,0.0,0,Not Verified
STU0281,C++,1.0,56.0,0.0,0.0,0.0,1.0,62.9,62.9,1,Beginner
STU0281,HTML/CSS,0.0,0.0,0.0,0.0,0.0,0.0,0.0,0.0,0,Not Verified
STU0281,MongoDB,1.0,94.0,0.0,0.0,0.0,0.0,0.0,0.0,0,Not Verified
STU0281,Firebase,0.0,0.0,0.0,0.0,0.0,0.0,0.0,0.0,0,Not Verified
STU0282,Python,1.0,96.0,2.0,147.0,3.0,0.0,0.0,0.0,0,Not Verified
STU0282,Java,1.0,66.0,0.0,0.0,0.0,0.0,0.0,0.0,0,Not Verified
STU0282,JavaScript,0.0,0.0,1.0,26.0,2.0,1.0,67.4,67.4,1,Beginner
STU0282,React,1.0,63.0,1.0,26.0,2.0,0.0,0.0,0.0,0,Not Verified
STU0282,Node.js,0.0,0.0,1.0,26.0,2.0,0.0,0.0,0.0,0,Not Verified
STU0282,SQL,1.0,78.0,1.0,26.0,2.0,1.0,68.0,68.0,1,Beginner
STU0282,Machine Learning,0.0,0.0,1.0,59.0,3.0,0.0,0.0,0.0,0,Not Verified
STU0282,Data Science,0.0,0.0,0.0,0.0,0.0,1.0,63.5,63.5,1,Beginner
STU0282,FastAPI,1.0,79.0,1.0,59.0,3.0,1.0,74.0,74.0,1,Intermediate
STU0282,Git,1.0,85.0,0.0,0.0,0.0,0.0,0.0,0.0,0,Not Verified
STU0282,Docker,0.0,0.0,0.0,0.0,0.0,0.0,0.0,0.0,0,Not Verified
STU0282,C++,1.0,85.0,0.0,0.0,0.0,1.0,63.6,63.6,1,Beginner
STU0282,HTML/CSS,0.0,0.0,0.0,0.0,0.0,0.0,0.0,0.0,0,Not Verified
STU0282,MongoDB,1.0,93.0,0.0,0.0,0.0,0.0,0.0,0.0,0,Not Verified
STU0282,Firebase,1.0,87.0,1.0,88.0,3.0,0.0,0.0,0.0,0,Not Verified
STU0283,Python,1.0,68.0,0.0,0.0,0.0,0.0,0.0,0.0,0,Not Verified
STU0283,Java,0.0,0.0,1.0,55.0,1.0,0.0,0.0,0.0,0,Not Verified
STU0283,JavaScript,1.0,81.0,0.0,0.0,0.0,1.0,68.3,68.3,1,Beginner
STU0283,React,1.0,97.0,0.0,0.0,0.0,0.0,0.0,0.0,0,Not Verified
STU0283,Node.js,0.0,0.0,0.0,0.0,0.0,0.0,0.0,0.0,0,Not Verified
STU0283,SQL,0.0,0.0,1.0,55.0,1.0,0.0,0.0,0.0,0,Not Verified
STU0283,Machine Learning,1.0,59.0,0.0,0.0,0.0,0.0,0.0,0.0,0,Not Verified
STU0283,Data Science,1.0,72.0,0.0,0.0,0.0,0.0,0.0,0.0,0,Not Verified
STU0283,FastAPI,0.0,0.0,0.0,0.0,0.0,0.0,0.0,0.0,0,Not Verified
STU0283,Git,1.0,66.0,0.0,0.0,0.0,0.0,0.0,0.0,0,Not Verified
STU0283,Docker,0.0,0.0,0.0,0.0,0.0,0.0,0.0,0.0,0,Not Verified
STU0283,C++,1.0,67.0,0.0,0.0,0.0,0.0,0.0,0.0,0,Not Verified
STU0283,HTML/CSS,0.0,0.0,0.0,0.0,0.0,0.0,0.0,0.0,0,Not Verified
STU0283,MongoDB,1.0,69.0,0.0,0.0,0.0,0.0,0.0,0.0,0,Not Verified
STU0283,Firebase,0.0,0.0,0.0,0.0,0.0,1.0,89.2,89.2,1,Advanced
STU0284,Python,0.0,0.0,1.0,83.0,2.0,1.0,52.9,52.9,1,Beginner
STU0284,Java,0.0,0.0,0.0,0.0,0.0,0.0,0.0,0.0,0,Not Verified
STU0284,JavaScript,0.0,0.0,0.0,0.0,0.0,0.0,0.0,0.0,0,Not Verified
STU0284,React,1.0,94.0,1.0,143.0,2.0,0.0,0.0,0.0,0,Not Verified
STU0284,Node.js,0.0,0.0,0.0,0.0,0.0,0.0,0.0,0.0,0,Not Verified
STU0284,SQL,1.0,75.0,1.0,83.0,2.0,0.0,0.0,0.0,0,Not Verified
STU0284,Machine Learning,1.0,91.0,0.0,0.0,0.0,0.0,0.0,0.0,0,Not Verified
STU0284,Data Science,1.0,93.0,1.0,83.0,2.0,1.0,60.5,60.5,1,Beginner
STU0284,FastAPI,0.0,0.0,0.0,0.0,0.0,0.0,0.0,0.0,0,Not Verified
STU0284,Git,1.0,57.0,0.0,0.0,0.0,0.0,0.0,0.0,0,Not Verified
STU0284,Docker,0.0,0.0,0.0,0.0,0.0,0.0,0.0,0.0,0,Not Verified
STU0284,C++,1.0,79.0,0.0,0.0,0.0,0.0,0.0,0.0,0,Not Verified
STU0284,HTML/CSS,1.0,80.0,0.0,0.0,0.0,0.0,0.0,0.0,0,Not Verified
STU0284,MongoDB,1.0,80.0,0.0,0.0,0.0,0.0,0.0,0.0,0,Not Verified
STU0284,Firebase,0.0,0.0,1.0,143.0,2.0,0.0,0.0,0.0,0,Not Verified
STU0285,Python,1.0,80.0,0.0,0.0,0.0,0.0,0.0,0.0,0,Not Verified
STU0285,Java,1.0,90.0,0.0,0.0,0.0,0.0,0.0,0.0,0,Not Verified
STU0285,JavaScript,0.0,0.0,0.0,0.0,0.0,0.0,0.0,0.0,0,Not Verified
STU0285,React,1.0,88.0,0.0,0.0,0.0,0.0,0.0,0.0,0,Not Verified
STU0285,Node.js,0.0,0.0,0.0,0.0,0.0,0.0,0.0,0.0,0,Not Verified
STU0285,SQL,0.0,0.0,0.0,0.0,0.0,0.0,0.0,0.0,0,Not Verified
STU0285,Machine Learning,0.0,0.0,0.0,0.0,0.0,0.0,0.0,0.0,0,Not Verified
STU0285,Data Science,1.0,79.0,0.0,0.0,0.0,0.0,0.0,0.0,0,Not Verified
STU0285,FastAPI,1.0,57.0,0.0,0.0,0.0,0.0,0.0,0.0,0,Not Verified
STU0285,Git,0.0,0.0,0.0,0.0,0.0,0.0,0.0,0.0,0,Not Verified
STU0285,Docker,1.0,88.0,0.0,0.0,0.0,0.0,0.0,0.0,0,Not Verified
STU0285,C++,1.0,89.0,0.0,0.0,0.0,0.0,0.0,0.0,0,Not Verified
STU0285,HTML/CSS,0.0,0.0,0.0,0.0,0.0,0.0,0.0,0.0,0,Not Verified
STU0285,MongoDB,1.0,57.0,0.0,0.0,0.0,0.0,0.0,0.0,0,Not Verified
STU0285,Firebase,1.0,70.0,0.0,0.0,0.0,0.0,0.0,0.0,0,Not Verified
STU0286,Python,1.0,73.0,0.0,0.0,0.0,0.0,0.0,0.0,0,Not Verified
STU0286,Java,1.0,60.0,0.0,0.0,0.0,0.0,0.0,0.0,0,Not Verified
STU0286,JavaScript,0.0,0.0,0.0,0.0,0.0,1.0,80.2,80.2,1,Intermediate
STU0286,React,1.0,94.0,0.0,0.0,0.0,0.0,0.0,0.0,0,Not Verified
STU0286,Node.js,1.0,58.0,0.0,0.0,0.0,0.0,0.0,0.0,0,Not Verified
STU0286,SQL,0.0,0.0,0.0,0.0,0.0,0.0,0.0,0.0,0,Not Verified
STU0286,Machine Learning,1.0,64.0,0.0,0.0,0.0,0.0,0.0,0.0,0,Not Verified
STU0286,Data Science,1.0,88.0,0.0,0.0,0.0,0.0,0.0,0.0,0,Not Verified
STU0286,FastAPI,0.0,0.0,0.0,0.0,0.0,0.0,0.0,0.0,0,Not Verified
STU0286,Git,1.0,96.0,0.0,0.0,0.0,0.0,0.0,0.0,0,Not Verified
STU0286,Docker,0.0,0.0,0.0,0.0,0.0,1.0,69.7,69.7,1,Intermediate
STU0286,C++,1.0,83.0,0.0,0.0,0.0,1.0,62.1,62.1,1,Beginner
STU0286,HTML/CSS,1.0,84.0,0.0,0.0,0.0,0.0,0.0,0.0,0,Not Verified
STU0286,MongoDB,1.0,87.0,0.0,0.0,0.0,0.0,0.0,0.0,0,Not Verified
STU0286,Firebase,0.0,0.0,0.0,0.0,0.0,0.0,0.0,0.0,0,Not Verified
STU0287,Python,0.0,0.0,0.0,0.0,0.0,0.0,0.0,0.0,0,Not Verified
STU0287,Java,0.0,0.0,0.0,0.0,0.0,0.0,0.0,0.0,0,Not Verified
STU0287,JavaScript,1.0,63.0,0.0,0.0,0.0,0.0,0.0,0.0,0,Not Verified
STU0287,React,0.0,0.0,0.0,0.0,0.0,0.0,0.0,0.0,0,Not Verified
STU0287,Node.js,0.0,0.0,1.0,102.0,1.0,1.0,77.9,77.9,1,Intermediate
STU0287,SQL,0.0,0.0,0.0,0.0,0.0,0.0,0.0,0.0,0,Not Verified
STU0287,Machine Learning,0.0,0.0,0.0,0.0,0.0,2.0,61.6,61.6,1,Beginner
STU0287,Data Science,0.0,0.0,0.0,0.0,0.0,0.0,0.0,0.0,0,Not Verified
STU0287,FastAPI,1.0,83.0,0.0,0.0,0.0,1.0,68.8,68.8,1,Beginner
STU0287,Git,1.0,81.0,1.0,102.0,1.0,0.0,0.0,0.0,0,Not Verified
STU0287,Docker,0.0,0.0,1.0,102.0,1.0,0.0,0.0,0.0,0,Not Verified
STU0287,C++,1.0,75.0,0.0,0.0,0.0,0.0,0.0,0.0,0,Not Verified
STU0287,HTML/CSS,1.0,80.0,0.0,0.0,0.0,0.0,0.0,0.0,0,Not Verified
STU0287,MongoDB,0.0,0.0,0.0,0.0,0.0,1.0,75.5,75.5,1,Intermediate
STU0287,Firebase,0.0,0.0,0.0,0.0,0.0,0.0,0.0,0.0,0,Not Verified
STU0288,Python,0.0,0.0,0.0,0.0,0.0,0.0,0.0,0.0,0,Not Verified
STU0288,Java,0.0,0.0,0.0,0.0,0.0,0.0,0.0,0.0,0,Not Verified
STU0288,JavaScript,1.0,84.0,0.0,0.0,0.0,0.0,0.0,0.0,0,Not Verified
STU0288,React,1.0,96.0,2.0,151.0,2.5,0.0,0.0,0.0,0,Not Verified
STU0288,Node.js,0.0,0.0,2.0,151.0,2.5,1.0,78.9,78.9,1,Intermediate
STU0288,SQL,0.0,0.0,0.0,0.0,0.0,0.0,0.0,0.0,0,Not Verified
STU0288,Machine Learning,0.0,0.0,0.0,0.0,0.0,0.0,0.0,0.0,0,Not Verified
STU0288,Data Science,1.0,60.0,0.0,0.0,0.0,0.0,0.0,0.0,0,Not Verified
STU0288,FastAPI,0.0,0.0,0.0,0.0,0.0,0.0,0.0,0.0,0,Not Verified
STU0288,Git,1.0,71.0,0.0,0.0,0.0,0.0,0.0,0.0,0,Not Verified
STU0288,Docker,0.0,0.0,0.0,0.0,0.0,0.0,0.0,0.0,0,Not Verified
STU0288,C++,1.0,75.0,0.0,0.0,0.0,0.0,0.0,0.0,0,Not Verified
STU0288,HTML/CSS,0.0,0.0,0.0,0.0,0.0,0.0,0.0,0.0,0,Not Verified
STU0288,MongoDB,0.0,0.0,2.0,151.0,2.5,0.0,0.0,0.0,0,Not Verified
STU0288,Firebase,0.0,0.0,0.0,0.0,0.0,0.0,0.0,0.0,0,Not Verified
STU0289,Python,0.0,0.0,0.0,0.0,0.0,0.0,0.0,0.0,0,Not Verified
STU0289,Java,1.0,94.0,0.0,0.0,0.0,0.0,0.0,0.0,0,Not Verified
STU0289,JavaScript,1.0,88.0,0.0,0.0,0.0,0.0,0.0,0.0,0,Not Verified
STU0289,React,0.0,0.0,0.0,0.0,0.0,0.0,0.0,0.0,0,Not Verified
STU0289,Node.js,0.0,0.0,0.0,0.0,0.0,0.0,0.0,0.0,0,Not Verified
STU0289,SQL,1.0,79.0,0.0,0.0,0.0,0.0,0.0,0.0,0,Not Verified
STU0289,Machine Learning,0.0,0.0,0.0,0.0,0.0,0.0,0.0,0.0,0,Not Verified
STU0289,Data Science,1.0,90.0,0.0,0.0,0.0,0.0,0.0,0.0,0,Not Verified
STU0289,FastAPI,0.0,0.0,0.0,0.0,0.0,0.0,0.0,0.0,0,Not Verified
STU0289,Git,1.0,79.0,0.0,0.0,0.0,0.0,0.0,0.0,0,Not Verified
STU0289,Docker,1.0,65.0,0.0,0.0,0.0,0.0,0.0,0.0,0,Not Verified
STU0289,C++,1.0,79.0,0.0,0.0,0.0,0.0,0.0,0.0,0,Not Verified
STU0289,HTML/CSS,1.0,60.0,0.0,0.0,0.0,0.0,0.0,0.0,0,Not Verified
STU0289,MongoDB,1.0,57.0,0.0,0.0,0.0,1.0,94.1,94.1,1,Advanced
STU0289,Firebase,1.0,87.0,0.0,0.0,0.0,0.0,0.0,0.0,0,Not Verified
STU0290,Python,0.0,0.0,1.0,62.0,2.0,0.0,0.0,0.0,0,Not Verified
STU0290,Java,0.0,0.0,0.0,0.0,0.0,0.0,0.0,0.0,0,Not Verified
STU0290,JavaScript,1.0,74.0,0.0,0.0,0.0,0.0,0.0,0.0,0,Not Verified
STU0290,React,0.0,0.0,1.0,6.0,3.0,0.0,0.0,0.0,0,Not Verified
STU0290,Node.js,0.0,0.0,0.0,0.0,0.0,0.0,0.0,0.0,0,Not Verified
STU0290,SQL,1.0,66.0,0.0,0.0,0.0,0.0,0.0,0.0,0,Not Verified
STU0290,Machine Learning,0.0,0.0,1.0,62.0,2.0,1.0,82.3,82.3,1,Intermediate
STU0290,Data Science,0.0,0.0,0.0,0.0,0.0,1.0,75.1,75.1,1,Intermediate
STU0290,FastAPI,0.0,0.0,0.0,0.0,0.0,0.0,0.0,0.0,0,Not Verified
STU0290,Git,1.0,58.0,0.0,0.0,0.0,0.0,0.0,0.0,0,Not Verified
STU0290,Docker,1.0,81.0,0.0,0.0,0.0,0.0,0.0,0.0,0,Not Verified
STU0290,C++,1.0,74.0,0.0,0.0,0.0,0.0,0.0,0.0,0,Not Verified
STU0290,HTML/CSS,0.0,0.0,0.0,0.0,0.0,0.0,0.0,0.0,0,Not Verified
STU0290,MongoDB,0.0,0.0,0.0,0.0,0.0,0.0,0.0,0.0,0,Not Verified
STU0290,Firebase,1.0,64.0,1.0,6.0,3.0,1.0,67.7,67.7,1,Beginner
STU0291,Python,1.0,86.0,2.0,180.0,1.5,0.0,0.0,0.0,0,Not Verified
STU0291,Java,1.0,89.0,0.0,0.0,0.0,0.0,0.0,0.0,0,Not Verified
STU0291,JavaScript,1.0,86.0,0.0,0.0,0.0,0.0,0.0,0.0,0,Not Verified
STU0291,React,1.0,93.0,1.0,18.0,3.0,1.0,81.5,81.5,1,Intermediate
STU0291,Node.js,1.0,84.0,2.0,162.0,2.5,1.0,53.0,53.0,1,Beginner
STU0291,SQL,0.0,0.0,0.0,0.0,0.0,0.0,0.0,0.0,0,Not Verified
STU0291,Machine Learning,0.0,0.0,2.0,180.0,1.5,0.0,0.0,0.0,0,Not Verified
STU0291,Data Science,1.0,55.0,1.0,78.0,1.0,0.0,0.0,0.0,0,Not Verified
STU0291,FastAPI,0.0,0.0,1.0,102.0,2.0,0.0,0.0,0.0,0,Not Verified
STU0291,Git,0.0,0.0,1.0,144.0,2.0,0.0,0.0,0.0,0,Not Verified
STU0291,Docker,1.0,86.0,1.0,144.0,2.0,1.0,76.4,76.4,1,Intermediate
STU0291,C++,1.0,55.0,0.0,0.0,0.0,0.0,0.0,0.0,0,Not Verified
STU0291,HTML/CSS,1.0,71.0,0.0,0.0,0.0,0.0,0.0,0.0,0,Not Verified
STU0291,MongoDB,0.0,0.0,1.0,18.0,3.0,1.0,72.8,72.8,1,Intermediate
STU0291,Firebase,1.0,70.0,0.0,0.0,0.0,0.0,0.0,0.0,0,Not Verified
STU0292,Python,0.0,0.0,1.0,72.0,2.0,0.0,0.0,0.0,0,Not Verified
STU0292,Java,0.0,0.0,0.0,0.0,0.0,0.0,0.0,0.0,0,Not Verified
STU0292,JavaScript,0.0,0.0,0.0,0.0,0.0,1.0,67.8,67.8,1,Beginner
STU0292,React,0.0,0.0,1.0,149.0,1.0,0.0,0.0,0.0,0,Not Verified
STU0292,Node.js,0.0,0.0,0.0,0.0,0.0,0.0,0.0,0.0,0,Not Verified
STU0292,SQL,0.0,0.0,0.0,0.0,0.0,0.0,0.0,0.0,0,Not Verified
STU0292,Machine Learning,1.0,70.0,1.0,72.0,2.0,1.0,66.7,66.7,1,Beginner
STU0292,Data Science,1.0,93.0,0.0,0.0,0.0,0.0,0.0,0.0,0,Not Verified
STU0292,FastAPI,0.0,0.0,1.0,72.0,2.0,0.0,0.0,0.0,0,Not Verified
STU0292,Git,1.0,60.0,0.0,0.0,0.0,0.0,0.0,0.0,0,Not Verified
STU0292,Docker,1.0,93.0,0.0,0.0,0.0,0.0,0.0,0.0,0,Not Verified
STU0292,C++,1.0,90.0,0.0,0.0,0.0,0.0,0.0,0.0,0,Not Verified
STU0292,HTML/CSS,1.0,55.0,0.0,0.0,0.0,0.0,0.0,0.0,0,Not Verified
STU0292,MongoDB,0.0,0.0,0.0,0.0,0.0,0.0,0.0,0.0,0,Not Verified
STU0292,Firebase,0.0,0.0,1.0,149.0,1.0,0.0,0.0,0.0,0,Not Verified
STU0293,Python,1.0,64.0,1.0,23.0,2.0,0.0,0.0,0.0,0,Not Verified
STU0293,Java,0.0,0.0,1.0,148.0,1.0,0.0,0.0,0.0,0,Not Verified
STU0293,JavaScript,1.0,57.0,0.0,0.0,0.0,1.0,60.9,60.9,1,Beginner
STU0293,React,1.0,57.0,0.0,0.0,0.0,1.0,82.8,82.8,1,Intermediate
STU0293,Node.js,0.0,0.0,0.0,0.0,0.0,0.0,0.0,0.0,0,Not Verified
STU0293,SQL,0.0,0.0,1.0,148.0,1.0,0.0,0.0,0.0,0,Not Verified
STU0293,Machine Learning,0.0,0.0,1.0,23.0,2.0,0.0,0.0,0.0,0,Not Verified
STU0293,Data Science,0.0,0.0,0.0,0.0,0.0,0.0,0.0,0.0,0,Not Verified
STU0293,FastAPI,1.0,77.0,0.0,0.0,0.0,1.0,83.2,83.2,1,Intermediate
STU0293,Git,1.0,58.0,0.0,0.0,0.0,1.0,63.0,63.0,1,Beginner
STU0293,Docker,1.0,96.0,0.0,0.0,0.0,1.0,56.3,56.3,1,Beginner
STU0293,C++,0.0,0.0,0.0,0.0,0.0,0.0,0.0,0.0,0,Not Verified
STU0293,HTML/CSS,0.0,0.0,0.0,0.0,0.0,0.0,0.0,0.0,0,Not Verified
STU0293,MongoDB,0.0,0.0,0.0,0.0,0.0,0.0,0.0,0.0,0,Not Verified
STU0293,Firebase,1.0,97.0,0.0,0.0,0.0,1.0,72.4,72.4,1,Intermediate
STU0294,Python,1.0,93.0,1.0,29.0,1.0,1.0,57.3,57.3,1,Beginner
STU0294,Java,1.0,97.0,0.0,0.0,0.0,0.0,0.0,0.0,0,Not Verified
STU0294,JavaScript,0.0,0.0,0.0,0.0,0.0,0.0,0.0,0.0,0,Not Verified
STU0294,React,0.0,0.0,1.0,46.0,2.0,0.0,0.0,0.0,0,Not Verified
STU0294,Node.js,1.0,73.0,1.0,46.0,2.0,0.0,0.0,0.0,0,Not Verified
STU0294,SQL,1.0,94.0,0.0,0.0,0.0,0.0,0.0,0.0,0,Not Verified
STU0294,Machine Learning,1.0,90.0,0.0,0.0,0.0,0.0,0.0,0.0,0,Not Verified
STU0294,Data Science,0.0,0.0,0.0,0.0,0.0,0.0,0.0,0.0,0,Not Verified
STU0294,FastAPI,1.0,66.0,0.0,0.0,0.0,1.0,59.9,59.9,1,Beginner
STU0294,Git,1.0,98.0,0.0,0.0,0.0,0.0,0.0,0.0,0,Not Verified
STU0294,Docker,1.0,91.0,0.0,0.0,0.0,1.0,67.2,67.2,1,Beginner
STU0294,C++,0.0,0.0,0.0,0.0,0.0,0.0,0.0,0.0,0,Not Verified
STU0294,HTML/CSS,0.0,0.0,0.0,0.0,0.0,0.0,0.0,0.0,0,Not Verified
STU0294,MongoDB,1.0,65.0,1.0,46.0,2.0,0.0,0.0,0.0,0,Not Verified
STU0294,Firebase,0.0,0.0,1.0,29.0,1.0,1.0,49.4,49.4,0,Beginner
STU0295,Python,1.0,90.0,3.0,182.0,1.0,1.0,66.7,66.7,1,Beginner
STU0295,Java,1.0,59.0,0.0,0.0,0.0,0.0,0.0,0.0,0,Not Verified
STU0295,JavaScript,0.0,0.0,0.0,0.0,0.0,0.0,0.0,0.0,0,Not Verified
STU0295,React,0.0,0.0,0.0,0.0,0.0,0.0,0.0,0.0,0,Not Verified
STU0295,Node.js,1.0,73.0,1.0,30.0,2.0,1.0,65.2,65.2,1,Beginner
STU0295,SQL,1.0,82.0,1.0,107.0,1.0,0.0,0.0,0.0,0,Not Verified
STU0295,Machine Learning,0.0,0.0,1.0,24.0,1.0,0.0,0.0,0.0,0,Not Verified
STU0295,Data Science,0.0,0.0,1.0,107.0,1.0,0.0,0.0,0.0,0,Not Verified
STU0295,FastAPI,1.0,63.0,0.0,0.0,0.0,0.0,0.0,0.0,0,Not Verified
STU0295,Git,1.0,59.0,1.0,30.0,2.0,0.0,0.0,0.0,0,Not Verified
STU0295,Docker,0.0,0.0,1.0,30.0,2.0,0.0,0.0,0.0,0,Not Verified
STU0295,C++,1.0,79.0,0.0,0.0,0.0,0.0,0.0,0.0,0,Not Verified
STU0295,HTML/CSS,1.0,85.0,0.0,0.0,0.0,1.0,76.2,76.2,1,Intermediate
STU0295,MongoDB,0.0,0.0,0.0,0.0,0.0,0.0,0.0,0.0,0,Not Verified
STU0295,Firebase,0.0,0.0,1.0,51.0,1.0,0.0,0.0,0.0,0,Not Verified
STU0296,Python,0.0,0.0,2.0,165.0,2.0,0.0,0.0,0.0,0,Not Verified
STU0296,Java,0.0,0.0,0.0,0.0,0.0,0.0,0.0,0.0,0,Not Verified
STU0296,JavaScript,0.0,0.0,0.0,0.0,0.0,1.0,72.8,72.8,1,Intermediate
STU0296,React,0.0,0.0,1.0,97.0,3.0,0.0,0.0,0.0,0,Not Verified
STU0296,Node.js,1.0,68.0,1.0,97.0,3.0,0.0,0.0,0.0,0,Not Verified
STU0296,SQL,1.0,68.0,0.0,0.0,0.0,0.0,0.0,0.0,0,Not Verified
STU0296,Machine Learning,0.0,0.0,1.0,27.0,1.0,0.0,0.0,0.0,0,Not Verified
STU0296,Data Science,0.0,0.0,0.0,0.0,0.0,0.0,0.0,0.0,0,Not Verified
STU0296,FastAPI,1.0,94.0,0.0,0.0,0.0,0.0,0.0,0.0,0,Not Verified
STU0296,Git,0.0,0.0,0.0,0.0,0.0,0.0,0.0,0.0,0,Not Verified
STU0296,Docker,0.0,0.0,0.0,0.0,0.0,0.0,0.0,0.0,0,Not Verified
STU0296,C++,1.0,81.0,0.0,0.0,0.0,0.0,0.0,0.0,0,Not Verified
STU0296,HTML/CSS,0.0,0.0,0.0,0.0,0.0,0.0,0.0,0.0,0,Not Verified
STU0296,MongoDB,1.0,88.0,1.0,97.0,3.0,1.0,74.5,74.5,1,Intermediate
STU0296,Firebase,0.0,0.0,1.0,138.0,3.0,1.0,87.9,87.9,1,Advanced
STU0297,Python,0.0,0.0,1.0,8.0,1.0,0.0,0.0,0.0,0,Not Verified
STU0297,Java,1.0,60.0,0.0,0.0,0.0,0.0,0.0,0.0,0,Not Verified
STU0297,JavaScript,0.0,0.0,1.0,78.0,2.0,0.0,0.0,0.0,0,Not Verified
STU0297,React,0.0,0.0,0.0,0.0,0.0,0.0,0.0,0.0,0,Not Verified
STU0297,Node.js,0.0,0.0,0.0,0.0,0.0,0.0,0.0,0.0,0,Not Verified
STU0297,SQL,0.0,0.0,0.0,0.0,0.0,0.0,0.0,0.0,0,Not Verified
STU0297,Machine Learning,0.0,0.0,1.0,8.0,1.0,1.0,68.3,68.3,1,Beginner
STU0297,Data Science,0.0,0.0,0.0,0.0,0.0,0.0,0.0,0.0,0,Not Verified
STU0297,FastAPI,1.0,82.0,1.0,8.0,1.0,0.0,0.0,0.0,0,Not Verified
STU0297,Git,1.0,85.0,0.0,0.0,0.0,0.0,0.0,0.0,0,Not Verified
STU0297,Docker,1.0,73.0,0.0,0.0,0.0,1.0,78.0,78.0,1,Intermediate
STU0297,C++,1.0,93.0,0.0,0.0,0.0,0.0,0.0,0.0,0,Not Verified
STU0297,HTML/CSS,0.0,0.0,1.0,78.0,2.0,1.0,88.7,88.7,1,Advanced
STU0297,MongoDB,0.0,0.0,0.0,0.0,0.0,0.0,0.0,0.0,0,Not Verified
STU0297,Firebase,0.0,0.0,0.0,0.0,0.0,0.0,0.0,0.0,0,Not Verified
STU0298,Python,0.0,0.0,0.0,0.0,0.0,0.0,0.0,0.0,0,Not Verified
STU0298,Java,0.0,0.0,1.0,118.0,3.0,0.0,0.0,0.0,0,Not Verified
STU0298,JavaScript,1.0,94.0,0.0,0.0,0.0,0.0,0.0,0.0,0,Not Verified
STU0298,React,0.0,0.0,0.0,0.0,0.0,1.0,72.3,72.3,1,Intermediate
STU0298,Node.js,1.0,88.0,0.0,0.0,0.0,1.0,68.3,68.3,1,Beginner
STU0298,SQL,1.0,86.0,1.0,118.0,3.0,0.0,0.0,0.0,0,Not Verified
STU0298,Machine Learning,0.0,0.0,0.0,0.0,0.0,0.0,0.0,0.0,0,Not Verified
STU0298,Data Science,0.0,0.0,0.0,0.0,0.0,0.0,0.0,0.0,0,Not Verified
STU0298,FastAPI,1.0,95.0,0.0,0.0,0.0,0.0,0.0,0.0,0,Not Verified
STU0298,Git,1.0,86.0,0.0,0.0,0.0,1.0,60.9,60.9,1,Beginner
STU0298,Docker,1.0,86.0,0.0,0.0,0.0,0.0,0.0,0.0,0,Not Verified
STU0298,C++,0.0,0.0,0.0,0.0,0.0,1.0,61.0,61.0,1,Beginner
STU0298,HTML/CSS,1.0,69.0,0.0,0.0,0.0,0.0,0.0,0.0,0,Not Verified
STU0298,MongoDB,1.0,91.0,0.0,0.0,0.0,2.0,77.45,77.45,1,Intermediate
STU0298,Firebase,1.0,66.0,0.0,0.0,0.0,0.0,0.0,0.0,0,Not Verified
STU0299,Python,1.0,57.0,1.0,37.0,1.0,0.0,0.0,0.0,0,Not Verified
STU0299,Java,1.0,76.0,0.0,0.0,0.0,0.0,0.0,0.0,0,Not Verified
STU0299,JavaScript,0.0,0.0,0.0,0.0,0.0,0.0,0.0,0.0,0,Not Verified
STU0299,React,1.0,81.0,1.0,8.0,2.0,1.0,68.8,68.8,1,Beginner
STU0299,Node.js,1.0,81.0,1.0,8.0,2.0,0.0,0.0,0.0,0,Not Verified
STU0299,SQL,0.0,0.0,0.0,0.0,0.0,0.0,0.0,0.0,0,Not Verified
STU0299,Machine Learning,1.0,55.0,0.0,0.0,0.0,0.0,0.0,0.0,0,Not Verified
STU0299,Data Science,1.0,90.0,0.0,0.0,0.0,0.0,0.0,0.0,0,Not Verified
STU0299,FastAPI,0.0,0.0,0.0,0.0,0.0,1.0,67.3,67.3,1,Beginner
STU0299,Git,0.0,0.0,0.0,0.0,0.0,0.0,0.0,0.0,0,Not Verified
STU0299,Docker,0.0,0.0,0.0,0.0,0.0,0.0,0.0,0.0,0,Not Verified
STU0299,C++,1.0,95.0,0.0,0.0,0.0,0.0,0.0,0.0,0,Not Verified
STU0299,HTML/CSS,1.0,77.0,0.0,0.0,0.0,0.0,0.0,0.0,0,Not Verified
STU0299,MongoDB,1.0,68.0,1.0,8.0,2.0,1.0,85.2,85.2,1,Advanced
STU0299,Firebase,1.0,95.0,1.0,37.0,1.0,1.0,62.4,62.4,1,Beginner
STU0300,Python,0.0,0.0,1.0,129.0,1.0,0.0,0.0,0.0,0,Not Verified
STU0300,Java,1.0,55.0,1.0,149.0,2.0,0.0,0.0,0.0,0,Not Verified
STU0300,JavaScript,0.0,0.0,0.0,0.0,0.0,1.0,67.4,67.4,1,Beginner
STU0300,React,0.0,0.0,0.0,0.0,0.0,0.0,0.0,0.0,0,Not Verified
STU0300,Node.js,1.0,90.0,1.0,79.0,1.0,0.0,0.0,0.0,0,Not Verified
STU0300,SQL,0.0,0.0,2.0,278.0,1.5,0.0,0.0,0.0,0,Not Verified
STU0300,Machine Learning,0.0,0.0,0.0,0.0,0.0,0.0,0.0,0.0,0,Not Verified
STU0300,Data Science,0.0,0.0,1.0,129.0,1.0,0.0,0.0,0.0,0,Not Verified
STU0300,FastAPI,0.0,0.0,0.0,0.0,0.0,0.0,0.0,0.0,0,Not Verified
STU0300,Git,0.0,0.0,1.0,79.0,1.0,0.0,0.0,0.0,0,Not Verified
STU0300,Docker,1.0,98.0,1.0,79.0,1.0,0.0,0.0,0.0,0,Not Verified
STU0300,C++,1.0,87.0,0.0,0.0,0.0,1.0,76.9,76.9,1,Intermediate
STU0300,HTML/CSS,1.0,62.0,0.0,0.0,0.0,0.0,0.0,0.0,0,Not Verified
STU0300,MongoDB,1.0,75.0,0.0,0.0,0.0,0.0,0.0,0.0,0,Not Verified
STU0300,Firebase,0.0,0.0,0.0,0.0,0.0,0.0,0.0,0.0,0,Not Verified
STU0301,Python,1.0,85.0,4.0,439.0,1.75,0.0,0.0,0.0,0,Not Verified
STU0301,Java,0.0,0.0,2.0,85.0,2.5,0.0,0.0,0.0,0,Not Verified
STU0301,JavaScript,1.0,57.0,0.0,0.0,0.0,0.0,0.0,0.0,0,Not Verified
STU0301,React,0.0,0.0,0.0,0.0,0.0,0.0,0.0,0.0,0,Not Verified
STU0301,Node.js,0.0,0.0,0.0,0.0,0.0,0.0,0.0,0.0,0,Not Verified
STU0301,SQL,1.0,67.0,2.0,85.0,2.5,0.0,0.0,0.0,0,Not Verified
STU0301,Machine Learning,1.0,76.0,4.0,439.0,1.75,0.0,0.0,0.0,0,Not Verified
STU0301,Data Science,0.0,0.0,2.0,250.0,1.0,0.0,0.0,0.0,0,Not Verified
STU0301,FastAPI,0.0,0.0,1.0,40.0,2.0,0.0,0.0,0.0,0,Not Verified
STU0301,Git,1.0,98.0,0.0,0.0,0.0,0.0,0.0,0.0,0,Not Verified
STU0301,Docker,0.0,0.0,0.0,0.0,0.0,0.0,0.0,0.0,0,Not Verified
STU0301,C++,1.0,76.0,0.0,0.0,0.0,0.0,0.0,0.0,0,Not Verified
STU0301,HTML/CSS,1.0,85.0,0.0,0.0,0.0,0.0,0.0,0.0,0,Not Verified
STU0301,MongoDB,0.0,0.0,0.0,0.0,0.0,0.0,0.0,0.0,0,Not Verified
STU0301,Firebase,0.0,0.0,0.0,0.0,0.0,0.0,0.0,0.0,0,Not Verified
STU0302,Python,0.0,0.0,2.0,191.0,2.0,0.0,0.0,0.0,0,Not Verified
STU0302,Java,0.0,0.0,0.0,0.0,0.0,0.0,0.0,0.0,0,Not Verified
STU0302,JavaScript,1.0,58.0,0.0,0.0,0.0,0.0,0.0,0.0,0,Not Verified
STU0302,React,1.0,68.0,0.0,0.0,0.0,0.0,0.0,0.0,0,Not Verified
STU0302,Node.js,0.0,0.0,1.0,87.0,3.0,1.0,67.0,67.0,1,Beginner
STU0302,SQL,1.0,90.0,1.0,81.0,1.0,0.0,0.0,0.0,0,Not Verified
STU0302,Machine Learning,1.0,56.0,1.0,110.0,3.0,0.0,0.0,0.0,0,Not Verified
STU0302,Data Science,1.0,88.0,1.0,81.0,1.0,0.0,0.0,0.0,0,Not Verified
STU0302,FastAPI,1.0,75.0,1.0,110.0,3.0,1.0,82.6,82.6,1,Intermediate
STU0302,Git,0.0,0.0,1.0,87.0,3.0,0.0,0.0,0.0,0,Not Verified
STU0302,Docker,1.0,91.0,1.0,87.0,3.0,0.0,0.0,0.0,0,Not Verified
STU0302,C++,1.0,89.0,0.0,0.0,0.0,1.0,89.4,89.4,1,Advanced
STU0302,HTML/CSS,0.0,0.0,0.0,0.0,0.0,0.0,0.0,0.0,0,Not Verified
STU0302,MongoDB,1.0,98.0,0.0,0.0,0.0,0.0,0.0,0.0,0,Not Verified
STU0302,Firebase,1.0,74.0,0.0,0.0,0.0,0.0,0.0,0.0,0,Not Verified
STU0303,Python,1.0,66.0,0.0,0.0,0.0,0.0,0.0,0.0,0,Not Verified
STU0303,Java,1.0,91.0,0.0,0.0,0.0,0.0,0.0,0.0,0,Not Verified
STU0303,JavaScript,1.0,93.0,0.0,0.0,0.0,0.0,0.0,0.0,0,Not Verified
STU0303,React,0.0,0.0,0.0,0.0,0.0,0.0,0.0,0.0,0,Not Verified
STU0303,Node.js,1.0,79.0,0.0,0.0,0.0,0.0,0.0,0.0,0,Not Verified
STU0303,SQL,1.0,95.0,0.0,0.0,0.0,0.0,0.0,0.0,0,Not Verified
STU0303,Machine Learning,0.0,0.0,0.0,0.0,0.0,0.0,0.0,0.0,0,Not Verified
STU0303,Data Science,0.0,0.0,0.0,0.0,0.0,0.0,0.0,0.0,0,Not Verified
STU0303,FastAPI,0.0,0.0,0.0,0.0,0.0,0.0,0.0,0.0,0,Not Verified
STU0303,Git,1.0,93.0,0.0,0.0,0.0,0.0,0.0,0.0,0,Not Verified
STU0303,Docker,1.0,79.0,0.0,0.0,0.0,0.0,0.0,0.0,0,Not Verified
STU0303,C++,0.0,0.0,0.0,0.0,0.0,0.0,0.0,0.0,0,Not Verified
STU0303,HTML/CSS,1.0,89.0,0.0,0.0,0.0,1.0,70.5,70.5,1,Intermediate
STU0303,MongoDB,1.0,65.0,0.0,0.0,0.0,0.0,0.0,0.0,0,Not Verified
STU0303,Firebase,0.0,0.0,0.0,0.0,0.0,0.0,0.0,0.0,0,Not Verified
STU0304,Python,0.0,0.0,0.0,0.0,0.0,0.0,0.0,0.0,0,Not Verified
STU0304,Java,0.0,0.0,0.0,0.0,0.0,0.0,0.0,0.0,0,Not Verified
STU0304,JavaScript,0.0,0.0,1.0,65.0,1.0,0.0,0.0,0.0,0,Not Verified
STU0304,React,0.0,0.0,1.0,136.0,3.0,0.0,0.0,0.0,0,Not Verified
STU0304,Node.js,1.0,60.0,1.0,136.0,3.0,0.0,0.0,0.0,0,Not Verified
STU0304,SQL,1.0,86.0,0.0,0.0,0.0,1.0,60.8,60.8,1,Beginner
STU0304,Machine Learning,0.0,0.0,0.0,0.0,0.0,0.0,0.0,0.0,0,Not Verified
STU0304,Data Science,0.0,0.0,0.0,0.0,0.0,0.0,0.0,0.0,0,Not Verified
STU0304,FastAPI,0.0,0.0,0.0,0.0,0.0,0.0,0.0,0.0,0,Not Verified
STU0304,Git,0.0,0.0,0.0,0.0,0.0,1.0,70.7,70.7,1,Intermediate
STU0304,Docker,0.0,0.0,0.0,0.0,0.0,0.0,0.0,0.0,0,Not Verified
STU0304,C++,0.0,0.0,0.0,0.0,0.0,0.0,0.0,0.0,0,Not Verified
STU0304,HTML/CSS,1.0,72.0,1.0,65.0,1.0,0.0,0.0,0.0,0,Not Verified
STU0304,MongoDB,1.0,57.0,1.0,136.0,3.0,2.0,51.75,51.75,1,Beginner
STU0304,Firebase,1.0,81.0,0.0,0.0,0.0,1.0,61.7,61.7,1,Beginner
STU0305,Python,0.0,0.0,0.0,0.0,0.0,0.0,0.0,0.0,0,Not Verified
STU0305,Java,0.0,0.0,0.0,0.0,0.0,0.0,0.0,0.0,0,Not Verified
STU0305,JavaScript,0.0,0.0,0.0,0.0,0.0,0.0,0.0,0.0,0,Not Verified
STU0305,React,1.0,57.0,1.0,54.0,1.0,1.0,79.7,79.7,1,Intermediate
STU0305,Node.js,1.0,78.0,1.0,54.0,1.0,0.0,0.0,0.0,0,Not Verified
STU0305,SQL,1.0,66.0,0.0,0.0,0.0,0.0,0.0,0.0,0,Not Verified
STU0305,Machine Learning,0.0,0.0,0.0,0.0,0.0,1.0,92.2,92.2,1,Advanced
STU0305,Data Science,1.0,62.0,0.0,0.0,0.0,1.0,67.1,67.1,1,Beginner
STU0305,FastAPI,1.0,67.0,0.0,0.0,0.0,0.0,0.0,0.0,0,Not Verified
STU0305,Git,0.0,0.0,0.0,0.0,0.0,0.0,0.0,0.0,0,Not Verified
STU0305,Docker,0.0,0.0,0.0,0.0,0.0,0.0,0.0,0.0,0,Not Verified
STU0305,C++,0.0,0.0,0.0,0.0,0.0,0.0,0.0,0.0,0,Not Verified
STU0305,HTML/CSS,1.0,60.0,0.0,0.0,0.0,2.0,72.0,72.0,1,Intermediate
STU0305,MongoDB,0.0,0.0,1.0,54.0,1.0,1.0,81.3,81.3,1,Intermediate
STU0305,Firebase,0.0,0.0,0.0,0.0,0.0,1.0,73.5,73.5,1,Intermediate
STU0306,Python,1.0,88.0,0.0,0.0,0.0,0.0,0.0,0.0,0,Not Verified
STU0306,Java,0.0,0.0,0.0,0.0,0.0,0.0,0.0,0.0,0,Not Verified
STU0306,JavaScript,1.0,61.0,0.0,0.0,0.0,0.0,0.0,0.0,0,Not Verified
STU0306,React,1.0,88.0,0.0,0.0,0.0,1.0,60.2,60.2,1,Beginner
STU0306,Node.js,0.0,0.0,0.0,0.0,0.0,0.0,0.0,0.0,0,Not Verified
STU0306,SQL,1.0,98.0,0.0,0.0,0.0,1.0,57.7,57.7,1,Beginner
STU0306,Machine Learning,0.0,0.0,0.0,0.0,0.0,1.0,65.2,65.2,1,Beginner
STU0306,Data Science,1.0,75.0,0.0,0.0,0.0,1.0,52.7,52.7,1,Beginner
STU0306,FastAPI,1.0,85.0,0.0,0.0,0.0,0.0,0.0,0.0,0,Not Verified
STU0306,Git,0.0,0.0,0.0,0.0,0.0,0.0,0.0,0.0,0,Not Verified
STU0306,Docker,0.0,0.0,0.0,0.0,0.0,0.0,0.0,0.0,0,Not Verified
STU0306,C++,0.0,0.0,0.0,0.0,0.0,0.0,0.0,0.0,0,Not Verified
STU0306,HTML/CSS,1.0,74.0,0.0,0.0,0.0,0.0,0.0,0.0,0,Not Verified
STU0306,MongoDB,0.0,0.0,0.0,0.0,0.0,0.0,0.0,0.0,0,Not Verified
STU0306,Firebase,1.0,64.0,0.0,0.0,0.0,0.0,0.0,0.0,0,Not Verified
STU0307,Python,1.0,74.0,1.0,29.0,1.0,0.0,0.0,0.0,0,Not Verified
STU0307,Java,0.0,0.0,0.0,0.0,0.0,0.0,0.0,0.0,0,Not Verified
STU0307,JavaScript,0.0,0.0,0.0,0.0,0.0,1.0,86.1,86.1,1,Advanced
STU0307,React,1.0,62.0,1.0,146.0,1.0,1.0,59.8,59.8,1,Beginner
STU0307,Node.js,0.0,0.0,1.0,146.0,1.0,2.0,69.25,69.25,1,Intermediate
STU0307,SQL,0.0,0.0,0.0,0.0,0.0,0.0,0.0,0.0,0,Not Verified
STU0307,Machine Learning,1.0,98.0,1.0,29.0,1.0,0.0,0.0,0.0,0,Not Verified
STU0307,Data Science,1.0,57.0,1.0,29.0,1.0,1.0,83.3,83.3,1,Intermediate
STU0307,FastAPI,1.0,93.0,0.0,0.0,0.0,0.0,0.0,0.0,0,Not Verified
STU0307,Git,0.0,0.0,0.0,0.0,0.0,0.0,0.0,0.0,0,Not Verified
STU0307,Docker,0.0,0.0,0.0,0.0,0.0,2.0,71.19999999999999,71.19999999999999,1,Intermediate
STU0307,C++,1.0,55.0,0.0,0.0,0.0,1.0,66.1,66.1,1,Beginner
STU0307,HTML/CSS,0.0,0.0,0.0,0.0,0.0,0.0,0.0,0.0,0,Not Verified
STU0307,MongoDB,0.0,0.0,1.0,146.0,1.0,0.0,0.0,0.0,0,Not Verified
STU0307,Firebase,0.0,0.0,0.0,0.0,0.0,0.0,0.0,0.0,0,Not Verified
STU0308,Python,1.0,56.0,0.0,0.0,0.0,0.0,0.0,0.0,0,Not Verified
STU0308,Java,1.0,91.0,1.0,94.0,1.0,0.0,0.0,0.0,0,Not Verified
STU0308,JavaScript,0.0,0.0,0.0,0.0,0.0,1.0,78.0,78.0,1,Intermediate
STU0308,React,0.0,0.0,1.0,50.0,3.0,0.0,0.0,0.0,0,Not Verified
STU0308,Node.js,0.0,0.0,1.0,50.0,3.0,2.0,70.75,70.75,1,Intermediate
STU0308,SQL,1.0,97.0,1.0,94.0,1.0,0.0,0.0,0.0,0,Not Verified
STU0308,Machine Learning,0.0,0.0,0.0,0.0,0.0,2.0,64.1,64.1,1,Beginner
STU0308,Data Science,1.0,74.0,0.0,0.0,0.0,1.0,75.5,75.5,1,Intermediate
STU0308,FastAPI,1.0,74.0,0.0,0.0,0.0,0.0,0.0,0.0,0,Not Verified
STU0308,Git,0.0,0.0,0.0,0.0,0.0,0.0,0.0,0.0,0,Not Verified
STU0308,Docker,0.0,0.0,0.0,0.0,0.0,0.0,0.0,0.0,0,Not Verified
STU0308,C++,0.0,0.0,0.0,0.0,0.0,1.0,93.6,93.6,1,Advanced
STU0308,HTML/CSS,0.0,0.0,0.0,0.0,0.0,0.0,0.0,0.0,0,Not Verified
STU0308,MongoDB,0.0,0.0,1.0,50.0,3.0,0.0,0.0,0.0,0,Not Verified
STU0308,Firebase,0.0,0.0,0.0,0.0,0.0,0.0,0.0,0.0,0,Not Verified
STU0309,Python,0.0,0.0,0.0,0.0,0.0,0.0,0.0,0.0,0,Not Verified
STU0309,Java,0.0,0.0,1.0,37.0,2.0,0.0,0.0,0.0,0,Not Verified
STU0309,JavaScript,0.0,0.0,1.0,96.0,1.0,0.0,0.0,0.0,0,Not Verified
STU0309,React,1.0,62.0,1.0,32.0,1.0,0.0,0.0,0.0,0,Not Verified
STU0309,Node.js,1.0,72.0,0.0,0.0,0.0,0.0,0.0,0.0,0,Not Verified
STU0309,SQL,1.0,72.0,1.0,37.0,2.0,0.0,0.0,0.0,0,Not Verified
STU0309,Machine Learning,1.0,94.0,0.0,0.0,0.0,0.0,0.0,0.0,0,Not Verified
STU0309,Data Science,0.0,0.0,0.0,0.0,0.0,0.0,0.0,0.0,0,Not Verified
STU0309,FastAPI,0.0,0.0,0.0,0.0,0.0,0.0,0.0,0.0,0,Not Verified
STU0309,Git,1.0,62.0,0.0,0.0,0.0,0.0,0.0,0.0,0,Not Verified
STU0309,Docker,1.0,90.0,0.0,0.0,0.0,0.0,0.0,0.0,0,Not Verified
STU0309,C++,1.0,65.0,0.0,0.0,0.0,0.0,0.0,0.0,0,Not Verified
STU0309,HTML/CSS,1.0,55.0,1.0,96.0,1.0,0.0,0.0,0.0,0,Not Verified
STU0309,MongoDB,1.0,64.0,0.0,0.0,0.0,1.0,77.5,77.5,1,Intermediate
STU0309,Firebase,1.0,97.0,1.0,32.0,1.0,0.0,0.0,0.0,0,Not Verified
STU0310,Python,0.0,0.0,0.0,0.0,0.0,0.0,0.0,0.0,0,Not Verified
STU0310,Java,1.0,73.0,1.0,99.0,2.0,0.0,0.0,0.0,0,Not Verified
STU0310,JavaScript,1.0,76.0,0.0,0.0,0.0,0.0,0.0,0.0,0,Not Verified
STU0310,React,1.0,91.0,3.0,154.0,2.3333333333333335,1.0,81.9,81.9,1,Intermediate
STU0310,Node.js,1.0,94.0,2.0,98.0,2.0,0.0,0.0,0.0,0,Not Verified
STU0310,SQL,1.0,65.0,1.0,99.0,2.0,0.0,0.0,0.0,0,Not Verified
STU0310,Machine Learning,0.0,0.0,0.0,0.0,0.0,0.0,0.0,0.0,0,Not Verified
STU0310,Data Science,0.0,0.0,0.0,0.0,0.0,0.0,0.0,0.0,0,Not Verified
STU0310,FastAPI,1.0,70.0,0.0,0.0,0.0,0.0,0.0,0.0,0,Not Verified
STU0310,Git,1.0,89.0,0.0,0.0,0.0,0.0,0.0,0.0,0,Not Verified
STU0310,Docker,0.0,0.0,0.0,0.0,0.0,0.0,0.0,0.0,0,Not Verified
STU0310,C++,1.0,74.0,0.0,0.0,0.0,0.0,0.0,0.0,0,Not Verified
STU0310,HTML/CSS,1.0,59.0,0.0,0.0,0.0,0.0,0.0,0.0,0,Not Verified
STU0310,MongoDB,0.0,0.0,2.0,98.0,2.0,0.0,0.0,0.0,0,Not Verified
STU0310,Firebase,0.0,0.0,1.0,56.0,3.0,0.0,0.0,0.0,0,Not Verified
STU0311,Python,1.0,58.0,0.0,0.0,0.0,0.0,0.0,0.0,0,Not Verified
STU0311,Java,1.0,92.0,0.0,0.0,0.0,0.0,0.0,0.0,0,Not Verified
STU0311,JavaScript,1.0,60.0,0.0,0.0,0.0,0.0,0.0,0.0,0,Not Verified
STU0311,React,0.0,0.0,0.0,0.0,0.0,0.0,0.0,0.0,0,Not Verified
STU0311,Node.js,0.0,0.0,0.0,0.0,0.0,1.0,63.4,63.4,1,Beginner
STU0311,SQL,0.0,0.0,0.0,0.0,0.0,0.0,0.0,0.0,0,Not Verified
STU0311,Machine Learning,1.0,95.0,0.0,0.0,0.0,0.0,0.0,0.0,0,Not Verified
STU0311,Data Science,1.0,80.0,0.0,0.0,0.0,0.0,0.0,0.0,0,Not Verified
STU0311,FastAPI,0.0,0.0,0.0,0.0,0.0,0.0,0.0,0.0,0,Not Verified
STU0311,Git,0.0,0.0,0.0,0.0,0.0,0.0,0.0,0.0,0,Not Verified
STU0311,Docker,1.0,66.0,0.0,0.0,0.0,0.0,0.0,0.0,0,Not Verified
STU0311,C++,0.0,0.0,0.0,0.0,0.0,0.0,0.0,0.0,0,Not Verified
STU0311,HTML/CSS,1.0,93.0,0.0,0.0,0.0,0.0,0.0,0.0,0,Not Verified
STU0311,MongoDB,0.0,0.0,0.0,0.0,0.0,0.0,0.0,0.0,0,Not Verified
STU0311,Firebase,1.0,82.0,0.0,0.0,0.0,0.0,0.0,0.0,0,Not Verified
STU0312,Python,0.0,0.0,1.0,55.0,2.0,0.0,0.0,0.0,0,Not Verified
STU0312,Java,1.0,98.0,0.0,0.0,0.0,0.0,0.0,0.0,0,Not Verified
STU0312,JavaScript,0.0,0.0,0.0,0.0,0.0,0.0,0.0,0.0,0,Not Verified
STU0312,React,1.0,74.0,0.0,0.0,0.0,0.0,0.0,0.0,0,Not Verified
STU0312,Node.js,1.0,61.0,0.0,0.0,0.0,1.0,50.8,50.8,1,Beginner
STU0312,SQL,1.0,84.0,0.0,0.0,0.0,0.0,0.0,0.0,0,Not Verified
STU0312,Machine Learning,1.0,96.0,1.0,55.0,2.0,0.0,0.0,0.0,0,Not Verified
STU0312,Data Science,1.0,63.0,1.0,55.0,2.0,0.0,0.0,0.0,0,Not Verified
STU0312,FastAPI,1.0,84.0,0.0,0.0,0.0,0.0,0.0,0.0,0,Not Verified
STU0312,Git,1.0,60.0,0.0,0.0,0.0,0.0,0.0,0.0,0,Not Verified
STU0312,Docker,0.0,0.0,0.0,0.0,0.0,0.0,0.0,0.0,0,Not Verified
STU0312,C++,1.0,91.0,0.0,0.0,0.0,0.0,0.0,0.0,0,Not Verified
STU0312,HTML/CSS,0.0,0.0,0.0,0.0,0.0,0.0,0.0,0.0,0,Not Verified
STU0312,MongoDB,0.0,0.0,0.0,0.0,0.0,0.0,0.0,0.0,0,Not Verified
STU0312,Firebase,1.0,84.0,0.0,0.0,0.0,1.0,49.5,49.5,0,Beginner
STU0313,Python,0.0,0.0,1.0,150.0,3.0,0.0,0.0,0.0,0,Not Verified
STU0313,Java,0.0,0.0,0.0,0.0,0.0,0.0,0.0,0.0,0,Not Verified
STU0313,JavaScript,1.0,75.0,0.0,0.0,0.0,1.0,72.8,72.8,1,Intermediate
STU0313,React,1.0,97.0,0.0,0.0,0.0,0.0,0.0,0.0,0,Not Verified
STU0313,Node.js,1.0,86.0,0.0,0.0,0.0,0.0,0.0,0.0,0,Not Verified
STU0313,SQL,1.0,56.0,1.0,150.0,3.0,0.0,0.0,0.0,0,Not Verified
STU0313,Machine Learning,1.0,59.0,0.0,0.0,0.0,0.0,0.0,0.0,0,Not Verified
STU0313,Data Science,0.0,0.0,1.0,150.0,3.0,0.0,0.0,0.0,0,Not Verified
STU0313,FastAPI,0.0,0.0,0.0,0.0,0.0,0.0,0.0,0.0,0,Not Verified
STU0313,Git,1.0,84.0,0.0,0.0,0.0,0.0,0.0,0.0,0,Not Verified
STU0313,Docker,0.0,0.0,0.0,0.0,0.0,0.0,0.0,0.0,0,Not Verified
STU0313,C++,0.0,0.0,0.0,0.0,0.0,1.0,73.7,73.7,1,Intermediate
STU0313,HTML/CSS,1.0,85.0,0.0,0.0,0.0,0.0,0.0,0.0,0,Not Verified
STU0313,MongoDB,0.0,0.0,0.0,0.0,0.0,0.0,0.0,0.0,0,Not Verified
STU0313,Firebase,1.0,76.0,0.0,0.0,0.0,0.0,0.0,0.0,0,Not Verified
STU0314,Python,0.0,0.0,1.0,74.0,1.0,0.0,0.0,0.0,0,Not Verified
STU0314,Java,0.0,0.0,0.0,0.0,0.0,0.0,0.0,0.0,0,Not Verified
STU0314,JavaScript,1.0,63.0,0.0,0.0,0.0,0.0,0.0,0.0,0,Not Verified
STU0314,React,0.0,0.0,0.0,0.0,0.0,0.0,0.0,0.0,0,Not Verified
STU0314,Node.js,1.0,87.0,1.0,50.0,1.0,0.0,0.0,0.0,0,Not Verified
STU0314,SQL,1.0,77.0,0.0,0.0,0.0,1.0,59.5,59.5,1,Beginner
STU0314,Machine Learning,0.0,0.0,1.0,74.0,1.0,1.0,78.4,78.4,1,Intermediate
STU0314,Data Science,1.0,93.0,1.0,74.0,1.0,0.0,0.0,0.0,0,Not Verified
STU0314,FastAPI,0.0,0.0,0.0,0.0,0.0,0.0,0.0,0.0,0,Not Verified
STU0314,Git,0.0,0.0,1.0,50.0,1.0,0.0,0.0,0.0,0,Not Verified
STU0314,Docker,0.0,0.0,1.0,50.0,1.0,0.0,0.0,0.0,0,Not Verified
STU0314,C++,0.0,0.0,0.0,0.0,0.0,0.0,0.0,0.0,0,Not Verified
STU0314,HTML/CSS,0.0,0.0,0.0,0.0,0.0,0.0,0.0,0.0,0,Not Verified
STU0314,MongoDB,1.0,91.0,0.0,0.0,0.0,0.0,0.0,0.0,0,Not Verified
STU0314,Firebase,0.0,0.0,0.0,0.0,0.0,0.0,0.0,0.0,0,Not Verified
STU0315,Python,0.0,0.0,0.0,0.0,0.0,0.0,0.0,0.0,0,Not Verified
STU0315,Java,1.0,74.0,0.0,0.0,0.0,0.0,0.0,0.0,0,Not Verified
STU0315,JavaScript,0.0,0.0,0.0,0.0,0.0,0.0,0.0,0.0,0,Not Verified
STU0315,React,0.0,0.0,0.0,0.0,0.0,0.0,0.0,0.0,0,Not Verified
STU0315,Node.js,0.0,0.0,1.0,67.0,3.0,0.0,0.0,0.0,0,Not Verified
STU0315,SQL,1.0,89.0,0.0,0.0,0.0,1.0,76.0,76.0,1,Intermediate
STU0315,Machine Learning,1.0,90.0,0.0,0.0,0.0,0.0,0.0,0.0,0,Not Verified
STU0315,Data Science,0.0,0.0,0.0,0.0,0.0,0.0,0.0,0.0,0,Not Verified
STU0315,FastAPI,0.0,0.0,0.0,0.0,0.0,0.0,0.0,0.0,0,Not Verified
STU0315,Git,0.0,0.0,1.0,67.0,3.0,0.0,0.0,0.0,0,Not Verified
STU0315,Docker,0.0,0.0,1.0,67.0,3.0,0.0,0.0,0.0,0,Not Verified
STU0315,C++,1.0,59.0,0.0,0.0,0.0,0.0,0.0,0.0,0,Not Verified
STU0315,HTML/CSS,0.0,0.0,0.0,0.0,0.0,0.0,0.0,0.0,0,Not Verified
STU0315,MongoDB,1.0,96.0,0.0,0.0,0.0,0.0,0.0,0.0,0,Not Verified
STU0315,Firebase,0.0,0.0,0.0,0.0,0.0,1.0,83.3,83.3,1,Intermediate
STU0316,Python,0.0,0.0,1.0,81.0,1.0,0.0,0.0,0.0,0,Not Verified
STU0316,Java,0.0,0.0,0.0,0.0,0.0,0.0,0.0,0.0,0,Not Verified
STU0316,JavaScript,1.0,82.0,0.0,0.0,0.0,0.0,0.0,0.0,0,Not Verified
STU0316,React,1.0,76.0,0.0,0.0,0.0,1.0,61.8,61.8,1,Beginner
STU0316,Node.js,0.0,0.0,0.0,0.0,0.0,0.0,0.0,0.0,0,Not Verified
STU0316,SQL,0.0,0.0,0.0,0.0,0.0,0.0,0.0,0.0,0,Not Verified
STU0316,Machine Learning,1.0,85.0,0.0,0.0,0.0,1.0,83.9,83.9,1,Intermediate
STU0316,Data Science,0.0,0.0,0.0,0.0,0.0,1.0,73.5,73.5,1,Intermediate
STU0316,FastAPI,1.0,82.0,0.0,0.0,0.0,1.0,71.7,71.7,1,Intermediate
STU0316,Git,1.0,79.0,0.0,0.0,0.0,1.0,87.9,87.9,1,Advanced
STU0316,Docker,0.0,0.0,0.0,0.0,0.0,0.0,0.0,0.0,0,Not Verified
STU0316,C++,1.0,92.0,0.0,0.0,0.0,1.0,68.3,68.3,1,Beginner
STU0316,HTML/CSS,0.0,0.0,0.0,0.0,0.0,0.0,0.0,0.0,0,Not Verified
STU0316,MongoDB,1.0,68.0,0.0,0.0,0.0,0.0,0.0,0.0,0,Not Verified
STU0316,Firebase,1.0,59.0,1.0,81.0,1.0,0.0,0.0,0.0,0,Not Verified
STU0317,Python,1.0,74.0,2.0,241.0,3.0,0.0,0.0,0.0,0,Not Verified
STU0317,Java,1.0,83.0,0.0,0.0,0.0,0.0,0.0,0.0,0,Not Verified
STU0317,JavaScript,1.0,61.0,0.0,0.0,0.0,1.0,62.0,62.0,1,Beginner
STU0317,React,1.0,90.0,0.0,0.0,0.0,1.0,60.2,60.2,1,Beginner
STU0317,Node.js,0.0,0.0,0.0,0.0,0.0,1.0,83.0,83.0,1,Intermediate
STU0317,SQL,1.0,93.0,0.0,0.0,0.0,0.0,0.0,0.0,0,Not Verified
STU0317,Machine Learning,0.0,0.0,2.0,241.0,3.0,0.0,0.0,0.0,0,Not Verified
STU0317,Data Science,1.0,66.0,0.0,0.0,0.0,0.0,0.0,0.0,0,Not Verified
STU0317,FastAPI,1.0,84.0,2.0,241.0,3.0,1.0,70.6,70.6,1,Intermediate
STU0317,Git,0.0,0.0,0.0,0.0,0.0,0.0,0.0,0.0,0,Not Verified
STU0317,Docker,0.0,0.0,0.0,0.0,0.0,0.0,0.0,0.0,0,Not Verified
STU0317,C++,1.0,75.0,0.0,0.0,0.0,0.0,0.0,0.0,0,Not Verified
STU0317,HTML/CSS,1.0,92.0,0.0,0.0,0.0,0.0,0.0,0.0,0,Not Verified
STU0317,MongoDB,0.0,0.0,0.0,0.0,0.0,0.0,0.0,0.0,0,Not Verified
STU0317,Firebase,0.0,0.0,0.0,0.0,0.0,1.0,56.9,56.9,1,Beginner
STU0318,Python,0.0,0.0,0.0,0.0,0.0,0.0,0.0,0.0,0,Not Verified
STU0318,Java,1.0,96.0,0.0,0.0,0.0,1.0,88.0,88.0,1,Advanced
STU0318,JavaScript,0.0,0.0,0.0,0.0,0.0,1.0,86.7,86.7,1,Advanced
STU0318,React,0.0,0.0,0.0,0.0,0.0,0.0,0.0,0.0,0,Not Verified
STU0318,Node.js,0.0,0.0,0.0,0.0,0.0,0.0,0.0,0.0,0,Not Verified
STU0318,SQL,1.0,92.0,0.0,0.0,0.0,0.0,0.0,0.0,0,Not Verified
STU0318,Machine Learning,1.0,63.0,0.0,0.0,0.0,0.0,0.0,0.0,0,Not Verified
STU0318,Data Science,1.0,95.0,0.0,0.0,0.0,0.0,0.0,0.0,0,Not Verified
STU0318,FastAPI,0.0,0.0,0.0,0.0,0.0,0.0,0.0,0.0,0,Not Verified
STU0318,Git,1.0,97.0,0.0,0.0,0.0,0.0,0.0,0.0,0,Not Verified
STU0318,Docker,1.0,60.0,0.0,0.0,0.0,0.0,0.0,0.0,0,Not Verified
STU0318,C++,0.0,0.0,0.0,0.0,0.0,0.0,0.0,0.0,0,Not Verified
STU0318,HTML/CSS,0.0,0.0,0.0,0.0,0.0,0.0,0.0,0.0,0,Not Verified
STU0318,MongoDB,1.0,68.0,0.0,0.0,0.0,0.0,0.0,0.0,0,Not Verified
STU0318,Firebase,1.0,58.0,0.0,0.0,0.0,1.0,75.9,75.9,1,Intermediate
STU0319,Python,0.0,0.0,2.0,186.0,2.0,0.0,0.0,0.0,0,Not Verified
STU0319,Java,0.0,0.0,0.0,0.0,0.0,0.0,0.0,0.0,0,Not Verified
STU0319,JavaScript,1.0,73.0,0.0,0.0,0.0,0.0,0.0,0.0,0,Not Verified
STU0319,React,0.0,0.0,0.0,0.0,0.0,0.0,0.0,0.0,0,Not Verified
STU0319,Node.js,0.0,0.0,0.0,0.0,0.0,0.0,0.0,0.0,0,Not Verified
STU0319,SQL,0.0,0.0,0.0,0.0,0.0,0.0,0.0,0.0,0,Not Verified
STU0319,Machine Learning,0.0,0.0,1.0,120.0,2.0,0.0,0.0,0.0,0,Not Verified
STU0319,Data Science,1.0,91.0,0.0,0.0,0.0,0.0,0.0,0.0,0,Not Verified
STU0319,FastAPI,0.0,0.0,0.0,0.0,0.0,0.0,0.0,0.0,0,Not Verified
STU0319,Git,0.0,0.0,0.0,0.0,0.0,0.0,0.0,0.0,0,Not Verified
STU0319,Docker,1.0,79.0,0.0,0.0,0.0,0.0,0.0,0.0,0,Not Verified
STU0319,C++,0.0,0.0,0.0,0.0,0.0,0.0,0.0,0.0,0,Not Verified
STU0319,HTML/CSS,1.0,89.0,0.0,0.0,0.0,0.0,0.0,0.0,0,Not Verified
STU0319,MongoDB,1.0,94.0,0.0,0.0,0.0,0.0,0.0,0.0,0,Not Verified
STU0319,Firebase,0.0,0.0,1.0,66.0,2.0,0.0,0.0,0.0,0,Not Verified
STU0320,Python,0.0,0.0,2.0,125.0,2.0,0.0,0.0,0.0,0,Not Verified
STU0320,Java,0.0,0.0,0.0,0.0,0.0,0.0,0.0,0.0,0,Not Verified
STU0320,JavaScript,0.0,0.0,0.0,0.0,0.0,0.0,0.0,0.0,0,Not Verified
STU0320,React,1.0,77.0,0.0,0.0,0.0,0.0,0.0,0.0,0,Not Verified
STU0320,Node.js,1.0,94.0,0.0,0.0,0.0,0.0,0.0,0.0,0,Not Verified
STU0320,SQL,1.0,55.0,0.0,0.0,0.0,0.0,0.0,0.0,0,Not Verified
STU0320,Machine Learning,1.0,63.0,2.0,125.0,2.0,0.0,0.0,0.0,0,Not Verified
STU0320,Data Science,0.0,0.0,0.0,0.0,0.0,0.0,0.0,0.0,0,Not Verified
STU0320,FastAPI,0.0,0.0,1.0,103.0,2.0,0.0,0.0,0.0,0,Not Verified
STU0320,Git,1.0,87.0,0.0,0.0,0.0,0.0,0.0,0.0,0,Not Verified
STU0320,Docker,1.0,92.0,0.0,0.0,0.0,0.0,0.0,0.0,0,Not Verified
STU0320,C++,0.0,0.0,0.0,0.0,0.0,0.0,0.0,0.0,0,Not Verified
STU0320,HTML/CSS,1.0,80.0,0.0,0.0,0.0,0.0,0.0,0.0,0,Not Verified
STU0320,MongoDB,0.0,0.0,0.0,0.0,0.0,0.0,0.0,0.0,0,Not Verified
STU0320,Firebase,1.0,60.0,0.0,0.0,0.0,1.0,61.3,61.3,1,Beginner
STU0321,Python,1.0,62.0,3.0,84.0,1.6666666666666667,0.0,0.0,0.0,0,Not Verified
STU0321,Java,0.0,0.0,1.0,150.0,1.0,0.0,0.0,0.0,0,Not Verified
STU0321,JavaScript,0.0,0.0,0.0,0.0,0.0,0.0,0.0,0.0,0,Not Verified
STU0321,React,0.0,0.0,0.0,0.0,0.0,0.0,0.0,0.0,0,Not Verified
STU0321,Node.js,0.0,0.0,0.0,0.0,0.0,0.0,0.0,0.0,0,Not Verified
STU0321,SQL,1.0,73.0,1.0,150.0,1.0,0.0,0.0,0.0,0,Not Verified
STU0321,Machine Learning,0.0,0.0,1.0,7.0,3.0,0.0,0.0,0.0,0,Not Verified
STU0321,Data Science,0.0,0.0,0.0,0.0,0.0,0.0,0.0,0.0,0,Not Verified
STU0321,FastAPI,1.0,56.0,1.0,7.0,3.0,0.0,0.0,0.0,0,Not Verified
STU0321,Git,0.0,0.0,0.0,0.0,0.0,0.0,0.0,0.0,0,Not Verified
STU0321,Docker,0.0,0.0,0.0,0.0,0.0,0.0,0.0,0.0,0,Not Verified
STU0321,C++,1.0,82.0,0.0,0.0,0.0,0.0,0.0,0.0,0,Not Verified
STU0321,HTML/CSS,1.0,92.0,0.0,0.0,0.0,0.0,0.0,0.0,0,Not Verified
STU0321,MongoDB,1.0,80.0,0.0,0.0,0.0,0.0,0.0,0.0,0,Not Verified
STU0321,Firebase,1.0,70.0,2.0,77.0,1.0,0.0,0.0,0.0,0,Not Verified
STU0322,Python,0.0,0.0,0.0,0.0,0.0,0.0,0.0,0.0,0,Not Verified
STU0322,Java,1.0,97.0,0.0,0.0,0.0,0.0,0.0,0.0,0,Not Verified
STU0322,JavaScript,0.0,0.0,0.0,0.0,0.0,0.0,0.0,0.0,0,Not Verified
STU0322,React,1.0,64.0,0.0,0.0,0.0,0.0,0.0,0.0,0,Not Verified
STU0322,Node.js,0.0,0.0,0.0,0.0,0.0,0.0,0.0,0.0,0,Not Verified
STU0322,SQL,1.0,85.0,0.0,0.0,0.0,0.0,0.0,0.0,0,Not Verified
STU0322,Machine Learning,1.0,67.0,0.0,0.0,0.0,1.0,97.3,97.3,1,Advanced
STU0322,Data Science,0.0,0.0,0.0,0.0,0.0,0.0,0.0,0.0,0,Not Verified
STU0322,FastAPI,1.0,81.0,0.0,0.0,0.0,0.0,0.0,0.0,0,Not Verified
STU0322,Git,0.0,0.0,0.0,0.0,0.0,0.0,0.0,0.0,0,Not Verified
STU0322,Docker,1.0,78.0,0.0,0.0,0.0,0.0,0.0,0.0,0,Not Verified
STU0322,C++,1.0,63.0,0.0,0.0,0.0,0.0,0.0,0.0,0,Not Verified
STU0322,HTML/CSS,1.0,90.0,0.0,0.0,0.0,0.0,0.0,0.0,0,Not Verified
STU0322,MongoDB,1.0,79.0,0.0,0.0,0.0,0.0,0.0,0.0,0,Not Verified
STU0322,Firebase,1.0,73.0,0.0,0.0,0.0,1.0,78.0,78.0,1,Intermediate
STU0323,Python,1.0,97.0,1.0,57.0,1.0,0.0,0.0,0.0,0,Not Verified
STU0323,Java,1.0,82.0,0.0,0.0,0.0,0.0,0.0,0.0,0,Not Verified
STU0323,JavaScript,1.0,86.0,1.0,142.0,3.0,0.0,0.0,0.0,0,Not Verified
STU0323,React,0.0,0.0,0.0,0.0,0.0,0.0,0.0,0.0,0,Not Verified
STU0323,Node.js,0.0,0.0,0.0,0.0,0.0,1.0,61.3,61.3,1,Beginner
STU0323,SQL,0.0,0.0,0.0,0.0,0.0,0.0,0.0,0.0,0,Not Verified
STU0323,Machine Learning,0.0,0.0,1.0,57.0,1.0,0.0,0.0,0.0,0,Not Verified
STU0323,Data Science,0.0,0.0,0.0,0.0,0.0,0.0,0.0,0.0,0,Not Verified
STU0323,FastAPI,0.0,0.0,1.0,57.0,1.0,0.0,0.0,0.0,0,Not Verified
STU0323,Git,0.0,0.0,0.0,0.0,0.0,0.0,0.0,0.0,0,Not Verified
STU0323,Docker,1.0,63.0,0.0,0.0,0.0,0.0,0.0,0.0,0,Not Verified
STU0323,C++,0.0,0.0,0.0,0.0,0.0,0.0,0.0,0.0,0,Not Verified
STU0323,HTML/CSS,0.0,0.0,1.0,142.0,3.0,0.0,0.0,0.0,0,Not Verified
STU0323,MongoDB,1.0,60.0,0.0,0.0,0.0,0.0,0.0,0.0,0,Not Verified
STU0323,Firebase,1.0,63.0,0.0,0.0,0.0,0.0,0.0,0.0,0,Not Verified
STU0324,Python,0.0,0.0,0.0,0.0,0.0,0.0,0.0,0.0,0,Not Verified
STU0324,Java,0.0,0.0,1.0,49.0,1.0,0.0,0.0,0.0,0,Not Verified
STU0324,JavaScript,1.0,82.0,0.0,0.0,0.0,1.0,55.2,55.2,1,Beginner
STU0324,React,1.0,91.0,0.0,0.0,0.0,0.0,0.0,0.0,0,Not Verified
STU0324,Node.js,1.0,55.0,0.0,0.0,0.0,0.0,0.0,0.0,0,Not Verified
STU0324,SQL,0.0,0.0,1.0,49.0,1.0,0.0,0.0,0.0,0,Not Verified
STU0324,Machine Learning,1.0,83.0,0.0,0.0,0.0,1.0,44.9,44.9,0,Not Verified
STU0324,Data Science,1.0,79.0,0.0,0.0,0.0,0.0,0.0,0.0,0,Not Verified
STU0324,FastAPI,0.0,0.0,0.0,0.0,0.0,0.0,0.0,0.0,0,Not Verified
STU0324,Git,1.0,69.0,0.0,0.0,0.0,1.0,56.8,56.8,1,Beginner
STU0324,Docker,0.0,0.0,0.0,0.0,0.0,2.0,73.45,73.45,1,Intermediate
STU0324,C++,1.0,77.0,0.0,0.0,0.0,0.0,0.0,0.0,0,Not Verified
STU0324,HTML/CSS,1.0,90.0,0.0,0.0,0.0,0.0,0.0,0.0,0,Not Verified
STU0324,MongoDB,1.0,66.0,0.0,0.0,0.0,0.0,0.0,0.0,0,Not Verified
STU0324,Firebase,1.0,93.0,0.0,0.0,0.0,0.0,0.0,0.0,0,Not Verified
STU0325,Python,0.0,0.0,0.0,0.0,0.0,0.0,0.0,0.0,0,Not Verified
STU0325,Java,0.0,0.0,1.0,37.0,1.0,1.0,75.2,75.2,1,Intermediate
STU0325,JavaScript,0.0,0.0,0.0,0.0,0.0,0.0,0.0,0.0,0,Not Verified
STU0325,React,1.0,91.0,2.0,146.0,1.5,0.0,0.0,0.0,0,Not Verified
STU0325,Node.js,1.0,62.0,1.0,28.0,1.0,0.0,0.0,0.0,0,Not Verified
STU0325,SQL,1.0,85.0,1.0,37.0,1.0,0.0,0.0,0.0,0,Not Verified
STU0325,Machine Learning,1.0,92.0,0.0,0.0,0.0,0.0,0.0,0.0,0,Not Verified
STU0325,Data Science,0.0,0.0,0.0,0.0,0.0,0.0,0.0,0.0,0,Not Verified
STU0325,FastAPI,1.0,78.0,0.0,0.0,0.0,0.0,0.0,0.0,0,Not Verified
STU0325,Git,0.0,0.0,0.0,0.0,0.0,0.0,0.0,0.0,0,Not Verified
STU0325,Docker,0.0,0.0,0.0,0.0,0.0,0.0,0.0,0.0,0,Not Verified
STU0325,C++,1.0,57.0,0.0,0.0,0.0,0.0,0.0,0.0,0,Not Verified
STU0325,HTML/CSS,0.0,0.0,0.0,0.0,0.0,0.0,0.0,0.0,0,Not Verified
STU0325,MongoDB,1.0,57.0,1.0,28.0,1.0,0.0,0.0,0.0,0,Not Verified
STU0325,Firebase,1.0,85.0,1.0,118.0,2.0,0.0,0.0,0.0,0,Not Verified
STU0326,Python,0.0,0.0,1.0,53.0,2.0,0.0,0.0,0.0,0,Not Verified
STU0326,Java,1.0,60.0,0.0,0.0,0.0,1.0,66.2,66.2,1,Beginner
STU0326,JavaScript,1.0,70.0,0.0,0.0,0.0,0.0,0.0,0.0,0,Not Verified
STU0326,React,0.0,0.0,2.0,125.0,3.0,0.0,0.0,0.0,0,Not Verified
STU0326,Node.js,1.0,97.0,1.0,84.0,3.0,1.0,74.3,74.3,1,Intermediate
STU0326,SQL,0.0,0.0,1.0,53.0,2.0,1.0,67.9,67.9,1,Beginner
STU0326,Machine Learning,1.0,89.0,0.0,0.0,0.0,0.0,0.0,0.0,0,Not Verified
STU0326,Data Science,1.0,59.0,1.0,53.0,2.0,0.0,0.0,0.0,0,Not Verified
STU0326,FastAPI,1.0,97.0,0.0,0.0,0.0,0.0,0.0,0.0,0,Not Verified
STU0326,Git,1.0,95.0,0.0,0.0,0.0,0.0,0.0,0.0,0,Not Verified
STU0326,Docker,0.0,0.0,0.0,0.0,0.0,0.0,0.0,0.0,0,Not Verified
STU0326,C++,1.0,85.0,0.0,0.0,0.0,0.0,0.0,0.0,0,Not Verified
STU0326,HTML/CSS,1.0,95.0,0.0,0.0,0.0,1.0,57.0,57.0,1,Beginner
STU0326,MongoDB,0.0,0.0,1.0,84.0,3.0,1.0,84.2,84.2,1,Advanced
STU0326,Firebase,1.0,98.0,1.0,41.0,3.0,0.0,0.0,0.0,0,Not Verified
STU0327,Python,1.0,76.0,0.0,0.0,0.0,0.0,0.0,0.0,0,Not Verified
STU0327,Java,0.0,0.0,0.0,0.0,0.0,0.0,0.0,0.0,0,Not Verified
STU0327,JavaScript,0.0,0.0,1.0,95.0,2.0,0.0,0.0,0.0,0,Not Verified
STU0327,React,0.0,0.0,0.0,0.0,0.0,0.0,0.0,0.0,0,Not Verified
STU0327,Node.js,1.0,85.0,1.0,66.0,1.0,0.0,0.0,0.0,0,Not Verified
STU0327,SQL,1.0,81.0,0.0,0.0,0.0,0.0,0.0,0.0,0,Not Verified
STU0327,Machine Learning,0.0,0.0,0.0,0.0,0.0,0.0,0.0,0.0,0,Not Verified
STU0327,Data Science,1.0,73.0,0.0,0.0,0.0,0.0,0.0,0.0,0,Not Verified
STU0327,FastAPI,1.0,77.0,0.0,0.0,0.0,1.0,49.0,49.0,0,Not Verified
STU0327,Git,1.0,91.0,1.0,66.0,1.0,1.0,69.9,69.9,1,Intermediate
STU0327,Docker,1.0,65.0,1.0,66.0,1.0,2.0,74.75,74.75,1,Intermediate
STU0327,C++,0.0,0.0,0.0,0.0,0.0,0.0,0.0,0.0,0,Not Verified
STU0327,HTML/CSS,1.0,73.0,1.0,95.0,2.0,0.0,0.0,0.0,0,Not Verified
STU0327,MongoDB,0.0,0.0,0.0,0.0,0.0,0.0,0.0,0.0,0,Not Verified
STU0327,Firebase,1.0,57.0,0.0,0.0,0.0,0.0,0.0,0.0,0,Not Verified
STU0328,Python,1.0,73.0,1.0,124.0,1.0,0.0,0.0,0.0,0,Not Verified
STU0328,Java,1.0,63.0,1.0,82.0,3.0,0.0,0.0,0.0,0,Not Verified
STU0328,JavaScript,0.0,0.0,0.0,0.0,0.0,0.0,0.0,0.0,0,Not Verified
STU0328,React,0.0,0.0,1.0,102.0,3.0,2.0,73.95,73.95,1,Intermediate
STU0328,Node.js,1.0,73.0,1.0,102.0,3.0,0.0,0.0,0.0,0,Not Verified
STU0328,SQL,0.0,0.0,2.0,206.0,2.0,1.0,52.4,52.4,1,Beginner
STU0328,Machine Learning,0.0,0.0,0.0,0.0,0.0,0.0,0.0,0.0,0,Not Verified
STU0328,Data Science,1.0,86.0,1.0,124.0,1.0,1.0,64.1,64.1,1,Beginner
STU0328,FastAPI,0.0,0.0,0.0,0.0,0.0,0.0,0.0,0.0,0,Not Verified
STU0328,Git,1.0,58.0,0.0,0.0,0.0,0.0,0.0,0.0,0,Not Verified
STU0328,Docker,1.0,60.0,0.0,0.0,0.0,0.0,0.0,0.0,0,Not Verified
STU0328,C++,1.0,97.0,0.0,0.0,0.0,0.0,0.0,0.0,0,Not Verified
STU0328,HTML/CSS,1.0,56.0,0.0,0.0,0.0,0.0,0.0,0.0,0,Not Verified
STU0328,MongoDB,1.0,94.0,1.0,102.0,3.0,0.0,0.0,0.0,0,Not Verified
STU0328,Firebase,1.0,91.0,0.0,0.0,0.0,0.0,0.0,0.0,0,Not Verified
STU0329,Python,0.0,0.0,1.0,10.0,3.0,0.0,0.0,0.0,0,Not Verified
STU0329,Java,1.0,71.0,0.0,0.0,0.0,0.0,0.0,0.0,0,Not Verified
STU0329,JavaScript,1.0,92.0,0.0,0.0,0.0,0.0,0.0,0.0,0,Not Verified
STU0329,React,0.0,0.0,1.0,109.0,1.0,1.0,65.2,65.2,1,Beginner
STU0329,Node.js,1.0,93.0,1.0,38.0,1.0,1.0,59.8,59.8,1,Beginner
STU0329,SQL,0.0,0.0,0.0,0.0,0.0,0.0,0.0,0.0,0,Not Verified
STU0329,Machine Learning,1.0,83.0,1.0,10.0,3.0,0.0,0.0,0.0,0,Not Verified
STU0329,Data Science,0.0,0.0,0.0,0.0,0.0,0.0,0.0,0.0,0,Not Verified
STU0329,FastAPI,1.0,97.0,1.0,10.0,3.0,0.0,0.0,0.0,0,Not Verified
STU0329,Git,0.0,0.0,1.0,38.0,1.0,0.0,0.0,0.0,0,Not Verified
STU0329,Docker,1.0,64.0,1.0,38.0,1.0,0.0,0.0,0.0,0,Not Verified
STU0329,C++,1.0,66.0,0.0,0.0,0.0,0.0,0.0,0.0,0,Not Verified
STU0329,HTML/CSS,1.0,62.0,0.0,0.0,0.0,0.0,0.0,0.0,0,Not Verified
STU0329,MongoDB,1.0,55.0,0.0,0.0,0.0,0.0,0.0,0.0,0,Not Verified
STU0329,Firebase,0.0,0.0,1.0,109.0,1.0,0.0,0.0,0.0,0,Not Verified
STU0330,Python,0.0,0.0,2.0,286.0,2.0,0.0,0.0,0.0,0,Not Verified
STU0330,Java,0.0,0.0,0.0,0.0,0.0,0.0,0.0,0.0,0,Not Verified
STU0330,JavaScript,1.0,57.0,0.0,0.0,0.0,1.0,71.6,71.6,1,Intermediate
STU0330,React,1.0,64.0,1.0,106.0,1.0,0.0,0.0,0.0,0,Not Verified
STU0330,Node.js,1.0,76.0,1.0,106.0,1.0,0.0,0.0,0.0,0,Not Verified
STU0330,SQL,0.0,0.0,0.0,0.0,0.0,0.0,0.0,0.0,0,Not Verified
STU0330,Machine Learning,0.0,0.0,2.0,286.0,2.0,0.0,0.0,0.0,0,Not Verified
STU0330,Data Science,1.0,93.0,1.0,138.0,3.0,0.0,0.0,0.0,0,Not Verified
STU0330,FastAPI,0.0,0.0,1.0,148.0,1.0,0.0,0.0,0.0,0,Not Verified
STU0330,Git,0.0,0.0,0.0,0.0,0.0,0.0,0.0,0.0,0,Not Verified
STU0330,Docker,0.0,0.0,0.0,0.0,0.0,0.0,0.0,0.0,0,Not Verified
STU0330,C++,1.0,60.0,0.0,0.0,0.0,0.0,0.0,0.0,0,Not Verified
STU0330,HTML/CSS,1.0,88.0,0.0,0.0,0.0,0.0,0.0,0.0,0,Not Verified
STU0330,MongoDB,1.0,64.0,1.0,106.0,1.0,0.0,0.0,0.0,0,Not Verified
STU0330,Firebase,0.0,0.0,0.0,0.0,0.0,0.0,0.0,0.0,0,Not Verified
STU0331,Python,0.0,0.0,0.0,0.0,0.0,1.0,65.9,65.9,1,Beginner
STU0331,Java,0.0,0.0,0.0,0.0,0.0,0.0,0.0,0.0,0,Not Verified
STU0331,JavaScript,1.0,58.0,0.0,0.0,0.0,0.0,0.0,0.0,0,Not Verified
STU0331,React,1.0,71.0,0.0,0.0,0.0,0.0,0.0,0.0,0,Not Verified
STU0331,Node.js,0.0,0.0,0.0,0.0,0.0,0.0,0.0,0.0,0,Not Verified
STU0331,SQL,0.0,0.0,0.0,0.0,0.0,0.0,0.0,0.0,0,Not Verified
STU0331,Machine Learning,1.0,77.0,0.0,0.0,0.0,0.0,0.0,0.0,0,Not Verified
STU0331,Data Science,1.0,62.0,0.0,0.0,0.0,0.0,0.0,0.0,0,Not Verified
STU0331,FastAPI,0.0,0.0,0.0,0.0,0.0,0.0,0.0,0.0,0,Not Verified
STU0331,Git,0.0,0.0,0.0,0.0,0.0,0.0,0.0,0.0,0,Not Verified
STU0331,Docker,1.0,65.0,0.0,0.0,0.0,1.0,42.6,42.6,0,Not Verified
STU0331,C++,0.0,0.0,0.0,0.0,0.0,0.0,0.0,0.0,0,Not Verified
STU0331,HTML/CSS,1.0,91.0,0.0,0.0,0.0,0.0,0.0,0.0,0,Not Verified
STU0331,MongoDB,1.0,96.0,0.0,0.0,0.0,0.0,0.0,0.0,0,Not Verified
STU0331,Firebase,1.0,58.0,0.0,0.0,0.0,0.0,0.0,0.0,0,Not Verified
STU0332,Python,0.0,0.0,0.0,0.0,0.0,1.0,68.7,68.7,1,Beginner
STU0332,Java,0.0,0.0,0.0,0.0,0.0,0.0,0.0,0.0,0,Not Verified
STU0332,JavaScript,0.0,0.0,0.0,0.0,0.0,0.0,0.0,0.0,0,Not Verified
STU0332,React,1.0,55.0,1.0,121.0,3.0,0.0,0.0,0.0,0,Not Verified
STU0332,Node.js,1.0,64.0,0.0,0.0,0.0,0.0,0.0,0.0,0,Not Verified
STU0332,SQL,0.0,0.0,0.0,0.0,0.0,0.0,0.0,0.0,0,Not Verified
STU0332,Machine Learning,1.0,85.0,0.0,0.0,0.0,0.0,0.0,0.0,0,Not Verified
STU0332,Data Science,1.0,71.0,0.0,0.0,0.0,2.0,68.45,68.45,1,Beginner
STU0332,FastAPI,1.0,82.0,0.0,0.0,0.0,1.0,75.5,75.5,1,Intermediate
STU0332,Git,0.0,0.0,0.0,0.0,0.0,0.0,0.0,0.0,0,Not Verified
STU0332,Docker,1.0,83.0,0.0,0.0,0.0,0.0,0.0,0.0,0,Not Verified
STU0332,C++,0.0,0.0,0.0,0.0,0.0,0.0,0.0,0.0,0,Not Verified
STU0332,HTML/CSS,0.0,0.0,0.0,0.0,0.0,0.0,0.0,0.0,0,Not Verified
STU0332,MongoDB,1.0,88.0,0.0,0.0,0.0,0.0,0.0,0.0,0,Not Verified
STU0332,Firebase,1.0,73.0,1.0,121.0,3.0,0.0,0.0,0.0,0,Not Verified
STU0333,Python,1.0,76.0,2.0,79.0,1.0,1.0,49.6,49.6,0,Beginner
STU0333,Java,1.0,72.0,0.0,0.0,0.0,0.0,0.0,0.0,0,Not Verified
STU0333,JavaScript,0.0,0.0,0.0,0.0,0.0,0.0,0.0,0.0,0,Not Verified
STU0333,React,0.0,0.0,0.0,0.0,0.0,1.0,67.9,67.9,1,Beginner
STU0333,Node.js,0.0,0.0,0.0,0.0,0.0,0.0,0.0,0.0,0,Not Verified
STU0333,SQL,1.0,94.0,0.0,0.0,0.0,0.0,0.0,0.0,0,Not Verified
STU0333,Machine Learning,0.0,0.0,1.0,43.0,1.0,0.0,0.0,0.0,0,Not Verified
STU0333,Data Science,0.0,0.0,0.0,0.0,0.0,0.0,0.0,0.0,0,Not Verified
STU0333,FastAPI,1.0,96.0,0.0,0.0,0.0,0.0,0.0,0.0,0,Not Verified
STU0333,Git,0.0,0.0,0.0,0.0,0.0,0.0,0.0,0.0,0,Not Verified
STU0333,Docker,1.0,82.0,0.0,0.0,0.0,0.0,0.0,0.0,0,Not Verified
STU0333,C++,0.0,0.0,0.0,0.0,0.0,0.0,0.0,0.0,0,Not Verified
STU0333,HTML/CSS,1.0,72.0,0.0,0.0,0.0,0.0,0.0,0.0,0,Not Verified
STU0333,MongoDB,1.0,61.0,0.0,0.0,0.0,0.0,0.0,0.0,0,Not Verified
STU0333,Firebase,1.0,72.0,1.0,36.0,1.0,0.0,0.0,0.0,0,Not Verified
STU0334,Python,0.0,0.0,2.0,42.0,2.0,0.0,0.0,0.0,0,Not Verified
STU0334,Java,0.0,0.0,0.0,0.0,0.0,0.0,0.0,0.0,0,Not Verified
STU0334,JavaScript,0.0,0.0,0.0,0.0,0.0,0.0,0.0,0.0,0,Not Verified
STU0334,React,1.0,90.0,0.0,0.0,0.0,0.0,0.0,0.0,0,Not Verified
STU0334,Node.js,0.0,0.0,0.0,0.0,0.0,1.0,92.5,92.5,1,Advanced
STU0334,SQL,0.0,0.0,0.0,0.0,0.0,0.0,0.0,0.0,0,Not Verified
STU0334,Machine Learning,1.0,98.0,2.0,42.0,2.0,0.0,0.0,0.0,0,Not Verified
STU0334,Data Science,1.0,66.0,0.0,0.0,0.0,0.0,0.0,0.0,0,Not Verified
STU0334,FastAPI,0.0,0.0,1.0,31.0,2.0,0.0,0.0,0.0,0,Not Verified
STU0334,Git,1.0,76.0,0.0,0.0,0.0,0.0,0.0,0.0,0,Not Verified
STU0334,Docker,1.0,88.0,0.0,0.0,0.0,0.0,0.0,0.0,0,Not Verified
STU0334,C++,0.0,0.0,0.0,0.0,0.0,0.0,0.0,0.0,0,Not Verified
STU0334,HTML/CSS,0.0,0.0,0.0,0.0,0.0,0.0,0.0,0.0,0,Not Verified
STU0334,MongoDB,1.0,55.0,0.0,0.0,0.0,2.0,83.0,83.0,1,Intermediate
STU0334,Firebase,1.0,75.0,0.0,0.0,0.0,0.0,0.0,0.0,0,Not Verified
STU0335,Python,1.0,77.0,2.0,215.0,1.5,0.0,0.0,0.0,0,Not Verified
STU0335,Java,1.0,73.0,0.0,0.0,0.0,0.0,0.0,0.0,0,Not Verified
STU0335,JavaScript,0.0,0.0,0.0,0.0,0.0,0.0,0.0,0.0,0,Not Verified
STU0335,React,1.0,58.0,1.0,73.0,2.0,0.0,0.0,0.0,0,Not Verified
STU0335,Node.js,0.0,0.0,1.0,81.0,3.0,0.0,0.0,0.0,0,Not Verified
STU0335,SQL,1.0,60.0,0.0,0.0,0.0,0.0,0.0,0.0,0,Not Verified
STU0335,Machine Learning,1.0,67.0,2.0,215.0,1.5,0.0,0.0,0.0,0,Not Verified
STU0335,Data Science,0.0,0.0,0.0,0.0,0.0,3.0,71.03333333333333,71.03333333333333,1,Intermediate
STU0335,FastAPI,1.0,56.0,2.0,215.0,1.5,0.0,0.0,0.0,0,Not Verified
STU0335,Git,1.0,94.0,1.0,81.0,3.0,1.0,78.7,78.7,1,Intermediate
STU0335,Docker,0.0,0.0,1.0,81.0,3.0,0.0,0.0,0.0,0,Not Verified
STU0335,C++,0.0,0.0,0.0,0.0,0.0,0.0,0.0,0.0,0,Not Verified
STU0335,HTML/CSS,1.0,57.0,0.0,0.0,0.0,0.0,0.0,0.0,0,Not Verified
STU0335,MongoDB,1.0,69.0,0.0,0.0,0.0,0.0,0.0,0.0,0,Not Verified
STU0335,Firebase,1.0,71.0,1.0,73.0,2.0,0.0,0.0,0.0,0,Not Verified
STU0336,Python,0.0,0.0,0.0,0.0,0.0,0.0,0.0,0.0,0,Not Verified
STU0336,Java,1.0,91.0,1.0,103.0,3.0,0.0,0.0,0.0,0,Not Verified
STU0336,JavaScript,0.0,0.0,0.0,0.0,0.0,0.0,0.0,0.0,0,Not Verified
STU0336,React,1.0,79.0,1.0,103.0,2.0,1.0,85.3,85.3,1,Advanced
STU0336,Node.js,0.0,0.0,1.0,103.0,2.0,0.0,0.0,0.0,0,Not Verified
STU0336,SQL,0.0,0.0,1.0,103.0,3.0,0.0,0.0,0.0,0,Not Verified
STU0336,Machine Learning,1.0,66.0,0.0,0.0,0.0,0.0,0.0,0.0,0,Not Verified
STU0336,Data Science,0.0,0.0,0.0,0.0,0.0,0.0,0.0,0.0,0,Not Verified
STU0336,FastAPI,1.0,62.0,0.0,0.0,0.0,1.0,63.2,63.2,1,Beginner
STU0336,Git,1.0,97.0,0.0,0.0,0.0,0.0,0.0,0.0,0,Not Verified
STU0336,Docker,1.0,93.0,0.0,0.0,0.0,0.0,0.0,0.0,0,Not Verified
STU0336,C++,1.0,66.0,0.0,0.0,0.0,0.0,0.0,0.0,0,Not Verified
STU0336,HTML/CSS,0.0,0.0,0.0,0.0,0.0,0.0,0.0,0.0,0,Not Verified
STU0336,MongoDB,1.0,63.0,1.0,103.0,2.0,0.0,0.0,0.0,0,Not Verified
STU0336,Firebase,1.0,96.0,0.0,0.0,0.0,0.0,0.0,0.0,0,Not Verified
STU0337,Python,0.0,0.0,3.0,198.0,2.0,0.0,0.0,0.0,0,Not Verified
STU0337,Java,1.0,71.0,2.0,166.0,3.0,1.0,71.2,71.2,1,Intermediate
STU0337,JavaScript,0.0,0.0,0.0,0.0,0.0,0.0,0.0,0.0,0,Not Verified
STU0337,React,0.0,0.0,0.0,0.0,0.0,0.0,0.0,0.0,0,Not Verified
STU0337,Node.js,1.0,82.0,0.0,0.0,0.0,0.0,0.0,0.0,0,Not Verified
STU0337,SQL,0.0,0.0,2.0,166.0,3.0,0.0,0.0,0.0,0,Not Verified
STU0337,Machine Learning,0.0,0.0,3.0,198.0,2.0,0.0,0.0,0.0,0,Not Verified
STU0337,Data Science,1.0,97.0,0.0,0.0,0.0,0.0,0.0,0.0,0,Not Verified
STU0337,FastAPI,0.0,0.0,2.0,131.0,2.5,0.0,0.0,0.0,0,Not Verified
STU0337,Git,0.0,0.0,0.0,0.0,0.0,0.0,0.0,0.0,0,Not Verified
STU0337,Docker,1.0,75.0,0.0,0.0,0.0,0.0,0.0,0.0,0,Not Verified
STU0337,C++,0.0,0.0,0.0,0.0,0.0,1.0,69.1,69.1,1,Intermediate
STU0337,HTML/CSS,1.0,65.0,0.0,0.0,0.0,2.0,76.2,76.2,1,Intermediate
STU0337,MongoDB,1.0,59.0,0.0,0.0,0.0,1.0,56.2,56.2,1,Beginner
STU0337,Firebase,1.0,72.0,0.0,0.0,0.0,0.0,0.0,0.0,0,Not Verified
STU0338,Python,1.0,59.0,2.0,68.0,2.5,1.0,78.1,78.1,1,Intermediate
STU0338,Java,0.0,0.0,2.0,235.0,2.0,0.0,0.0,0.0,0,Not Verified
STU0338,JavaScript,0.0,0.0,0.0,0.0,0.0,0.0,0.0,0.0,0,Not Verified
STU0338,React,0.0,0.0,0.0,0.0,0.0,0.0,0.0,0.0,0,Not Verified
STU0338,Node.js,1.0,86.0,0.0,0.0,0.0,1.0,66.1,66.1,1,Beginner
STU0338,SQL,1.0,83.0,3.0,279.0,2.3333333333333335,1.0,79.5,79.5,1,Intermediate
STU0338,Machine Learning,1.0,71.0,1.0,24.0,2.0,0.0,0.0,0.0,0,Not Verified
STU0338,Data Science,0.0,0.0,1.0,44.0,3.0,0.0,0.0,0.0,0,Not Verified
STU0338,FastAPI,0.0,0.0,1.0,24.0,2.0,0.0,0.0,0.0,0,Not Verified
STU0338,Git,0.0,0.0,0.0,0.0,0.0,0.0,0.0,0.0,0,Not Verified
STU0338,Docker,0.0,0.0,0.0,0.0,0.0,0.0,0.0,0.0,0,Not Verified
STU0338,C++,0.0,0.0,0.0,0.0,0.0,0.0,0.0,0.0,0,Not Verified
STU0338,HTML/CSS,0.0,0.0,0.0,0.0,0.0,0.0,0.0,0.0,0,Not Verified
STU0338,MongoDB,0.0,0.0,0.0,0.0,0.0,0.0,0.0,0.0,0,Not Verified
STU0338,Firebase,1.0,66.0,0.0,0.0,0.0,0.0,0.0,0.0,0,Not Verified
STU0339,Python,0.0,0.0,0.0,0.0,0.0,0.0,0.0,0.0,0,Not Verified
STU0339,Java,1.0,96.0,1.0,129.0,2.0,0.0,0.0,0.0,0,Not Verified
STU0339,JavaScript,1.0,82.0,0.0,0.0,0.0,0.0,0.0,0.0,0,Not Verified
STU0339,React,0.0,0.0,0.0,0.0,0.0,0.0,0.0,0.0,0,Not Verified
STU0339,Node.js,0.0,0.0,0.0,0.0,0.0,0.0,0.0,0.0,0,Not Verified
STU0339,SQL,0.0,0.0,1.0,129.0,2.0,0.0,0.0,0.0,0,Not Verified
STU0339,Machine Learning,1.0,89.0,0.0,0.0,0.0,0.0,0.0,0.0,0,Not Verified
STU0339,Data Science,1.0,94.0,0.0,0.0,0.0,0.0,0.0,0.0,0,Not Verified
STU0339,FastAPI,0.0,0.0,0.0,0.0,0.0,1.0,62.4,62.4,1,Beginner
STU0339,Git,1.0,64.0,0.0,0.0,0.0,1.0,63.5,63.5,1,Beginner
STU0339,Docker,1.0,68.0,0.0,0.0,0.0,0.0,0.0,0.0,0,Not Verified
STU0339,C++,0.0,0.0,0.0,0.0,0.0,1.0,80.7,80.7,1,Intermediate
STU0339,HTML/CSS,0.0,0.0,0.0,0.0,0.0,1.0,69.4,69.4,1,Intermediate
STU0339,MongoDB,0.0,0.0,0.0,0.0,0.0,1.0,71.5,71.5,1,Intermediate
STU0339,Firebase,0.0,0.0,0.0,0.0,0.0,0.0,0.0,0.0,0,Not Verified
STU0340,Python,0.0,0.0,1.0,28.0,1.0,0.0,0.0,0.0,0,Not Verified
STU0340,Java,1.0,71.0,0.0,0.0,0.0,0.0,0.0,0.0,0,Not Verified
STU0340,JavaScript,0.0,0.0,0.0,0.0,0.0,2.0,63.400000000000006,63.400000000000006,1,Beginner
STU0340,React,0.0,0.0,0.0,0.0,0.0,0.0,0.0,0.0,0,Not Verified
STU0340,Node.js,1.0,91.0,0.0,0.0,0.0,0.0,0.0,0.0,0,Not Verified
STU0340,SQL,0.0,0.0,0.0,0.0,0.0,0.0,0.0,0.0,0,Not Verified
STU0340,Machine Learning,0.0,0.0,1.0,28.0,1.0,0.0,0.0,0.0,0,Not Verified
STU0340,Data Science,1.0,59.0,0.0,0.0,0.0,0.0,0.0,0.0,0,Not Verified
STU0340,FastAPI,0.0,0.0,0.0,0.0,0.0,0.0,0.0,0.0,0,Not Verified
STU0340,Git,0.0,0.0,0.0,0.0,0.0,1.0,79.2,79.2,1,Intermediate
STU0340,Docker,0.0,0.0,0.0,0.0,0.0,0.0,0.0,0.0,0,Not Verified
STU0340,C++,1.0,59.0,0.0,0.0,0.0,0.0,0.0,0.0,0,Not Verified
STU0340,HTML/CSS,0.0,0.0,0.0,0.0,0.0,0.0,0.0,0.0,0,Not Verified
STU0340,MongoDB,0.0,0.0,0.0,0.0,0.0,0.0,0.0,0.0,0,Not Verified
STU0340,Firebase,1.0,57.0,0.0,0.0,0.0,1.0,55.4,55.4,1,Beginner
STU0341,Python,1.0,72.0,2.0,126.0,1.0,0.0,0.0,0.0,0,Not Verified
STU0341,Java,0.0,0.0,0.0,0.0,0.0,0.0,0.0,0.0,0,Not Verified
STU0341,JavaScript,1.0,76.0,0.0,0.0,0.0,0.0,0.0,0.0,0,Not Verified
STU0341,React,0.0,0.0,0.0,0.0,0.0,0.0,0.0,0.0,0,Not Verified
STU0341,Node.js,0.0,0.0,0.0,0.0,0.0,0.0,0.0,0.0,0,Not Verified
STU0341,SQL,0.0,0.0,1.0,44.0,1.0,0.0,0.0,0.0,0,Not Verified
STU0341,Machine Learning,1.0,86.0,0.0,0.0,0.0,0.0,0.0,0.0,0,Not Verified
STU0341,Data Science,1.0,64.0,1.0,44.0,1.0,1.0,71.8,71.8,1,Intermediate
STU0341,FastAPI,0.0,0.0,0.0,0.0,0.0,1.0,65.4,65.4,1,Beginner
STU0341,Git,1.0,87.0,0.0,0.0,0.0,0.0,0.0,0.0,0,Not Verified
STU0341,Docker,1.0,80.0,0.0,0.0,0.0,1.0,74.9,74.9,1,Intermediate
STU0341,C++,1.0,91.0,0.0,0.0,0.0,0.0,0.0,0.0,0,Not Verified
STU0341,HTML/CSS,0.0,0.0,0.0,0.0,0.0,0.0,0.0,0.0,0,Not Verified
STU0341,MongoDB,0.0,0.0,0.0,0.0,0.0,0.0,0.0,0.0,0,Not Verified
STU0341,Firebase,1.0,55.0,1.0,82.0,1.0,0.0,0.0,0.0,0,Not Verified
STU0342,Python,1.0,98.0,1.0,89.0,3.0,0.0,0.0,0.0,0,Not Verified
STU0342,Java,1.0,89.0,0.0,0.0,0.0,0.0,0.0,0.0,0,Not Verified
STU0342,JavaScript,0.0,0.0,0.0,0.0,0.0,0.0,0.0,0.0,0,Not Verified
STU0342,React,1.0,76.0,1.0,59.0,2.0,0.0,0.0,0.0,0,Not Verified
STU0342,Node.js,0.0,0.0,1.0,59.0,2.0,0.0,0.0,0.0,0,Not Verified
STU0342,SQL,0.0,0.0,0.0,0.0,0.0,0.0,0.0,0.0,0,Not Verified
STU0342,Machine Learning,1.0,85.0,0.0,0.0,0.0,1.0,57.7,57.7,1,Beginner
STU0342,Data Science,0.0,0.0,0.0,0.0,0.0,0.0,0.0,0.0,0,Not Verified
STU0342,FastAPI,1.0,77.0,0.0,0.0,0.0,0.0,0.0,0.0,0,Not Verified
STU0342,Git,0.0,0.0,0.0,0.0,0.0,0.0,0.0,0.0,0,Not Verified
STU0342,Docker,0.0,0.0,0.0,0.0,0.0,0.0,0.0,0.0,0,Not Verified
STU0342,C++,1.0,91.0,0.0,0.0,0.0,1.0,75.7,75.7,1,Intermediate
STU0342,HTML/CSS,0.0,0.0,0.0,0.0,0.0,2.0,65.45,65.45,1,Beginner
STU0342,MongoDB,1.0,74.0,1.0,59.0,2.0,0.0,0.0,0.0,0,Not Verified
STU0342,Firebase,1.0,62.0,1.0,89.0,3.0,0.0,0.0,0.0,0,Not Verified
STU0343,Python,1.0,84.0,0.0,0.0,0.0,0.0,0.0,0.0,0,Not Verified
STU0343,Java,1.0,67.0,0.0,0.0,0.0,0.0,0.0,0.0,0,Not Verified
STU0343,JavaScript,0.0,0.0,1.0,124.0,3.0,1.0,55.2,55.2,1,Beginner
STU0343,React,0.0,0.0,1.0,124.0,3.0,0.0,0.0,0.0,0,Not Verified
STU0343,Node.js,0.0,0.0,2.0,176.0,2.0,1.0,66.0,66.0,1,Beginner
STU0343,SQL,1.0,66.0,1.0,124.0,3.0,0.0,0.0,0.0,0,Not Verified
STU0343,Machine Learning,0.0,0.0,0.0,0.0,0.0,0.0,0.0,0.0,0,Not Verified
STU0343,Data Science,0.0,0.0,0.0,0.0,0.0,0.0,0.0,0.0,0,Not Verified
STU0343,FastAPI,1.0,90.0,0.0,0.0,0.0,0.0,0.0,0.0,0,Not Verified
STU0343,Git,0.0,0.0,1.0,52.0,1.0,1.0,57.4,57.4,1,Beginner
STU0343,Docker,1.0,73.0,1.0,52.0,1.0,2.0,56.35,56.35,1,Beginner
STU0343,C++,1.0,79.0,0.0,0.0,0.0,0.0,0.0,0.0,0,Not Verified
STU0343,HTML/CSS,1.0,57.0,0.0,0.0,0.0,0.0,0.0,0.0,0,Not Verified
STU0343,MongoDB,1.0,96.0,0.0,0.0,0.0,0.0,0.0,0.0,0,Not Verified
STU0343,Firebase,0.0,0.0,0.0,0.0,0.0,0.0,0.0,0.0,0,Not Verified
STU0344,Python,0.0,0.0,0.0,0.0,0.0,0.0,0.0,0.0,0,Not Verified
STU0344,Java,1.0,56.0,0.0,0.0,0.0,0.0,0.0,0.0,0,Not Verified
STU0344,JavaScript,0.0,0.0,0.0,0.0,0.0,0.0,0.0,0.0,0,Not Verified
STU0344,React,1.0,67.0,0.0,0.0,0.0,0.0,0.0,0.0,0,Not Verified
STU0344,Node.js,1.0,63.0,0.0,0.0,0.0,0.0,0.0,0.0,0,Not Verified
STU0344,SQL,1.0,92.0,0.0,0.0,0.0,0.0,0.0,0.0,0,Not Verified
STU0344,Machine Learning,1.0,67.0,0.0,0.0,0.0,0.0,0.0,0.0,0,Not Verified
STU0344,Data Science,1.0,70.0,0.0,0.0,0.0,0.0,0.0,0.0,0,Not Verified
STU0344,FastAPI,0.0,0.0,0.0,0.0,0.0,0.0,0.0,0.0,0,Not Verified
STU0344,Git,1.0,79.0,0.0,0.0,0.0,0.0,0.0,0.0,0,Not Verified
STU0344,Docker,1.0,86.0,0.0,0.0,0.0,1.0,83.5,83.5,1,Intermediate
STU0344,C++,1.0,57.0,0.0,0.0,0.0,0.0,0.0,0.0,0,Not Verified
STU0344,HTML/CSS,0.0,0.0,0.0,0.0,0.0,0.0,0.0,0.0,0,Not Verified
STU0344,MongoDB,0.0,0.0,0.0,0.0,0.0,1.0,84.2,84.2,1,Advanced
STU0344,Firebase,1.0,59.0,0.0,0.0,0.0,0.0,0.0,0.0,0,Not Verified
STU0345,Python,1.0,96.0,0.0,0.0,0.0,0.0,0.0,0.0,0,Not Verified
STU0345,Java,0.0,0.0,0.0,0.0,0.0,0.0,0.0,0.0,0,Not Verified
STU0345,JavaScript,0.0,0.0,0.0,0.0,0.0,0.0,0.0,0.0,0,Not Verified
STU0345,React,0.0,0.0,0.0,0.0,0.0,0.0,0.0,0.0,0,Not Verified
STU0345,Node.js,1.0,57.0,0.0,0.0,0.0,0.0,0.0,0.0,0,Not Verified
STU0345,SQL,1.0,88.0,0.0,0.0,0.0,0.0,0.0,0.0,0,Not Verified
STU0345,Machine Learning,0.0,0.0,0.0,0.0,0.0,0.0,0.0,0.0,0,Not Verified
STU0345,Data Science,1.0,80.0,0.0,0.0,0.0,1.0,63.9,63.9,1,Beginner
STU0345,FastAPI,1.0,62.0,0.0,0.0,0.0,0.0,0.0,0.0,0,Not Verified
STU0345,Git,1.0,97.0,0.0,0.0,0.0,1.0,76.6,76.6,1,Intermediate
STU0345,Docker,1.0,76.0,0.0,0.0,0.0,1.0,67.8,67.8,1,Beginner
STU0345,C++,1.0,84.0,0.0,0.0,0.0,1.0,63.3,63.3,1,Beginner
STU0345,HTML/CSS,1.0,68.0,0.0,0.0,0.0,0.0,0.0,0.0,0,Not Verified
STU0345,MongoDB,0.0,0.0,0.0,0.0,0.0,0.0,0.0,0.0,0,Not Verified
STU0345,Firebase,0.0,0.0,0.0,0.0,0.0,0.0,0.0,0.0,0,Not Verified
STU0346,Python,1.0,96.0,1.0,141.0,3.0,0.0,0.0,0.0,0,Not Verified
STU0346,Java,1.0,70.0,0.0,0.0,0.0,0.0,0.0,0.0,0,Not Verified
STU0346,JavaScript,1.0,85.0,0.0,0.0,0.0,0.0,0.0,0.0,0,Not Verified
STU0346,React,1.0,57.0,1.0,143.0,1.0,0.0,0.0,0.0,0,Not Verified
STU0346,Node.js,0.0,0.0,1.0,143.0,1.0,0.0,0.0,0.0,0,Not Verified
STU0346,SQL,1.0,63.0,0.0,0.0,0.0,0.0,0.0,0.0,0,Not Verified
STU0346,Machine Learning,0.0,0.0,1.0,141.0,3.0,1.0,63.5,63.5,1,Beginner
STU0346,Data Science,0.0,0.0,1.0,141.0,3.0,0.0,0.0,0.0,0,Not Verified
STU0346,FastAPI,1.0,56.0,0.0,0.0,0.0,0.0,0.0,0.0,0,Not Verified
STU0346,Git,1.0,94.0,0.0,0.0,0.0,0.0,0.0,0.0,0,Not Verified
STU0346,Docker,0.0,0.0,0.0,0.0,0.0,0.0,0.0,0.0,0,Not Verified
STU0346,C++,0.0,0.0,0.0,0.0,0.0,0.0,0.0,0.0,0,Not Verified
STU0346,HTML/CSS,1.0,55.0,0.0,0.0,0.0,2.0,70.2,70.2,1,Intermediate
STU0346,MongoDB,1.0,86.0,1.0,143.0,1.0,0.0,0.0,0.0,0,Not Verified
STU0346,Firebase,1.0,96.0,0.0,0.0,0.0,0.0,0.0,0.0,0,Not Verified
STU0347,Python,1.0,92.0,0.0,0.0,0.0,0.0,0.0,0.0,0,Not Verified
STU0347,Java,1.0,61.0,1.0,103.0,2.0,0.0,0.0,0.0,0,Not Verified
STU0347,JavaScript,0.0,0.0,0.0,0.0,0.0,0.0,0.0,0.0,0,Not Verified
STU0347,React,0.0,0.0,0.0,0.0,0.0,2.0,62.65,62.65,1,Beginner
STU0347,Node.js,1.0,59.0,0.0,0.0,0.0,0.0,0.0,0.0,0,Not Verified
STU0347,SQL,0.0,0.0,1.0,103.0,2.0,0.0,0.0,0.0,0,Not Verified
STU0347,Machine Learning,0.0,0.0,0.0,0.0,0.0,0.0,0.0,0.0,0,Not Verified
STU0347,Data Science,1.0,62.0,0.0,0.0,0.0,0.0,0.0,0.0,0,Not Verified
STU0347,FastAPI,0.0,0.0,0.0,0.0,0.0,0.0,0.0,0.0,0,Not Verified
STU0347,Git,1.0,86.0,0.0,0.0,0.0,1.0,68.4,68.4,1,Beginner
STU0347,Docker,1.0,65.0,0.0,0.0,0.0,0.0,0.0,0.0,0,Not Verified
STU0347,C++,0.0,0.0,0.0,0.0,0.0,0.0,0.0,0.0,0,Not Verified
STU0347,HTML/CSS,0.0,0.0,0.0,0.0,0.0,0.0,0.0,0.0,0,Not Verified
STU0347,MongoDB,0.0,0.0,0.0,0.0,0.0,0.0,0.0,0.0,0,Not Verified
STU0347,Firebase,0.0,0.0,0.0,0.0,0.0,0.0,0.0,0.0,0,Not Verified
STU0348,Python,0.0,0.0,0.0,0.0,0.0,0.0,0.0,0.0,0,Not Verified
STU0348,Java,1.0,89.0,1.0,143.0,3.0,0.0,0.0,0.0,0,Not Verified
STU0348,JavaScript,1.0,92.0,1.0,139.0,2.0,0.0,0.0,0.0,0,Not Verified
STU0348,React,1.0,91.0,0.0,0.0,0.0,0.0,0.0,0.0,0,Not Verified
STU0348,Node.js,0.0,0.0,0.0,0.0,0.0,0.0,0.0,0.0,0,Not Verified
STU0348,SQL,1.0,68.0,1.0,143.0,3.0,0.0,0.0,0.0,0,Not Verified
STU0348,Machine Learning,1.0,75.0,0.0,0.0,0.0,0.0,0.0,0.0,0,Not Verified
STU0348,Data Science,0.0,0.0,0.0,0.0,0.0,0.0,0.0,0.0,0,Not Verified
STU0348,FastAPI,0.0,0.0,0.0,0.0,0.0,0.0,0.0,0.0,0,Not Verified
STU0348,Git,1.0,98.0,0.0,0.0,0.0,0.0,0.0,0.0,0,Not Verified
STU0348,Docker,0.0,0.0,0.0,0.0,0.0,0.0,0.0,0.0,0,Not Verified
STU0348,C++,0.0,0.0,0.0,0.0,0.0,0.0,0.0,0.0,0,Not Verified
STU0348,HTML/CSS,1.0,62.0,1.0,139.0,2.0,0.0,0.0,0.0,0,Not Verified
STU0348,MongoDB,1.0,57.0,0.0,0.0,0.0,1.0,79.6,79.6,1,Intermediate
STU0348,Firebase,1.0,63.0,0.0,0.0,0.0,0.0,0.0,0.0,0,Not Verified
STU0349,Python,0.0,0.0,2.0,176.0,3.0,0.0,0.0,0.0,0,Not Verified
STU0349,Java,1.0,78.0,0.0,0.0,0.0,0.0,0.0,0.0,0,Not Verified
STU0349,JavaScript,1.0,83.0,1.0,52.0,2.0,0.0,0.0,0.0,0,Not Verified
STU0349,React,0.0,0.0,1.0,52.0,2.0,0.0,0.0,0.0,0,Not Verified
STU0349,Node.js,1.0,65.0,1.0,52.0,2.0,0.0,0.0,0.0,0,Not Verified
STU0349,SQL,1.0,65.0,1.0,52.0,2.0,0.0,0.0,0.0,0,Not Verified
STU0349,Machine Learning,1.0,70.0,1.0,61.0,3.0,0.0,0.0,0.0,0,Not Verified
STU0349,Data Science,0.0,0.0,0.0,0.0,0.0,1.0,76.1,76.1,1,Intermediate
STU0349,FastAPI,0.0,0.0,1.0,61.0,3.0,0.0,0.0,0.0,0,Not Verified
STU0349,Git,0.0,0.0,0.0,0.0,0.0,0.0,0.0,0.0,0,Not Verified
STU0349,Docker,0.0,0.0,0.0,0.0,0.0,0.0,0.0,0.0,0,Not Verified
STU0349,C++,0.0,0.0,0.0,0.0,0.0,0.0,0.0,0.0,0,Not Verified
STU0349,HTML/CSS,0.0,0.0,0.0,0.0,0.0,0.0,0.0,0.0,0,Not Verified
STU0349,MongoDB,1.0,90.0,0.0,0.0,0.0,1.0,83.1,83.1,1,Intermediate
STU0349,Firebase,0.0,0.0,1.0,115.0,3.0,0.0,0.0,0.0,0,Not Verified
STU0350,Python,1.0,60.0,2.0,215.0,1.5,0.0,0.0,0.0,0,Not Verified
STU0350,Java,1.0,55.0,0.0,0.0,0.0,0.0,0.0,0.0,0,Not Verified
STU0350,JavaScript,1.0,55.0,0.0,0.0,0.0,1.0,88.4,88.4,1,Advanced
STU0350,React,1.0,81.0,0.0,0.0,0.0,0.0,0.0,0.0,0,Not Verified
STU0350,Node.js,0.0,0.0,0.0,0.0,0.0,0.0,0.0,0.0,0,Not Verified
STU0350,SQL,0.0,0.0,0.0,0.0,0.0,0.0,0.0,0.0,0,Not Verified
STU0350,Machine Learning,1.0,96.0,2.0,215.0,1.5,0.0,0.0,0.0,0,Not Verified
STU0350,Data Science,0.0,0.0,1.0,69.0,2.0,0.0,0.0,0.0,0,Not Verified
STU0350,FastAPI,0.0,0.0,1.0,146.0,1.0,0.0,0.0,0.0,0,Not Verified
STU0350,Git,1.0,60.0,0.0,0.0,0.0,0.0,0.0,0.0,0,Not Verified
STU0350,Docker,1.0,66.0,0.0,0.0,0.0,0.0,0.0,0.0,0,Not Verified
STU0350,C++,0.0,0.0,0.0,0.0,0.0,1.0,68.4,68.4,1,Beginner
STU0350,HTML/CSS,0.0,0.0,0.0,0.0,0.0,1.0,58.8,58.8,1,Beginner
STU0350,MongoDB,1.0,92.0,0.0,0.0,0.0,2.0,63.2,63.2,1,Beginner
STU0350,Firebase,1.0,73.0,0.0,0.0,0.0,0.0,0.0,0.0,0,Not Verified
STU0351,Python,0.0,0.0,3.0,301.0,2.0,0.0,0.0,0.0,0,Not Verified
STU0351,Java,0.0,0.0,0.0,0.0,0.0,0.0,0.0,0.0,0,Not Verified
STU0351,JavaScript,1.0,57.0,0.0,0.0,0.0,0.0,0.0,0.0,0,Not Verified
STU0351,React,1.0,93.0,0.0,0.0,0.0,0.0,0.0,0.0,0,Not Verified
STU0351,Node.js,1.0,86.0,0.0,0.0,0.0,0.0,0.0,0.0,0,Not Verified
STU0351,SQL,0.0,0.0,1.0,137.0,2.0,0.0,0.0,0.0,0,Not Verified
STU0351,Machine Learning,0.0,0.0,1.0,108.0,3.0,0.0,0.0,0.0,0,Not Verified
STU0351,Data Science,1.0,94.0,1.0,137.0,2.0,0.0,0.0,0.0,0,Not Verified
STU0351,FastAPI,0.0,0.0,1.0,108.0,3.0,1.0,62.9,62.9,1,Beginner
STU0351,Git,1.0,60.0,0.0,0.0,0.0,1.0,85.4,85.4,1,Advanced
STU0351,Docker,1.0,66.0,0.0,0.0,0.0,0.0,0.0,0.0,0,Not Verified
STU0351,C++,1.0,94.0,0.0,0.0,0.0,0.0,0.0,0.0,0,Not Verified
STU0351,HTML/CSS,1.0,81.0,0.0,0.0,0.0,0.0,0.0,0.0,0,Not Verified
STU0351,MongoDB,1.0,66.0,0.0,0.0,0.0,0.0,0.0,0.0,0,Not Verified
STU0351,Firebase,1.0,70.0,1.0,56.0,1.0,0.0,0.0,0.0,0,Not Verified
STU0352,Python,1.0,87.0,1.0,142.0,2.0,0.0,0.0,0.0,0,Not Verified
STU0352,Java,1.0,95.0,0.0,0.0,0.0,0.0,0.0,0.0,0,Not Verified
STU0352,JavaScript,0.0,0.0,0.0,0.0,0.0,0.0,0.0,0.0,0,Not Verified
STU0352,React,1.0,84.0,2.0,202.0,1.5,1.0,88.1,88.1,1,Advanced
STU0352,Node.js,1.0,94.0,2.0,202.0,1.5,0.0,0.0,0.0,0,Not Verified
STU0352,SQL,1.0,78.0,0.0,0.0,0.0,0.0,0.0,0.0,0,Not Verified
STU0352,Machine Learning,1.0,89.0,1.0,142.0,2.0,0.0,0.0,0.0,0,Not Verified
STU0352,Data Science,0.0,0.0,1.0,142.0,2.0,0.0,0.0,0.0,0,Not Verified
STU0352,FastAPI,1.0,69.0,0.0,0.0,0.0,0.0,0.0,0.0,0,Not Verified
STU0352,Git,1.0,97.0,0.0,0.0,0.0,0.0,0.0,0.0,0,Not Verified
STU0352,Docker,0.0,0.0,0.0,0.0,0.0,0.0,0.0,0.0,0,Not Verified
STU0352,C++,0.0,0.0,0.0,0.0,0.0,0.0,0.0,0.0,0,Not Verified
STU0352,HTML/CSS,1.0,61.0,0.0,0.0,0.0,0.0,0.0,0.0,0,Not Verified
STU0352,MongoDB,1.0,88.0,2.0,202.0,1.5,0.0,0.0,0.0,0,Not Verified
STU0352,Firebase,0.0,0.0,0.0,0.0,0.0,0.0,0.0,0.0,0,Not Verified
STU0353,Python,1.0,66.0,3.0,339.0,3.0,0.0,0.0,0.0,0,Not Verified
STU0353,Java,1.0,97.0,0.0,0.0,0.0,0.0,0.0,0.0,0,Not Verified
STU0353,JavaScript,1.0,57.0,1.0,127.0,2.0,0.0,0.0,0.0,0,Not Verified
STU0353,React,1.0,65.0,2.0,228.0,2.0,0.0,0.0,0.0,0,Not Verified
STU0353,Node.js,1.0,86.0,1.0,127.0,2.0,0.0,0.0,0.0,0,Not Verified
STU0353,SQL,0.0,0.0,1.0,127.0,2.0,0.0,0.0,0.0,0,Not Verified
STU0353,Machine Learning,0.0,0.0,2.0,219.0,3.0,0.0,0.0,0.0,0,Not Verified
STU0353,Data Science,1.0,58.0,1.0,116.0,3.0,0.0,0.0,0.0,0,Not Verified
STU0353,FastAPI,0.0,0.0,0.0,0.0,0.0,0.0,0.0,0.0,0,Not Verified
STU0353,Git,0.0,0.0,0.0,0.0,0.0,0.0,0.0,0.0,0,Not Verified
STU0353,Docker,0.0,0.0,0.0,0.0,0.0,0.0,0.0,0.0,0,Not Verified
STU0353,C++,0.0,0.0,0.0,0.0,0.0,0.0,0.0,0.0,0,Not Verified
STU0353,HTML/CSS,0.0,0.0,0.0,0.0,0.0,0.0,0.0,0.0,0,Not Verified
STU0353,MongoDB,0.0,0.0,0.0,0.0,0.0,0.0,0.0,0.0,0,Not Verified
STU0353,Firebase,0.0,0.0,2.0,221.0,2.5,0.0,0.0,0.0,0,Not Verified
STU0354,Python,1.0,62.0,1.0,36.0,3.0,0.0,0.0,0.0,0,Not Verified
STU0354,Java,0.0,0.0,0.0,0.0,0.0,0.0,0.0,0.0,0,Not Verified
STU0354,JavaScript,0.0,0.0,0.0,0.0,0.0,0.0,0.0,0.0,0,Not Verified
STU0354,React,1.0,66.0,0.0,0.0,0.0,0.0,0.0,0.0,0,Not Verified
STU0354,Node.js,1.0,89.0,0.0,0.0,0.0,0.0,0.0,0.0,0,Not Verified
STU0354,SQL,1.0,58.0,0.0,0.0,0.0,0.0,0.0,0.0,0,Not Verified
STU0354,Machine Learning,1.0,65.0,1.0,36.0,3.0,0.0,0.0,0.0,0,Not Verified
STU0354,Data Science,1.0,87.0,0.0,0.0,0.0,0.0,0.0,0.0,0,Not Verified
STU0354,FastAPI,1.0,59.0,0.0,0.0,0.0,1.0,69.9,69.9,1,Intermediate
STU0354,Git,1.0,70.0,0.0,0.0,0.0,0.0,0.0,0.0,0,Not Verified
STU0354,Docker,0.0,0.0,0.0,0.0,0.0,0.0,0.0,0.0,0,Not Verified
STU0354,C++,0.0,0.0,0.0,0.0,0.0,0.0,0.0,0.0,0,Not Verified
STU0354,HTML/CSS,0.0,0.0,0.0,0.0,0.0,0.0,0.0,0.0,0,Not Verified
STU0354,MongoDB,1.0,56.0,0.0,0.0,0.0,0.0,0.0,0.0,0,Not Verified
STU0354,Firebase,1.0,86.0,0.0,0.0,0.0,0.0,0.0,0.0,0,Not Verified
STU0355,Python,1.0,85.0,0.0,0.0,0.0,0.0,0.0,0.0,0,Not Verified
STU0355,Java,0.0,0.0,0.0,0.0,0.0,1.0,65.4,65.4,1,Beginner
STU0355,JavaScript,0.0,0.0,0.0,0.0,0.0,1.0,76.6,76.6,1,Intermediate
STU0355,React,1.0,67.0,0.0,0.0,0.0,0.0,0.0,0.0,0,Not Verified
STU0355,Node.js,0.0,0.0,0.0,0.0,0.0,0.0,0.0,0.0,0,Not Verified
STU0355,SQL,1.0,70.0,0.0,0.0,0.0,0.0,0.0,0.0,0,Not Verified
STU0355,Machine Learning,1.0,81.0,0.0,0.0,0.0,0.0,0.0,0.0,0,Not Verified
STU0355,Data Science,1.0,75.0,0.0,0.0,0.0,1.0,78.6,78.6,1,Intermediate
STU0355,FastAPI,0.0,0.0,0.0,0.0,0.0,0.0,0.0,0.0,0,Not Verified
STU0355,Git,1.0,69.0,0.0,0.0,0.0,1.0,69.1,69.1,1,Intermediate
STU0355,Docker,1.0,59.0,0.0,0.0,0.0,0.0,0.0,0.0,0,Not Verified
STU0355,C++,1.0,79.0,0.0,0.0,0.0,0.0,0.0,0.0,0,Not Verified
STU0355,HTML/CSS,1.0,69.0,0.0,0.0,0.0,0.0,0.0,0.0,0,Not Verified
STU0355,MongoDB,1.0,61.0,0.0,0.0,0.0,0.0,0.0,0.0,0,Not Verified
STU0355,Firebase,0.0,0.0,0.0,0.0,0.0,0.0,0.0,0.0,0,Not Verified
STU0356,Python,1.0,63.0,2.0,161.0,2.5,0.0,0.0,0.0,0,Not Verified
STU0356,Java,0.0,0.0,0.0,0.0,0.0,1.0,82.3,82.3,1,Intermediate
STU0356,JavaScript,1.0,67.0,0.0,0.0,0.0,0.0,0.0,0.0,0,Not Verified
STU0356,React,1.0,95.0,0.0,0.0,0.0,1.0,63.8,63.8,1,Beginner
STU0356,Node.js,0.0,0.0,0.0,0.0,0.0,1.0,72.3,72.3,1,Intermediate
STU0356,SQL,0.0,0.0,0.0,0.0,0.0,0.0,0.0,0.0,0,Not Verified
STU0356,Machine Learning,1.0,84.0,1.0,35.0,2.0,0.0,0.0,0.0,0,Not Verified
STU0356,Data Science,1.0,78.0,1.0,35.0,2.0,0.0,0.0,0.0,0,Not Verified
STU0356,FastAPI,0.0,0.0,0.0,0.0,0.0,0.0,0.0,0.0,0,Not Verified
STU0356,Git,1.0,77.0,0.0,0.0,0.0,0.0,0.0,0.0,0,Not Verified
STU0356,Docker,1.0,76.0,0.0,0.0,0.0,2.0,81.6,81.6,1,Intermediate
STU0356,C++,1.0,67.0,0.0,0.0,0.0,0.0,0.0,0.0,0,Not Verified
STU0356,HTML/CSS,0.0,0.0,0.0,0.0,0.0,1.0,72.3,72.3,1,Intermediate
STU0356,MongoDB,0.0,0.0,0.0,0.0,0.0,0.0,0.0,0.0,0,Not Verified
STU0356,Firebase,1.0,72.0,1.0,126.0,3.0,0.0,0.0,0.0,0,Not Verified
STU0357,Python,1.0,62.0,1.0,104.0,2.0,0.0,0.0,0.0,0,Not Verified
STU0357,Java,0.0,0.0,1.0,16.0,1.0,0.0,0.0,0.0,0,Not Verified
STU0357,JavaScript,1.0,76.0,0.0,0.0,0.0,1.0,69.7,69.7,1,Intermediate
STU0357,React,0.0,0.0,1.0,75.0,3.0,0.0,0.0,0.0,0,Not Verified
STU0357,Node.js,1.0,65.0,1.0,75.0,3.0,0.0,0.0,0.0,0,Not Verified
STU0357,SQL,0.0,0.0,1.0,16.0,1.0,0.0,0.0,0.0,0,Not Verified
STU0357,Machine Learning,0.0,0.0,1.0,104.0,2.0,2.0,81.75,81.75,1,Intermediate
STU0357,Data Science,0.0,0.0,0.0,0.0,0.0,0.0,0.0,0.0,0,Not Verified
STU0357,FastAPI,0.0,0.0,1.0,104.0,2.0,0.0,0.0,0.0,0,Not Verified
STU0357,Git,1.0,84.0,0.0,0.0,0.0,0.0,0.0,0.0,0,Not Verified
STU0357,Docker,0.0,0.0,0.0,0.0,0.0,0.0,0.0,0.0,0,Not Verified
STU0357,C++,1.0,84.0,0.0,0.0,0.0,0.0,0.0,0.0,0,Not Verified
STU0357,HTML/CSS,0.0,0.0,0.0,0.0,0.0,0.0,0.0,0.0,0,Not Verified
STU0357,MongoDB,0.0,0.0,1.0,75.0,3.0,0.0,0.0,0.0,0,Not Verified
STU0357,Firebase,1.0,81.0,0.0,0.0,0.0,1.0,80.0,80.0,1,Intermediate
STU0358,Python,0.0,0.0,2.0,84.0,3.0,0.0,0.0,0.0,0,Not Verified
STU0358,Java,0.0,0.0,0.0,0.0,0.0,0.0,0.0,0.0,0,Not Verified
STU0358,JavaScript,1.0,69.0,1.0,18.0,2.0,0.0,0.0,0.0,0,Not Verified
STU0358,React,0.0,0.0,0.0,0.0,0.0,0.0,0.0,0.0,0,Not Verified
STU0358,Node.js,1.0,91.0,0.0,0.0,0.0,0.0,0.0,0.0,0,Not Verified
STU0358,SQL,0.0,0.0,0.0,0.0,0.0,2.0,71.15,71.15,1,Intermediate
STU0358,Machine Learning,0.0,0.0,1.0,45.0,3.0,1.0,74.4,74.4,1,Intermediate
STU0358,Data Science,0.0,0.0,0.0,0.0,0.0,0.0,0.0,0.0,0,Not Verified
STU0358,FastAPI,0.0,0.0,1.0,45.0,3.0,0.0,0.0,0.0,0,Not Verified
STU0358,Git,1.0,90.0,0.0,0.0,0.0,1.0,58.3,58.3,1,Beginner
STU0358,Docker,1.0,60.0,0.0,0.0,0.0,0.0,0.0,0.0,0,Not Verified
STU0358,C++,0.0,0.0,0.0,0.0,0.0,1.0,55.2,55.2,1,Beginner
STU0358,HTML/CSS,1.0,81.0,1.0,18.0,2.0,0.0,0.0,0.0,0,Not Verified
STU0358,MongoDB,0.0,0.0,0.0,0.0,0.0,0.0,0.0,0.0,0,Not Verified
STU0358,Firebase,1.0,65.0,1.0,39.0,3.0,0.0,0.0,0.0,0,Not Verified
STU0359,Python,1.0,92.0,0.0,0.0,0.0,1.0,89.2,89.2,1,Advanced
STU0359,Java,0.0,0.0,1.0,105.0,1.0,0.0,0.0,0.0,0,Not Verified
STU0359,JavaScript,0.0,0.0,0.0,0.0,0.0,0.0,0.0,0.0,0,Not Verified
STU0359,React,1.0,70.0,2.0,251.0,2.0,0.0,0.0,0.0,0,Not Verified
STU0359,Node.js,1.0,69.0,1.0,105.0,1.0,0.0,0.0,0.0,0,Not Verified
STU0359,SQL,1.0,64.0,1.0,105.0,1.0,0.0,0.0,0.0,0,Not Verified
STU0359,Machine Learning,0.0,0.0,0.0,0.0,0.0,0.0,0.0,0.0,0,Not Verified
STU0359,Data Science,1.0,82.0,0.0,0.0,0.0,0.0,0.0,0.0,0,Not Verified
STU0359,FastAPI,0.0,0.0,0.0,0.0,0.0,0.0,0.0,0.0,0,Not Verified
STU0359,Git,1.0,75.0,0.0,0.0,0.0,0.0,0.0,0.0,0,Not Verified
STU0359,Docker,1.0,92.0,0.0,0.0,0.0,0.0,0.0,0.0,0,Not Verified
STU0359,C++,0.0,0.0,0.0,0.0,0.0,1.0,84.5,84.5,1,Advanced
STU0359,HTML/CSS,0.0,0.0,0.0,0.0,0.0,0.0,0.0,0.0,0,Not Verified
STU0359,MongoDB,1.0,70.0,1.0,105.0,1.0,1.0,72.6,72.6,1,Intermediate
STU0359,Firebase,1.0,82.0,1.0,146.0,3.0,0.0,0.0,0.0,0,Not Verified
STU0360,Python,1.0,80.0,1.0,29.0,2.0,0.0,0.0,0.0,0,Not Verified
STU0360,Java,0.0,0.0,0.0,0.0,0.0,0.0,0.0,0.0,0,Not Verified
STU0360,JavaScript,0.0,0.0,0.0,0.0,0.0,0.0,0.0,0.0,0,Not Verified
STU0360,React,1.0,90.0,0.0,0.0,0.0,0.0,0.0,0.0,0,Not Verified
STU0360,Node.js,0.0,0.0,0.0,0.0,0.0,0.0,0.0,0.0,0,Not Verified
STU0360,SQL,0.0,0.0,1.0,29.0,2.0,0.0,0.0,0.0,0,Not Verified
STU0360,Machine Learning,1.0,85.0,0.0,0.0,0.0,0.0,0.0,0.0,0,Not Verified
STU0360,Data Science,1.0,86.0,1.0,29.0,2.0,0.0,0.0,0.0,0,Not Verified
STU0360,FastAPI,1.0,70.0,0.0,0.0,0.0,0.0,0.0,0.0,0,Not Verified
STU0360,Git,0.0,0.0,0.0,0.0,0.0,0.0,0.0,0.0,0,Not Verified
STU0360,Docker,1.0,60.0,0.0,0.0,0.0,0.0,0.0,0.0,0,Not Verified
STU0360,C++,1.0,83.0,0.0,0.0,0.0,0.0,0.0,0.0,0,Not Verified
STU0360,HTML/CSS,0.0,0.0,0.0,0.0,0.0,0.0,0.0,0.0,0,Not Verified
STU0360,MongoDB,1.0,61.0,0.0,0.0,0.0,0.0,0.0,0.0,0,Not Verified
STU0360,Firebase,1.0,88.0,0.0,0.0,0.0,1.0,83.8,83.8,1,Intermediate
STU0361,Python,0.0,0.0,0.0,0.0,0.0,0.0,0.0,0.0,0,Not Verified
STU0361,Java,0.0,0.0,0.0,0.0,0.0,0.0,0.0,0.0,0,Not Verified
STU0361,JavaScript,1.0,60.0,0.0,0.0,0.0,0.0,0.0,0.0,0,Not Verified
STU0361,React,1.0,96.0,0.0,0.0,0.0,0.0,0.0,0.0,0,Not Verified
STU0361,Node.js,0.0,0.0,0.0,0.0,0.0,0.0,0.0,0.0,0,Not Verified
STU0361,SQL,0.0,0.0,0.0,0.0,0.0,0.0,0.0,0.0,0,Not Verified
STU0361,Machine Learning,1.0,70.0,0.0,0.0,0.0,0.0,0.0,0.0,0,Not Verified
STU0361,Data Science,0.0,0.0,0.0,0.0,0.0,1.0,70.0,70.0,1,Intermediate
STU0361,FastAPI,0.0,0.0,0.0,0.0,0.0,0.0,0.0,0.0,0,Not Verified
STU0361,Git,0.0,0.0,0.0,0.0,0.0,0.0,0.0,0.0,0,Not Verified
STU0361,Docker,0.0,0.0,0.0,0.0,0.0,1.0,55.8,55.8,1,Beginner
STU0361,C++,1.0,77.0,0.0,0.0,0.0,0.0,0.0,0.0,0,Not Verified
STU0361,HTML/CSS,0.0,0.0,0.0,0.0,0.0,0.0,0.0,0.0,0,Not Verified
STU0361,MongoDB,0.0,0.0,0.0,0.0,0.0,0.0,0.0,0.0,0,Not Verified
STU0361,Firebase,1.0,73.0,0.0,0.0,0.0,0.0,0.0,0.0,0,Not Verified
STU0362,Python,0.0,0.0,2.0,175.0,2.0,0.0,0.0,0.0,0,Not Verified
STU0362,Java,0.0,0.0,0.0,0.0,0.0,0.0,0.0,0.0,0,Not Verified
STU0362,JavaScript,1.0,84.0,0.0,0.0,0.0,1.0,84.0,84.0,1,Intermediate
STU0362,React,0.0,0.0,1.0,76.0,1.0,0.0,0.0,0.0,0,Not Verified
STU0362,Node.js,1.0,56.0,1.0,118.0,2.0,0.0,0.0,0.0,0,Not Verified
STU0362,SQL,0.0,0.0,0.0,0.0,0.0,0.0,0.0,0.0,0,Not Verified
STU0362,Machine Learning,0.0,0.0,2.0,175.0,2.0,0.0,0.0,0.0,0,Not Verified
STU0362,Data Science,1.0,91.0,1.0,133.0,1.0,0.0,0.0,0.0,0,Not Verified
STU0362,FastAPI,0.0,0.0,1.0,42.0,3.0,1.0,48.4,48.4,0,Not Verified
STU0362,Git,0.0,0.0,1.0,118.0,2.0,1.0,54.1,54.1,1,Beginner
STU0362,Docker,1.0,92.0,1.0,118.0,2.0,0.0,0.0,0.0,0,Not Verified
STU0362,C++,0.0,0.0,0.0,0.0,0.0,0.0,0.0,0.0,0,Not Verified
STU0362,HTML/CSS,0.0,0.0,0.0,0.0,0.0,1.0,62.9,62.9,1,Beginner
STU0362,MongoDB,0.0,0.0,0.0,0.0,0.0,0.0,0.0,0.0,0,Not Verified
STU0362,Firebase,1.0,84.0,1.0,76.0,1.0,0.0,0.0,0.0,0,Not Verified
STU0363,Python,0.0,0.0,0.0,0.0,0.0,2.0,75.05000000000001,75.05000000000001,1,Intermediate
STU0363,Java,0.0,0.0,0.0,0.0,0.0,0.0,0.0,0.0,0,Not Verified
STU0363,JavaScript,1.0,59.0,0.0,0.0,0.0,0.0,0.0,0.0,0,Not Verified
STU0363,React,0.0,0.0,2.0,130.0,1.5,3.0,75.7,75.7,1,Intermediate
STU0363,Node.js,0.0,0.0,2.0,130.0,1.5,0.0,0.0,0.0,0,Not Verified
STU0363,SQL,1.0,79.0,0.0,0.0,0.0,0.0,0.0,0.0,0,Not Verified
STU0363,Machine Learning,1.0,95.0,0.0,0.0,0.0,0.0,0.0,0.0,0,Not Verified
STU0363,Data Science,1.0,76.0,0.0,0.0,0.0,0.0,0.0,0.0,0,Not Verified
STU0363,FastAPI,0.0,0.0,0.0,0.0,0.0,0.0,0.0,0.0,0,Not Verified
STU0363,Git,0.0,0.0,0.0,0.0,0.0,0.0,0.0,0.0,0,Not Verified
STU0363,Docker,0.0,0.0,0.0,0.0,0.0,1.0,68.0,68.0,1,Beginner
STU0363,C++,1.0,55.0,0.0,0.0,0.0,0.0,0.0,0.0,0,Not Verified
STU0363,HTML/CSS,0.0,0.0,0.0,0.0,0.0,2.0,69.35,69.35,1,Intermediate
STU0363,MongoDB,1.0,95.0,2.0,130.0,1.5,0.0,0.0,0.0,0,Not Verified
STU0363,Firebase,0.0,0.0,0.0,0.0,0.0,0.0,0.0,0.0,0,Not Verified
STU0364,Python,1.0,76.0,2.0,100.0,2.0,0.0,0.0,0.0,0,Not Verified
STU0364,Java,1.0,79.0,1.0,112.0,3.0,0.0,0.0,0.0,0,Not Verified
STU0364,JavaScript,0.0,0.0,0.0,0.0,0.0,1.0,72.9,72.9,1,Intermediate
STU0364,React,1.0,62.0,0.0,0.0,0.0,0.0,0.0,0.0,0,Not Verified
STU0364,Node.js,1.0,58.0,0.0,0.0,0.0,0.0,0.0,0.0,0,Not Verified
STU0364,SQL,0.0,0.0,1.0,112.0,3.0,0.0,0.0,0.0,0,Not Verified
STU0364,Machine Learning,1.0,87.0,2.0,100.0,2.0,0.0,0.0,0.0,0,Not Verified
STU0364,Data Science,0.0,0.0,1.0,71.0,2.0,0.0,0.0,0.0,0,Not Verified
STU0364,FastAPI,1.0,58.0,1.0,29.0,2.0,3.0,81.16666666666667,81.16666666666667,1,Intermediate
STU0364,Git,1.0,78.0,0.0,0.0,0.0,0.0,0.0,0.0,0,Not Verified
STU0364,Docker,0.0,0.0,0.0,0.0,0.0,0.0,0.0,0.0,0,Not Verified
STU0364,C++,1.0,78.0,0.0,0.0,0.0,0.0,0.0,0.0,0,Not Verified
STU0364,HTML/CSS,0.0,0.0,0.0,0.0,0.0,0.0,0.0,0.0,0,Not Verified
STU0364,MongoDB,1.0,98.0,0.0,0.0,0.0,0.0,0.0,0.0,0,Not Verified
STU0364,Firebase,0.0,0.0,0.0,0.0,0.0,0.0,0.0,0.0,0,Not Verified
STU0365,Python,1.0,76.0,0.0,0.0,0.0,0.0,0.0,0.0,0,Not Verified
STU0365,Java,1.0,85.0,0.0,0.0,0.0,0.0,0.0,0.0,0,Not Verified
STU0365,JavaScript,1.0,62.0,0.0,0.0,0.0,0.0,0.0,0.0,0,Not Verified
STU0365,React,1.0,92.0,0.0,0.0,0.0,1.0,83.2,83.2,1,Intermediate
STU0365,Node.js,0.0,0.0,0.0,0.0,0.0,0.0,0.0,0.0,0,Not Verified
STU0365,SQL,1.0,70.0,0.0,0.0,0.0,0.0,0.0,0.0,0,Not Verified
STU0365,Machine Learning,0.0,0.0,0.0,0.0,0.0,0.0,0.0,0.0,0,Not Verified
STU0365,Data Science,0.0,0.0,0.0,0.0,0.0,0.0,0.0,0.0,0,Not Verified
STU0365,FastAPI,1.0,96.0,0.0,0.0,0.0,0.0,0.0,0.0,0,Not Verified
STU0365,Git,1.0,63.0,0.0,0.0,0.0,0.0,0.0,0.0,0,Not Verified
STU0365,Docker,0.0,0.0,0.0,0.0,0.0,1.0,79.5,79.5,1,Intermediate
STU0365,C++,0.0,0.0,0.0,0.0,0.0,0.0,0.0,0.0,0,Not Verified
STU0365,HTML/CSS,1.0,89.0,0.0,0.0,0.0,0.0,0.0,0.0,0,Not Verified
STU0365,MongoDB,0.0,0.0,0.0,0.0,0.0,0.0,0.0,0.0,0,Not Verified
STU0365,Firebase,0.0,0.0,0.0,0.0,0.0,0.0,0.0,0.0,0,Not Verified
STU0366,Python,1.0,89.0,0.0,0.0,0.0,0.0,0.0,0.0,0,Not Verified
STU0366,Java,0.0,0.0,0.0,0.0,0.0,0.0,0.0,0.0,0,Not Verified
STU0366,JavaScript,1.0,85.0,0.0,0.0,0.0,0.0,0.0,0.0,0,Not Verified
STU0366,React,1.0,59.0,1.0,45.0,3.0,0.0,0.0,0.0,0,Not Verified
STU0366,Node.js,1.0,88.0,1.0,45.0,3.0,0.0,0.0,0.0,0,Not Verified
STU0366,SQL,1.0,86.0,0.0,0.0,0.0,1.0,80.8,80.8,1,Intermediate
STU0366,Machine Learning,1.0,62.0,0.0,0.0,0.0,0.0,0.0,0.0,0,Not Verified
STU0366,Data Science,0.0,0.0,0.0,0.0,0.0,0.0,0.0,0.0,0,Not Verified
STU0366,FastAPI,0.0,0.0,0.0,0.0,0.0,0.0,0.0,0.0,0,Not Verified
STU0366,Git,0.0,0.0,0.0,0.0,0.0,1.0,74.8,74.8,1,Intermediate
STU0366,Docker,1.0,87.0,0.0,0.0,0.0,0.0,0.0,0.0,0,Not Verified
STU0366,C++,1.0,77.0,0.0,0.0,0.0,1.0,60.1,60.1,1,Beginner
STU0366,HTML/CSS,1.0,78.0,0.0,0.0,0.0,0.0,0.0,0.0,0,Not Verified
STU0366,MongoDB,0.0,0.0,1.0,45.0,3.0,0.0,0.0,0.0,0,Not Verified
STU0366,Firebase,1.0,83.0,0.0,0.0,0.0,0.0,0.0,0.0,0,Not Verified
STU0367,Python,1.0,64.0,0.0,0.0,0.0,0.0,0.0,0.0,0,Not Verified
STU0367,Java,1.0,65.0,0.0,0.0,0.0,1.0,66.6,66.6,1,Beginner
STU0367,JavaScript,0.0,0.0,0.0,0.0,0.0,0.0,0.0,0.0,0,Not Verified
STU0367,React,1.0,72.0,0.0,0.0,0.0,0.0,0.0,0.0,0,Not Verified
STU0367,Node.js,1.0,66.0,0.0,0.0,0.0,0.0,0.0,0.0,0,Not Verified
STU0367,SQL,1.0,61.0,0.0,0.0,0.0,0.0,0.0,0.0,0,Not Verified
STU0367,Machine Learning,0.0,0.0,0.0,0.0,0.0,0.0,0.0,0.0,0,Not Verified
STU0367,Data Science,1.0,73.0,0.0,0.0,0.0,0.0,0.0,0.0,0,Not Verified
STU0367,FastAPI,1.0,80.0,0.0,0.0,0.0,0.0,0.0,0.0,0,Not Verified
STU0367,Git,1.0,59.0,0.0,0.0,0.0,0.0,0.0,0.0,0,Not Verified
STU0367,Docker,0.0,0.0,0.0,0.0,0.0,0.0,0.0,0.0,0,Not Verified
STU0367,C++,1.0,62.0,0.0,0.0,0.0,0.0,0.0,0.0,0,Not Verified
STU0367,HTML/CSS,0.0,0.0,0.0,0.0,0.0,0.0,0.0,0.0,0,Not Verified
STU0367,MongoDB,1.0,60.0,0.0,0.0,0.0,0.0,0.0,0.0,0,Not Verified
STU0367,Firebase,0.0,0.0,0.0,0.0,0.0,1.0,66.9,66.9,1,Beginner
STU0368,Python,1.0,81.0,1.0,71.0,1.0,0.0,0.0,0.0,0,Not Verified
STU0368,Java,0.0,0.0,0.0,0.0,0.0,2.0,82.6,82.6,1,Intermediate
STU0368,JavaScript,1.0,98.0,0.0,0.0,0.0,0.0,0.0,0.0,0,Not Verified
STU0368,React,1.0,63.0,0.0,0.0,0.0,0.0,0.0,0.0,0,Not Verified
STU0368,Node.js,1.0,83.0,0.0,0.0,0.0,0.0,0.0,0.0,0,Not Verified
STU0368,SQL,0.0,0.0,1.0,71.0,1.0,0.0,0.0,0.0,0,Not Verified
STU0368,Machine Learning,1.0,96.0,0.0,0.0,0.0,0.0,0.0,0.0,0,Not Verified
STU0368,Data Science,0.0,0.0,1.0,71.0,1.0,0.0,0.0,0.0,0,Not Verified
STU0368,FastAPI,1.0,85.0,0.0,0.0,0.0,0.0,0.0,0.0,0,Not Verified
STU0368,Git,0.0,0.0,0.0,0.0,0.0,0.0,0.0,0.0,0,Not Verified
STU0368,Docker,1.0,77.0,0.0,0.0,0.0,0.0,0.0,0.0,0,Not Verified
STU0368,C++,0.0,0.0,0.0,0.0,0.0,0.0,0.0,0.0,0,Not Verified
STU0368,HTML/CSS,0.0,0.0,0.0,0.0,0.0,0.0,0.0,0.0,0,Not Verified
STU0368,MongoDB,1.0,89.0,0.0,0.0,0.0,0.0,0.0,0.0,0,Not Verified
STU0368,Firebase,0.0,0.0,0.0,0.0,0.0,0.0,0.0,0.0,0,Not Verified
STU0369,Python,1.0,81.0,0.0,0.0,0.0,0.0,0.0,0.0,0,Not Verified
STU0369,Java,1.0,76.0,0.0,0.0,0.0,0.0,0.0,0.0,0,Not Verified
STU0369,JavaScript,0.0,0.0,0.0,0.0,0.0,0.0,0.0,0.0,0,Not Verified
STU0369,React,1.0,96.0,2.0,158.0,2.5,0.0,0.0,0.0,0,Not Verified
STU0369,Node.js,1.0,88.0,2.0,174.0,3.0,0.0,0.0,0.0,0,Not Verified
STU0369,SQL,0.0,0.0,0.0,0.0,0.0,0.0,0.0,0.0,0,Not Verified
STU0369,Machine Learning,0.0,0.0,0.0,0.0,0.0,0.0,0.0,0.0,0,Not Verified
STU0369,Data Science,0.0,0.0,0.0,0.0,0.0,0.0,0.0,0.0,0,Not Verified
STU0369,FastAPI,0.0,0.0,0.0,0.0,0.0,0.0,0.0,0.0,0,Not Verified
STU0369,Git,0.0,0.0,1.0,138.0,3.0,0.0,0.0,0.0,0,Not Verified
STU0369,Docker,0.0,0.0,1.0,138.0,3.0,0.0,0.0,0.0,0,Not Verified
STU0369,C++,0.0,0.0,0.0,0.0,0.0,0.0,0.0,0.0,0,Not Verified
STU0369,HTML/CSS,0.0,0.0,0.0,0.0,0.0,1.0,83.7,83.7,1,Intermediate
STU0369,MongoDB,1.0,92.0,1.0,36.0,3.0,0.0,0.0,0.0,0,Not Verified
STU0369,Firebase,0.0,0.0,1.0,122.0,2.0,0.0,0.0,0.0,0,Not Verified
STU0370,Python,0.0,0.0,0.0,0.0,0.0,0.0,0.0,0.0,0,Not Verified
STU0370,Java,0.0,0.0,0.0,0.0,0.0,0.0,0.0,0.0,0,Not Verified
STU0370,JavaScript,0.0,0.0,1.0,127.0,1.0,0.0,0.0,0.0,0,Not Verified
STU0370,React,0.0,0.0,0.0,0.0,0.0,0.0,0.0,0.0,0,Not Verified
STU0370,Node.js,0.0,0.0,0.0,0.0,0.0,0.0,0.0,0.0,0,Not Verified
STU0370,SQL,1.0,74.0,0.0,0.0,0.0,1.0,87.5,87.5,1,Advanced
STU0370,Machine Learning,0.0,0.0,0.0,0.0,0.0,0.0,0.0,0.0,0,Not Verified
STU0370,Data Science,1.0,91.0,0.0,0.0,0.0,0.0,0.0,0.0,0,Not Verified
STU0370,FastAPI,1.0,74.0,0.0,0.0,0.0,1.0,79.4,79.4,1,Intermediate
STU0370,Git,1.0,63.0,0.0,0.0,0.0,0.0,0.0,0.0,0,Not Verified
STU0370,Docker,1.0,90.0,0.0,0.0,0.0,0.0,0.0,0.0,0,Not Verified
STU0370,C++,0.0,0.0,0.0,0.0,0.0,0.0,0.0,0.0,0,Not Verified
STU0370,HTML/CSS,1.0,84.0,1.0,127.0,1.0,1.0,74.0,74.0,1,Intermediate
STU0370,MongoDB,0.0,0.0,0.0,0.0,0.0,0.0,0.0,0.0,0,Not Verified
STU0370,Firebase,1.0,83.0,0.0,0.0,0.0,1.0,69.5,69.5,1,Intermediate
STU0371,Python,0.0,0.0,0.0,0.0,0.0,0.0,0.0,0.0,0,Not Verified
STU0371,Java,0.0,0.0,0.0,0.0,0.0,0.0,0.0,0.0,0,Not Verified
STU0371,JavaScript,0.0,0.0,0.0,0.0,0.0,0.0,0.0,0.0,0,Not Verified
STU0371,React,1.0,77.0,1.0,126.0,3.0,0.0,0.0,0.0,0,Not Verified
STU0371,Node.js,1.0,64.0,1.0,126.0,3.0,0.0,0.0,0.0,0,Not Verified
STU0371,SQL,1.0,84.0,0.0,0.0,0.0,0.0,0.0,0.0,0,Not Verified
STU0371,Machine Learning,0.0,0.0,0.0,0.0,0.0,0.0,0.0,0.0,0,Not Verified
STU0371,Data Science,1.0,73.0,0.0,0.0,0.0,0.0,0.0,0.0,0,Not Verified
STU0371,FastAPI,0.0,0.0,0.0,0.0,0.0,0.0,0.0,0.0,0,Not Verified
STU0371,Git,0.0,0.0,0.0,0.0,0.0,0.0,0.0,0.0,0,Not Verified
STU0371,Docker,0.0,0.0,0.0,0.0,0.0,1.0,69.8,69.8,1,Intermediate
STU0371,C++,0.0,0.0,0.0,0.0,0.0,0.0,0.0,0.0,0,Not Verified
STU0371,HTML/CSS,1.0,58.0,0.0,0.0,0.0,0.0,0.0,0.0,0,Not Verified
STU0371,MongoDB,1.0,65.0,1.0,126.0,3.0,0.0,0.0,0.0,0,Not Verified
STU0371,Firebase,0.0,0.0,0.0,0.0,0.0,0.0,0.0,0.0,0,Not Verified
STU0372,Python,0.0,0.0,0.0,0.0,0.0,0.0,0.0,0.0,0,Not Verified
STU0372,Java,1.0,78.0,0.0,0.0,0.0,0.0,0.0,0.0,0,Not Verified
STU0372,JavaScript,1.0,62.0,1.0,82.0,2.0,0.0,0.0,0.0,0,Not Verified
STU0372,React,0.0,0.0,2.0,134.0,1.5,0.0,0.0,0.0,0,Not Verified
STU0372,Node.js,1.0,91.0,2.0,120.0,1.5,0.0,0.0,0.0,0,Not Verified
STU0372,SQL,0.0,0.0,1.0,82.0,2.0,0.0,0.0,0.0,0,Not Verified
STU0372,Machine Learning,0.0,0.0,0.0,0.0,0.0,1.0,78.4,78.4,1,Intermediate
STU0372,Data Science,0.0,0.0,0.0,0.0,0.0,1.0,85.3,85.3,1,Advanced
STU0372,FastAPI,1.0,75.0,0.0,0.0,0.0,0.0,0.0,0.0,0,Not Verified
STU0372,Git,1.0,83.0,1.0,38.0,1.0,0.0,0.0,0.0,0,Not Verified
STU0372,Docker,0.0,0.0,1.0,38.0,1.0,0.0,0.0,0.0,0,Not Verified
STU0372,C++,1.0,57.0,0.0,0.0,0.0,0.0,0.0,0.0,0,Not Verified
STU0372,HTML/CSS,1.0,71.0,0.0,0.0,0.0,0.0,0.0,0.0,0,Not Verified
STU0372,MongoDB,1.0,63.0,0.0,0.0,0.0,0.0,0.0,0.0,0,Not Verified
STU0372,Firebase,1.0,70.0,1.0,52.0,1.0,0.0,0.0,0.0,0,Not Verified
STU0373,Python,1.0,83.0,2.0,46.0,2.0,0.0,0.0,0.0,0,Not Verified
STU0373,Java,0.0,0.0,1.0,144.0,2.0,0.0,0.0,0.0,0,Not Verified
STU0373,JavaScript,0.0,0.0,0.0,0.0,0.0,0.0,0.0,0.0,0,Not Verified
STU0373,React,1.0,77.0,0.0,0.0,0.0,0.0,0.0,0.0,0,Not Verified
STU0373,Node.js,0.0,0.0,0.0,0.0,0.0,0.0,0.0,0.0,0,Not Verified
STU0373,SQL,1.0,65.0,2.0,160.0,2.0,0.0,0.0,0.0,0,Not Verified
STU0373,Machine Learning,0.0,0.0,1.0,30.0,2.0,0.0,0.0,0.0,0,Not Verified
STU0373,Data Science,0.0,0.0,2.0,46.0,2.0,1.0,82.5,82.5,1,Intermediate
STU0373,FastAPI,1.0,64.0,0.0,0.0,0.0,0.0,0.0,0.0,0,Not Verified
STU0373,Git,0.0,0.0,0.0,0.0,0.0,1.0,54.6,54.6,1,Beginner
STU0373,Docker,1.0,89.0,0.0,0.0,0.0,0.0,0.0,0.0,0,Not Verified
STU0373,C++,1.0,78.0,0.0,0.0,0.0,2.0,78.15,78.15,1,Intermediate
STU0373,HTML/CSS,0.0,0.0,0.0,0.0,0.0,0.0,0.0,0.0,0,Not Verified
STU0373,MongoDB,0.0,0.0,0.0,0.0,0.0,0.0,0.0,0.0,0,Not Verified
STU0373,Firebase,0.0,0.0,0.0,0.0,0.0,0.0,0.0,0.0,0,Not Verified
STU0374,Python,1.0,87.0,1.0,47.0,1.0,0.0,0.0,0.0,0,Not Verified
STU0374,Java,1.0,89.0,0.0,0.0,0.0,0.0,0.0,0.0,0,Not Verified
STU0374,JavaScript,1.0,73.0,0.0,0.0,0.0,0.0,0.0,0.0,0,Not Verified
STU0374,React,0.0,0.0,3.0,253.0,2.0,0.0,0.0,0.0,0,Not Verified
STU0374,Node.js,1.0,55.0,2.0,229.0,2.0,0.0,0.0,0.0,0,Not Verified
STU0374,SQL,1.0,73.0,1.0,47.0,1.0,0.0,0.0,0.0,0,Not Verified
STU0374,Machine Learning,1.0,76.0,0.0,0.0,0.0,0.0,0.0,0.0,0,Not Verified
STU0374,Data Science,1.0,96.0,1.0,47.0,1.0,0.0,0.0,0.0,0,Not Verified
STU0374,FastAPI,0.0,0.0,0.0,0.0,0.0,0.0,0.0,0.0,0,Not Verified
STU0374,Git,0.0,0.0,0.0,0.0,0.0,0.0,0.0,0.0,0,Not Verified
STU0374,Docker,1.0,85.0,0.0,0.0,0.0,0.0,0.0,0.0,0,Not Verified
STU0374,C++,0.0,0.0,0.0,0.0,0.0,1.0,63.8,63.8,1,Beginner
STU0374,HTML/CSS,0.0,0.0,0.0,0.0,0.0,0.0,0.0,0.0,0,Not Verified
STU0374,MongoDB,1.0,91.0,2.0,229.0,2.0,2.0,58.05,58.05,1,Beginner
STU0374,Firebase,0.0,0.0,1.0,24.0,2.0,0.0,0.0,0.0,0,Not Verified
STU0375,Python,1.0,83.0,0.0,0.0,0.0,0.0,0.0,0.0,0,Not Verified
STU0375,Java,1.0,94.0,0.0,0.0,0.0,0.0,0.0,0.0,0,Not Verified
STU0375,JavaScript,1.0,98.0,1.0,115.0,2.0,0.0,0.0,0.0,0,Not Verified
STU0375,React,0.0,0.0,2.0,185.0,2.5,0.0,0.0,0.0,0,Not Verified
STU0375,Node.js,0.0,0.0,2.0,185.0,2.5,0.0,0.0,0.0,0,Not Verified
STU0375,SQL,1.0,80.0,1.0,115.0,2.0,0.0,0.0,0.0,0,Not Verified
STU0375,Machine Learning,0.0,0.0,0.0,0.0,0.0,0.0,0.0,0.0,0,Not Verified
STU0375,Data Science,1.0,56.0,0.0,0.0,0.0,0.0,0.0,0.0,0,Not Verified
STU0375,FastAPI,1.0,77.0,0.0,0.0,0.0,0.0,0.0,0.0,0,Not Verified
STU0375,Git,1.0,62.0,0.0,0.0,0.0,0.0,0.0,0.0,0,Not Verified
STU0375,Docker,1.0,69.0,0.0,0.0,0.0,0.0,0.0,0.0,0,Not Verified
STU0375,C++,1.0,74.0,0.0,0.0,0.0,0.0,0.0,0.0,0,Not Verified
STU0375,HTML/CSS,1.0,90.0,0.0,0.0,0.0,0.0,0.0,0.0,0,Not Verified
STU0375,MongoDB,0.0,0.0,1.0,70.0,3.0,1.0,81.4,81.4,1,Intermediate
STU0375,Firebase,0.0,0.0,0.0,0.0,0.0,0.0,0.0,0.0,0,Not Verified
STU0376,Python,1.0,88.0,3.0,166.0,3.0,0.0,0.0,0.0,0,Not Verified
STU0376,Java,0.0,0.0,1.0,96.0,1.0,1.0,75.5,75.5,1,Intermediate
STU0376,JavaScript,0.0,0.0,0.0,0.0,0.0,0.0,0.0,0.0,0,Not Verified
STU0376,React,1.0,67.0,0.0,0.0,0.0,0.0,0.0,0.0,0,Not Verified
STU0376,Node.js,0.0,0.0,0.0,0.0,0.0,0.0,0.0,0.0,0,Not Verified
STU0376,SQL,1.0,92.0,2.0,110.0,2.0,1.0,83.8,83.8,1,Intermediate
STU0376,Machine Learning,0.0,0.0,2.0,152.0,3.0,1.0,52.5,52.5,1,Beginner
STU0376,Data Science,0.0,0.0,1.0,14.0,3.0,0.0,0.0,0.0,0,Not Verified
STU0376,FastAPI,0.0,0.0,2.0,152.0,3.0,1.0,61.5,61.5,1,Beginner
STU0376,Git,1.0,69.0,0.0,0.0,0.0,1.0,61.2,61.2,1,Beginner
STU0376,Docker,1.0,72.0,0.0,0.0,0.0,0.0,0.0,0.0,0,Not Verified
STU0376,C++,0.0,0.0,0.0,0.0,0.0,0.0,0.0,0.0,0,Not Verified
STU0376,HTML/CSS,0.0,0.0,0.0,0.0,0.0,0.0,0.0,0.0,0,Not Verified
STU0376,MongoDB,0.0,0.0,0.0,0.0,0.0,0.0,0.0,0.0,0,Not Verified
STU0376,Firebase,0.0,0.0,0.0,0.0,0.0,0.0,0.0,0.0,0,Not Verified
STU0377,Python,0.0,0.0,0.0,0.0,0.0,0.0,0.0,0.0,0,Not Verified
STU0377,Java,1.0,60.0,0.0,0.0,0.0,0.0,0.0,0.0,0,Not Verified
STU0377,JavaScript,0.0,0.0,0.0,0.0,0.0,0.0,0.0,0.0,0,Not Verified
STU0377,React,0.0,0.0,0.0,0.0,0.0,0.0,0.0,0.0,0,Not Verified
STU0377,Node.js,0.0,0.0,0.0,0.0,0.0,0.0,0.0,0.0,0,Not Verified
STU0377,SQL,0.0,0.0,0.0,0.0,0.0,1.0,74.7,74.7,1,Intermediate
STU0377,Machine Learning,0.0,0.0,0.0,0.0,0.0,1.0,75.6,75.6,1,Intermediate
STU0377,Data Science,1.0,80.0,0.0,0.0,0.0,0.0,0.0,0.0,0,Not Verified
STU0377,FastAPI,1.0,87.0,0.0,0.0,0.0,0.0,0.0,0.0,0,Not Verified
STU0377,Git,0.0,0.0,0.0,0.0,0.0,0.0,0.0,0.0,0,Not Verified
STU0377,Docker,1.0,67.0,0.0,0.0,0.0,0.0,0.0,0.0,0,Not Verified
STU0377,C++,1.0,86.0,0.0,0.0,0.0,0.0,0.0,0.0,0,Not Verified
STU0377,HTML/CSS,0.0,0.0,0.0,0.0,0.0,0.0,0.0,0.0,0,Not Verified
STU0377,MongoDB,0.0,0.0,0.0,0.0,0.0,0.0,0.0,0.0,0,Not Verified
STU0377,Firebase,0.0,0.0,0.0,0.0,0.0,0.0,0.0,0.0,0,Not Verified
STU0378,Python,1.0,79.0,0.0,0.0,0.0,1.0,63.6,63.6,1,Beginner
STU0378,Java,0.0,0.0,0.0,0.0,0.0,0.0,0.0,0.0,0,Not Verified
STU0378,JavaScript,0.0,0.0,0.0,0.0,0.0,0.0,0.0,0.0,0,Not Verified
STU0378,React,0.0,0.0,0.0,0.0,0.0,0.0,0.0,0.0,0,Not Verified
STU0378,Node.js,0.0,0.0,0.0,0.0,0.0,0.0,0.0,0.0,0,Not Verified
STU0378,SQL,1.0,55.0,0.0,0.0,0.0,0.0,0.0,0.0,0,Not Verified
STU0378,Machine Learning,1.0,73.0,0.0,0.0,0.0,0.0,0.0,0.0,0,Not Verified
STU0378,Data Science,0.0,0.0,0.0,0.0,0.0,0.0,0.0,0.0,0,Not Verified
STU0378,FastAPI,1.0,78.0,0.0,0.0,0.0,0.0,0.0,0.0,0,Not Verified
STU0378,Git,1.0,64.0,0.0,0.0,0.0,1.0,76.6,76.6,1,Intermediate
STU0378,Docker,1.0,78.0,0.0,0.0,0.0,0.0,0.0,0.0,0,Not Verified
STU0378,C++,0.0,0.0,0.0,0.0,0.0,0.0,0.0,0.0,0,Not Verified
STU0378,HTML/CSS,0.0,0.0,0.0,0.0,0.0,0.0,0.0,0.0,0,Not Verified
STU0378,MongoDB,0.0,0.0,0.0,0.0,0.0,1.0,50.7,50.7,1,Beginner
STU0378,Firebase,1.0,82.0,0.0,0.0,0.0,0.0,0.0,0.0,0,Not Verified
STU0379,Python,0.0,0.0,0.0,0.0,0.0,1.0,87.4,87.4,1,Advanced
STU0379,Java,1.0,82.0,1.0,10.0,3.0,0.0,0.0,0.0,0,Not Verified
STU0379,JavaScript,0.0,0.0,0.0,0.0,0.0,0.0,0.0,0.0,0,Not Verified
STU0379,React,1.0,81.0,0.0,0.0,0.0,0.0,0.0,0.0,0,Not Verified
STU0379,Node.js,1.0,83.0,2.0,158.0,2.5,0.0,0.0,0.0,0,Not Verified
STU0379,SQL,1.0,81.0,1.0,10.0,3.0,0.0,0.0,0.0,0,Not Verified
STU0379,Machine Learning,0.0,0.0,0.0,0.0,0.0,0.0,0.0,0.0,0,Not Verified
STU0379,Data Science,1.0,73.0,0.0,0.0,0.0,0.0,0.0,0.0,0,Not Verified
STU0379,FastAPI,1.0,65.0,0.0,0.0,0.0,0.0,0.0,0.0,0,Not Verified
STU0379,Git,0.0,0.0,2.0,158.0,2.5,0.0,0.0,0.0,0,Not Verified
STU0379,Docker,0.0,0.0,2.0,158.0,2.5,0.0,0.0,0.0,0,Not Verified
STU0379,C++,0.0,0.0,0.0,0.0,0.0,0.0,0.0,0.0,0,Not Verified
STU0379,HTML/CSS,1.0,63.0,0.0,0.0,0.0,0.0,0.0,0.0,0,Not Verified
STU0379,MongoDB,0.0,0.0,0.0,0.0,0.0,0.0,0.0,0.0,0,Not Verified
STU0379,Firebase,0.0,0.0,0.0,0.0,0.0,0.0,0.0,0.0,0,Not Verified
STU0380,Python,1.0,66.0,2.0,78.0,3.0,0.0,0.0,0.0,0,Not Verified
STU0380,Java,1.0,79.0,0.0,0.0,0.0,0.0,0.0,0.0,0,Not Verified
STU0380,JavaScript,1.0,60.0,0.0,0.0,0.0,0.0,0.0,0.0,0,Not Verified
STU0380,React,1.0,55.0,1.0,126.0,2.0,0.0,0.0,0.0,0,Not Verified
STU0380,Node.js,1.0,81.0,1.0,126.0,2.0,0.0,0.0,0.0,0,Not Verified
STU0380,SQL,1.0,81.0,1.0,64.0,3.0,0.0,0.0,0.0,0,Not Verified
STU0380,Machine Learning,0.0,0.0,1.0,14.0,3.0,0.0,0.0,0.0,0,Not Verified
STU0380,Data Science,1.0,95.0,1.0,64.0,3.0,0.0,0.0,0.0,0,Not Verified
STU0380,FastAPI,1.0,72.0,0.0,0.0,0.0,0.0,0.0,0.0,0,Not Verified
STU0380,Git,1.0,92.0,0.0,0.0,0.0,1.0,77.0,77.0,1,Intermediate
STU0380,Docker,0.0,0.0,0.0,0.0,0.0,0.0,0.0,0.0,0,Not Verified
STU0380,C++,0.0,0.0,0.0,0.0,0.0,0.0,0.0,0.0,0,Not Verified
STU0380,HTML/CSS,0.0,0.0,0.0,0.0,0.0,0.0,0.0,0.0,0,Not Verified
STU0380,MongoDB,0.0,0.0,1.0,126.0,2.0,0.0,0.0,0.0,0,Not Verified
STU0380,Firebase,0.0,0.0,0.0,0.0,0.0,0.0,0.0,0.0,0,Not Verified
STU0381,Python,0.0,0.0,2.0,113.0,1.5,0.0,0.0,0.0,0,Not Verified
STU0381,Java,0.0,0.0,1.0,125.0,3.0,0.0,0.0,0.0,0,Not Verified
STU0381,JavaScript,1.0,92.0,0.0,0.0,0.0,0.0,0.0,0.0,0,Not Verified
STU0381,React,1.0,74.0,1.0,148.0,1.0,0.0,0.0,0.0,0,Not Verified
STU0381,Node.js,1.0,84.0,1.0,148.0,1.0,0.0,0.0,0.0,0,Not Verified
STU0381,SQL,0.0,0.0,2.0,163.0,2.5,0.0,0.0,0.0,0,Not Verified
STU0381,Machine Learning,1.0,90.0,1.0,75.0,1.0,1.0,65.6,65.6,1,Beginner
STU0381,Data Science,1.0,86.0,1.0,38.0,2.0,0.0,0.0,0.0,0,Not Verified
STU0381,FastAPI,0.0,0.0,1.0,75.0,1.0,0.0,0.0,0.0,0,Not Verified
STU0381,Git,1.0,74.0,0.0,0.0,0.0,1.0,49.0,49.0,0,Not Verified
STU0381,Docker,0.0,0.0,0.0,0.0,0.0,0.0,0.0,0.0,0,Not Verified
STU0381,C++,1.0,57.0,0.0,0.0,0.0,0.0,0.0,0.0,0,Not Verified
STU0381,HTML/CSS,0.0,0.0,0.0,0.0,0.0,0.0,0.0,0.0,0,Not Verified
STU0381,MongoDB,1.0,86.0,1.0,148.0,1.0,0.0,0.0,0.0,0,Not Verified
STU0381,Firebase,1.0,69.0,0.0,0.0,0.0,0.0,0.0,0.0,0,Not Verified
STU0382,Python,1.0,95.0,1.0,116.0,2.0,1.0,70.0,70.0,1,Intermediate
STU0382,Java,0.0,0.0,0.0,0.0,0.0,0.0,0.0,0.0,0,Not Verified
STU0382,JavaScript,1.0,85.0,0.0,0.0,0.0,0.0,0.0,0.0,0,Not Verified
STU0382,React,0.0,0.0,0.0,0.0,0.0,0.0,0.0,0.0,0,Not Verified
STU0382,Node.js,1.0,62.0,1.0,38.0,2.0,0.0,0.0,0.0,0,Not Verified
STU0382,SQL,0.0,0.0,0.0,0.0,0.0,0.0,0.0,0.0,0,Not Verified
STU0382,Machine Learning,0.0,0.0,1.0,116.0,2.0,0.0,0.0,0.0,0,Not Verified
STU0382,Data Science,0.0,0.0,1.0,116.0,2.0,0.0,0.0,0.0,0,Not Verified
STU0382,FastAPI,0.0,0.0,0.0,0.0,0.0,1.0,75.7,75.7,1,Intermediate
STU0382,Git,0.0,0.0,1.0,38.0,2.0,0.0,0.0,0.0,0,Not Verified
STU0382,Docker,0.0,0.0,1.0,38.0,2.0,0.0,0.0,0.0,0,Not Verified
STU0382,C++,1.0,96.0,0.0,0.0,0.0,0.0,0.0,0.0,0,Not Verified
STU0382,HTML/CSS,1.0,95.0,0.0,0.0,0.0,1.0,96.1,96.1,1,Advanced
STU0382,MongoDB,0.0,0.0,0.0,0.0,0.0,0.0,0.0,0.0,0,Not Verified
STU0382,Firebase,0.0,0.0,0.0,0.0,0.0,0.0,0.0,0.0,0,Not Verified
STU0383,Python,1.0,91.0,0.0,0.0,0.0,1.0,69.8,69.8,1,Intermediate
STU0383,Java,1.0,82.0,0.0,0.0,0.0,0.0,0.0,0.0,0,Not Verified
STU0383,JavaScript,1.0,78.0,0.0,0.0,0.0,0.0,0.0,0.0,0,Not Verified
STU0383,React,1.0,85.0,0.0,0.0,0.0,0.0,0.0,0.0,0,Not Verified
STU0383,Node.js,1.0,59.0,0.0,0.0,0.0,0.0,0.0,0.0,0,Not Verified
STU0383,SQL,0.0,0.0,0.0,0.0,0.0,1.0,49.6,49.6,0,Beginner
STU0383,Machine Learning,1.0,93.0,0.0,0.0,0.0,0.0,0.0,0.0,0,Not Verified
STU0383,Data Science,1.0,92.0,0.0,0.0,0.0,0.0,0.0,0.0,0,Not Verified
STU0383,FastAPI,0.0,0.0,0.0,0.0,0.0,0.0,0.0,0.0,0,Not Verified
STU0383,Git,0.0,0.0,0.0,0.0,0.0,0.0,0.0,0.0,0,Not Verified
STU0383,Docker,0.0,0.0,0.0,0.0,0.0,1.0,76.2,76.2,1,Intermediate
STU0383,C++,1.0,95.0,0.0,0.0,0.0,0.0,0.0,0.0,0,Not Verified
STU0383,HTML/CSS,1.0,71.0,0.0,0.0,0.0,0.0,0.0,0.0,0,Not Verified
STU0383,MongoDB,0.0,0.0,0.0,0.0,0.0,0.0,0.0,0.0,0,Not Verified
STU0383,Firebase,1.0,86.0,0.0,0.0,0.0,0.0,0.0,0.0,0,Not Verified
STU0384,Python,1.0,65.0,0.0,0.0,0.0,0.0,0.0,0.0,0,Not Verified
STU0384,Java,1.0,75.0,0.0,0.0,0.0,0.0,0.0,0.0,0,Not Verified
STU0384,JavaScript,0.0,0.0,2.0,173.0,1.5,0.0,0.0,0.0,0,Not Verified
STU0384,React,0.0,0.0,2.0,173.0,1.5,0.0,0.0,0.0,0,Not Verified
STU0384,Node.js,1.0,58.0,2.0,173.0,1.5,0.0,0.0,0.0,0,Not Verified
STU0384,SQL,1.0,84.0,2.0,173.0,1.5,0.0,0.0,0.0,0,Not Verified
STU0384,Machine Learning,0.0,0.0,0.0,0.0,0.0,0.0,0.0,0.0,0,Not Verified
STU0384,Data Science,1.0,58.0,0.0,0.0,0.0,0.0,0.0,0.0,0,Not Verified
STU0384,FastAPI,1.0,63.0,0.0,0.0,0.0,0.0,0.0,0.0,0,Not Verified
STU0384,Git,1.0,77.0,0.0,0.0,0.0,0.0,0.0,0.0,0,Not Verified
STU0384,Docker,0.0,0.0,0.0,0.0,0.0,0.0,0.0,0.0,0,Not Verified
STU0384,C++,1.0,64.0,0.0,0.0,0.0,0.0,0.0,0.0,0,Not Verified
STU0384,HTML/CSS,1.0,72.0,0.0,0.0,0.0,2.0,75.6,75.6,1,Intermediate
STU0384,MongoDB,0.0,0.0,0.0,0.0,0.0,0.0,0.0,0.0,0,Not Verified
STU0384,Firebase,1.0,78.0,0.0,0.0,0.0,0.0,0.0,0.0,0,Not Verified
STU0385,Python,1.0,61.0,0.0,0.0,0.0,1.0,78.0,78.0,1,Intermediate
STU0385,Java,1.0,75.0,1.0,38.0,2.0,1.0,53.5,53.5,1,Beginner
STU0385,JavaScript,0.0,0.0,0.0,0.0,0.0,0.0,0.0,0.0,0,Not Verified
STU0385,React,1.0,75.0,1.0,133.0,2.0,0.0,0.0,0.0,0,Not Verified
STU0385,Node.js,1.0,93.0,1.0,133.0,2.0,0.0,0.0,0.0,0,Not Verified
STU0385,SQL,1.0,66.0,1.0,38.0,2.0,0.0,0.0,0.0,0,Not Verified
STU0385,Machine Learning,0.0,0.0,0.0,0.0,0.0,0.0,0.0,0.0,0,Not Verified
STU0385,Data Science,0.0,0.0,0.0,0.0,0.0,1.0,78.1,78.1,1,Intermediate
STU0385,FastAPI,1.0,89.0,0.0,0.0,0.0,0.0,0.0,0.0,0,Not Verified
STU0385,Git,0.0,0.0,0.0,0.0,0.0,0.0,0.0,0.0,0,Not Verified
STU0385,Docker,1.0,95.0,0.0,0.0,0.0,0.0,0.0,0.0,0,Not Verified
STU0385,C++,1.0,65.0,0.0,0.0,0.0,0.0,0.0,0.0,0,Not Verified
STU0385,HTML/CSS,0.0,0.0,0.0,0.0,0.0,0.0,0.0,0.0,0,Not Verified
STU0385,MongoDB,0.0,0.0,1.0,133.0,2.0,1.0,88.2,88.2,1,Advanced
STU0385,Firebase,0.0,0.0,0.0,0.0,0.0,0.0,0.0,0.0,0,Not Verified
STU0386,Python,0.0,0.0,2.0,57.0,2.5,0.0,0.0,0.0,0,Not Verified
STU0386,Java,1.0,86.0,0.0,0.0,0.0,0.0,0.0,0.0,0,Not Verified
STU0386,JavaScript,0.0,0.0,1.0,76.0,1.0,0.0,0.0,0.0,0,Not Verified
STU0386,React,0.0,0.0,2.0,195.0,2.0,0.0,0.0,0.0,0,Not Verified
STU0386,Node.js,1.0,63.0,1.0,76.0,1.0,0.0,0.0,0.0,0,Not Verified
STU0386,SQL,1.0,78.0,1.0,76.0,1.0,0.0,0.0,0.0,0,Not Verified
STU0386,Machine Learning,1.0,65.0,2.0,57.0,2.5,0.0,0.0,0.0,0,Not Verified
STU0386,Data Science,0.0,0.0,0.0,0.0,0.0,0.0,0.0,0.0,0,Not Verified
STU0386,FastAPI,1.0,81.0,1.0,32.0,3.0,0.0,0.0,0.0,0,Not Verified
STU0386,Git,1.0,61.0,0.0,0.0,0.0,0.0,0.0,0.0,0,Not Verified
STU0386,Docker,1.0,73.0,0.0,0.0,0.0,0.0,0.0,0.0,0,Not Verified
STU0386,C++,1.0,76.0,0.0,0.0,0.0,0.0,0.0,0.0,0,Not Verified
STU0386,HTML/CSS,1.0,55.0,0.0,0.0,0.0,0.0,0.0,0.0,0,Not Verified
STU0386,MongoDB,1.0,88.0,0.0,0.0,0.0,0.0,0.0,0.0,0,Not Verified
STU0386,Firebase,0.0,0.0,1.0,119.0,3.0,1.0,68.6,68.6,1,Beginner
STU0387,Python,0.0,0.0,0.0,0.0,0.0,0.0,0.0,0.0,0,Not Verified
STU0387,Java,0.0,0.0,0.0,0.0,0.0,1.0,77.5,77.5,1,Intermediate
STU0387,JavaScript,1.0,88.0,0.0,0.0,0.0,0.0,0.0,0.0,0,Not Verified
STU0387,React,1.0,90.0,0.0,0.0,0.0,1.0,85.4,85.4,1,Advanced
STU0387,Node.js,0.0,0.0,0.0,0.0,0.0,0.0,0.0,0.0,0,Not Verified
STU0387,SQL,0.0,0.0,0.0,0.0,0.0,0.0,0.0,0.0,0,Not Verified
STU0387,Machine Learning,0.0,0.0,0.0,0.0,0.0,0.0,0.0,0.0,0,Not Verified
STU0387,Data Science,0.0,0.0,0.0,0.0,0.0,1.0,70.2,70.2,1,Intermediate
STU0387,FastAPI,1.0,89.0,0.0,0.0,0.0,0.0,0.0,0.0,0,Not Verified
STU0387,Git,1.0,84.0,0.0,0.0,0.0,0.0,0.0,0.0,0,Not Verified
STU0387,Docker,0.0,0.0,0.0,0.0,0.0,0.0,0.0,0.0,0,Not Verified
STU0387,C++,0.0,0.0,0.0,0.0,0.0,0.0,0.0,0.0,0,Not Verified
STU0387,HTML/CSS,1.0,62.0,0.0,0.0,0.0,0.0,0.0,0.0,0,Not Verified
STU0387,MongoDB,1.0,81.0,0.0,0.0,0.0,0.0,0.0,0.0,0,Not Verified
STU0387,Firebase,0.0,0.0,0.0,0.0,0.0,0.0,0.0,0.0,0,Not Verified
STU0388,Python,1.0,63.0,1.0,120.0,1.0,0.0,0.0,0.0,0,Not Verified
STU0388,Java,1.0,77.0,1.0,23.0,3.0,0.0,0.0,0.0,0,Not Verified
STU0388,JavaScript,1.0,78.0,0.0,0.0,0.0,0.0,0.0,0.0,0,Not Verified
STU0388,React,0.0,0.0,0.0,0.0,0.0,0.0,0.0,0.0,0,Not Verified
STU0388,Node.js,0.0,0.0,0.0,0.0,0.0,0.0,0.0,0.0,0,Not Verified
STU0388,SQL,0.0,0.0,1.0,23.0,3.0,0.0,0.0,0.0,0,Not Verified
STU0388,Machine Learning,0.0,0.0,0.0,0.0,0.0,0.0,0.0,0.0,0,Not Verified
STU0388,Data Science,1.0,83.0,0.0,0.0,0.0,0.0,0.0,0.0,0,Not Verified
STU0388,FastAPI,0.0,0.0,0.0,0.0,0.0,0.0,0.0,0.0,0,Not Verified
STU0388,Git,0.0,0.0,0.0,0.0,0.0,1.0,78.9,78.9,1,Intermediate
STU0388,Docker,0.0,0.0,0.0,0.0,0.0,0.0,0.0,0.0,0,Not Verified
STU0388,C++,0.0,0.0,0.0,0.0,0.0,0.0,0.0,0.0,0,Not Verified
STU0388,HTML/CSS,0.0,0.0,0.0,0.0,0.0,0.0,0.0,0.0,0,Not Verified
STU0388,MongoDB,1.0,74.0,0.0,0.0,0.0,0.0,0.0,0.0,0,Not Verified
STU0388,Firebase,0.0,0.0,1.0,120.0,1.0,0.0,0.0,0.0,0,Not Verified
STU0389,Python,1.0,63.0,0.0,0.0,0.0,0.0,0.0,0.0,0,Not Verified
STU0389,Java,1.0,60.0,0.0,0.0,0.0,0.0,0.0,0.0,0,Not Verified
STU0389,JavaScript,1.0,63.0,0.0,0.0,0.0,0.0,0.0,0.0,0,Not Verified
STU0389,React,1.0,82.0,0.0,0.0,0.0,0.0,0.0,0.0,0,Not Verified
STU0389,Node.js,1.0,68.0,1.0,84.0,3.0,0.0,0.0,0.0,0,Not Verified
STU0389,SQL,1.0,74.0,0.0,0.0,0.0,0.0,0.0,0.0,0,Not Verified
STU0389,Machine Learning,0.0,0.0,0.0,0.0,0.0,0.0,0.0,0.0,0,Not Verified
STU0389,Data Science,0.0,0.0,0.0,0.0,0.0,0.0,0.0,0.0,0,Not Verified
STU0389,FastAPI,1.0,64.0,0.0,0.0,0.0,0.0,0.0,0.0,0,Not Verified
STU0389,Git,0.0,0.0,1.0,84.0,3.0,0.0,0.0,0.0,0,Not Verified
STU0389,Docker,0.0,0.0,1.0,84.0,3.0,0.0,0.0,0.0,0,Not Verified
STU0389,C++,0.0,0.0,0.0,0.0,0.0,0.0,0.0,0.0,0,Not Verified
STU0389,HTML/CSS,1.0,69.0,0.0,0.0,0.0,0.0,0.0,0.0,0,Not Verified
STU0389,MongoDB,0.0,0.0,0.0,0.0,0.0,0.0,0.0,0.0,0,Not Verified
STU0389,Firebase,1.0,62.0,0.0,0.0,0.0,0.0,0.0,0.0,0,Not Verified
STU0390,Python,1.0,67.0,0.0,0.0,0.0,0.0,0.0,0.0,0,Not Verified
STU0390,Java,0.0,0.0,0.0,0.0,0.0,0.0,0.0,0.0,0,Not Verified
STU0390,JavaScript,0.0,0.0,1.0,84.0,3.0,0.0,0.0,0.0,0,Not Verified
STU0390,React,0.0,0.0,0.0,0.0,0.0,0.0,0.0,0.0,0,Not Verified
STU0390,Node.js,0.0,0.0,1.0,128.0,2.0,0.0,0.0,0.0,0,Not Verified
STU0390,SQL,0.0,0.0,0.0,0.0,0.0,0.0,0.0,0.0,0,Not Verified
STU0390,Machine Learning,1.0,97.0,0.0,0.0,0.0,0.0,0.0,0.0,0,Not Verified
STU0390,Data Science,1.0,57.0,0.0,0.0,0.0,1.0,77.8,77.8,1,Intermediate
STU0390,FastAPI,0.0,0.0,0.0,0.0,0.0,0.0,0.0,0.0,0,Not Verified
STU0390,Git,0.0,0.0,1.0,128.0,2.0,0.0,0.0,0.0,0,Not Verified
STU0390,Docker,0.0,0.0,1.0,128.0,2.0,1.0,62.3,62.3,1,Beginner
STU0390,C++,0.0,0.0,0.0,0.0,0.0,0.0,0.0,0.0,0,Not Verified
STU0390,HTML/CSS,1.0,61.0,1.0,84.0,3.0,0.0,0.0,0.0,0,Not Verified
STU0390,MongoDB,0.0,0.0,0.0,0.0,0.0,0.0,0.0,0.0,0,Not Verified
STU0390,Firebase,1.0,87.0,0.0,0.0,0.0,0.0,0.0,0.0,0,Not Verified
STU0391,Python,1.0,61.0,2.0,135.0,2.5,0.0,0.0,0.0,0,Not Verified
STU0391,Java,1.0,93.0,1.0,26.0,3.0,0.0,0.0,0.0,0,Not Verified
STU0391,JavaScript,0.0,0.0,1.0,99.0,1.0,1.0,61.5,61.5,1,Beginner
STU0391,React,0.0,0.0,0.0,0.0,0.0,0.0,0.0,0.0,0,Not Verified
STU0391,Node.js,1.0,68.0,1.0,40.0,3.0,0.0,0.0,0.0,0,Not Verified
STU0391,SQL,0.0,0.0,1.0,26.0,3.0,1.0,68.4,68.4,1,Beginner
STU0391,Machine Learning,1.0,77.0,2.0,135.0,2.5,1.0,74.2,74.2,1,Intermediate
STU0391,Data Science,1.0,62.0,0.0,0.0,0.0,1.0,56.9,56.9,1,Beginner
STU0391,FastAPI,0.0,0.0,1.0,44.0,2.0,0.0,0.0,0.0,0,Not Verified
STU0391,Git,0.0,0.0,1.0,40.0,3.0,0.0,0.0,0.0,0,Not Verified
STU0391,Docker,1.0,97.0,1.0,40.0,3.0,0.0,0.0,0.0,0,Not Verified
STU0391,C++,1.0,66.0,0.0,0.0,0.0,0.0,0.0,0.0,0,Not Verified
STU0391,HTML/CSS,1.0,67.0,1.0,99.0,1.0,1.0,72.9,72.9,1,Intermediate
STU0391,MongoDB,0.0,0.0,0.0,0.0,0.0,0.0,0.0,0.0,0,Not Verified
STU0391,Firebase,1.0,92.0,0.0,0.0,0.0,3.0,66.60000000000001,66.60000000000001,1,Beginner
STU0392,Python,0.0,0.0,1.0,147.0,1.0,0.0,0.0,0.0,0,Not Verified
STU0392,Java,1.0,77.0,0.0,0.0,0.0,1.0,76.0,76.0,1,Intermediate
STU0392,JavaScript,1.0,77.0,0.0,0.0,0.0,0.0,0.0,0.0,0,Not Verified
STU0392,React,0.0,0.0,0.0,0.0,0.0,0.0,0.0,0.0,0,Not Verified
STU0392,Node.js,1.0,87.0,0.0,0.0,0.0,0.0,0.0,0.0,0,Not Verified
STU0392,SQL,0.0,0.0,0.0,0.0,0.0,0.0,0.0,0.0,0,Not Verified
STU0392,Machine Learning,0.0,0.0,1.0,147.0,1.0,0.0,0.0,0.0,0,Not Verified
STU0392,Data Science,0.0,0.0,0.0,0.0,0.0,0.0,0.0,0.0,0,Not Verified
STU0392,FastAPI,0.0,0.0,1.0,147.0,1.0,1.0,69.7,69.7,1,Intermediate
STU0392,Git,1.0,94.0,0.0,0.0,0.0,0.0,0.0,0.0,0,Not Verified
STU0392,Docker,0.0,0.0,0.0,0.0,0.0,1.0,93.3,93.3,1,Advanced
STU0392,C++,1.0,65.0,0.0,0.0,0.0,0.0,0.0,0.0,0,Not Verified
STU0392,HTML/CSS,0.0,0.0,0.0,0.0,0.0,0.0,0.0,0.0,0,Not Verified
STU0392,MongoDB,0.0,0.0,0.0,0.0,0.0,0.0,0.0,0.0,0,Not Verified
STU0392,Firebase,0.0,0.0,0.0,0.0,0.0,0.0,0.0,0.0,0,Not Verified
STU0393,Python,1.0,89.0,0.0,0.0,0.0,0.0,0.0,0.0,0,Not Verified
STU0393,Java,1.0,67.0,1.0,148.0,3.0,0.0,0.0,0.0,0,Not Verified
STU0393,JavaScript,0.0,0.0,0.0,0.0,0.0,0.0,0.0,0.0,0,Not Verified
STU0393,React,0.0,0.0,1.0,95.0,1.0,1.0,68.7,68.7,1,Beginner
STU0393,Node.js,0.0,0.0,1.0,95.0,1.0,0.0,0.0,0.0,0,Not Verified
STU0393,SQL,0.0,0.0,1.0,148.0,3.0,0.0,0.0,0.0,0,Not Verified
STU0393,Machine Learning,0.0,0.0,0.0,0.0,0.0,0.0,0.0,0.0,0,Not Verified
STU0393,Data Science,0.0,0.0,0.0,0.0,0.0,0.0,0.0,0.0,0,Not Verified
STU0393,FastAPI,1.0,88.0,0.0,0.0,0.0,0.0,0.0,0.0,0,Not Verified
STU0393,Git,1.0,68.0,0.0,0.0,0.0,0.0,0.0,0.0,0,Not Verified
STU0393,Docker,0.0,0.0,0.0,0.0,0.0,0.0,0.0,0.0,0,Not Verified
STU0393,C++,0.0,0.0,0.0,0.0,0.0,0.0,0.0,0.0,0,Not Verified
STU0393,HTML/CSS,1.0,73.0,0.0,0.0,0.0,0.0,0.0,0.0,0,Not Verified
STU0393,MongoDB,1.0,65.0,1.0,95.0,1.0,2.0,57.400000000000006,57.400000000000006,1,Beginner
STU0393,Firebase,0.0,0.0,0.0,0.0,0.0,1.0,69.1,69.1,1,Intermediate
STU0394,Python,0.0,0.0,2.0,204.0,3.0,0.0,0.0,0.0,0,Not Verified
STU0394,Java,1.0,92.0,0.0,0.0,0.0,0.0,0.0,0.0,0,Not Verified
STU0394,JavaScript,0.0,0.0,0.0,0.0,0.0,0.0,0.0,0.0,0,Not Verified
STU0394,React,1.0,66.0,0.0,0.0,0.0,0.0,0.0,0.0,0,Not Verified
STU0394,Node.js,0.0,0.0,0.0,0.0,0.0,0.0,0.0,0.0,0,Not Verified
STU0394,SQL,0.0,0.0,1.0,97.0,3.0,0.0,0.0,0.0,0,Not Verified
STU0394,Machine Learning,0.0,0.0,1.0,107.0,3.0,0.0,0.0,0.0,0,Not Verified
STU0394,Data Science,1.0,98.0,1.0,97.0,3.0,0.0,0.0,0.0,0,Not Verified
STU0394,FastAPI,1.0,83.0,1.0,107.0,3.0,0.0,0.0,0.0,0,Not Verified
STU0394,Git,0.0,0.0,0.0,0.0,0.0,0.0,0.0,0.0,0,Not Verified
STU0394,Docker,0.0,0.0,0.0,0.0,0.0,0.0,0.0,0.0,0,Not Verified
STU0394,C++,1.0,78.0,0.0,0.0,0.0,0.0,0.0,0.0,0,Not Verified
STU0394,HTML/CSS,0.0,0.0,0.0,0.0,0.0,0.0,0.0,0.0,0,Not Verified
STU0394,MongoDB,0.0,0.0,0.0,0.0,0.0,0.0,0.0,0.0,0,Not Verified
STU0394,Firebase,0.0,0.0,0.0,0.0,0.0,0.0,0.0,0.0,0,Not Verified
STU0395,Python,0.0,0.0,1.0,113.0,3.0,0.0,0.0,0.0,0,Not Verified
STU0395,Java,0.0,0.0,0.0,0.0,0.0,0.0,0.0,0.0,0,Not Verified
STU0395,JavaScript,1.0,68.0,1.0,41.0,1.0,0.0,0.0,0.0,0,Not Verified
STU0395,React,0.0,0.0,1.0,41.0,1.0,0.0,0.0,0.0,0,Not Verified
STU0395,Node.js,0.0,0.0,2.0,176.0,2.0,1.0,76.9,76.9,1,Intermediate
STU0395,SQL,1.0,69.0,1.0,41.0,1.0,0.0,0.0,0.0,0,Not Verified
STU0395,Machine Learning,1.0,81.0,1.0,113.0,3.0,0.0,0.0,0.0,0,Not Verified
STU0395,Data Science,0.0,0.0,0.0,0.0,0.0,0.0,0.0,0.0,0,Not Verified
STU0395,FastAPI,0.0,0.0,1.0,113.0,3.0,0.0,0.0,0.0,0,Not Verified
STU0395,Git,0.0,0.0,1.0,135.0,3.0,0.0,0.0,0.0,0,Not Verified
STU0395,Docker,0.0,0.0,1.0,135.0,3.0,1.0,82.2,82.2,1,Intermediate
STU0395,C++,1.0,62.0,0.0,0.0,0.0,0.0,0.0,0.0,0,Not Verified
STU0395,HTML/CSS,0.0,0.0,0.0,0.0,0.0,0.0,0.0,0.0,0,Not Verified
STU0395,MongoDB,1.0,87.0,0.0,0.0,0.0,0.0,0.0,0.0,0,Not Verified
STU0395,Firebase,0.0,0.0,0.0,0.0,0.0,0.0,0.0,0.0,0,Not Verified
STU0396,Python,0.0,0.0,0.0,0.0,0.0,0.0,0.0,0.0,0,Not Verified
STU0396,Java,1.0,73.0,0.0,0.0,0.0,0.0,0.0,0.0,0,Not Verified
STU0396,JavaScript,1.0,75.0,0.0,0.0,0.0,0.0,0.0,0.0,0,Not Verified
STU0396,React,0.0,0.0,1.0,62.0,2.0,0.0,0.0,0.0,0,Not Verified
STU0396,Node.js,0.0,0.0,1.0,62.0,2.0,0.0,0.0,0.0,0,Not Verified
STU0396,SQL,1.0,62.0,0.0,0.0,0.0,0.0,0.0,0.0,0,Not Verified
STU0396,Machine Learning,0.0,0.0,0.0,0.0,0.0,1.0,66.0,66.0,1,Beginner
STU0396,Data Science,1.0,90.0,0.0,0.0,0.0,1.0,61.6,61.6,1,Beginner
STU0396,FastAPI,1.0,60.0,0.0,0.0,0.0,0.0,0.0,0.0,0,Not Verified
STU0396,Git,0.0,0.0,0.0,0.0,0.0,0.0,0.0,0.0,0,Not Verified
STU0396,Docker,0.0,0.0,0.0,0.0,0.0,1.0,41.6,41.6,0,Not Verified
STU0396,C++,0.0,0.0,0.0,0.0,0.0,0.0,0.0,0.0,0,Not Verified
STU0396,HTML/CSS,0.0,0.0,0.0,0.0,0.0,0.0,0.0,0.0,0,Not Verified
STU0396,MongoDB,1.0,86.0,1.0,62.0,2.0,1.0,89.6,89.6,1,Advanced
STU0396,Firebase,1.0,57.0,0.0,0.0,0.0,0.0,0.0,0.0,0,Not Verified
STU0397,Python,0.0,0.0,2.0,174.0,2.5,0.0,0.0,0.0,0,Not Verified
STU0397,Java,0.0,0.0,0.0,0.0,0.0,0.0,0.0,0.0,0,Not Verified
STU0397,JavaScript,0.0,0.0,0.0,0.0,0.0,0.0,0.0,0.0,0,Not Verified
STU0397,React,1.0,78.0,0.0,0.0,0.0,0.0,0.0,0.0,0,Not Verified
STU0397,Node.js,1.0,73.0,0.0,0.0,0.0,0.0,0.0,0.0,0,Not Verified
STU0397,SQL,0.0,0.0,0.0,0.0,0.0,0.0,0.0,0.0,0,Not Verified
STU0397,Machine Learning,1.0,66.0,2.0,174.0,2.5,1.0,80.1,80.1,1,Intermediate
STU0397,Data Science,1.0,82.0,1.0,141.0,2.0,0.0,0.0,0.0,0,Not Verified
STU0397,FastAPI,0.0,0.0,1.0,33.0,3.0,0.0,0.0,0.0,0,Not Verified
STU0397,Git,1.0,67.0,0.0,0.0,0.0,0.0,0.0,0.0,0,Not Verified
STU0397,Docker,0.0,0.0,0.0,0.0,0.0,1.0,83.9,83.9,1,Intermediate
STU0397,C++,1.0,59.0,0.0,0.0,0.0,0.0,0.0,0.0,0,Not Verified
STU0397,HTML/CSS,0.0,0.0,0.0,0.0,0.0,1.0,65.1,65.1,1,Beginner
STU0397,MongoDB,1.0,98.0,0.0,0.0,0.0,0.0,0.0,0.0,0,Not Verified
STU0397,Firebase,1.0,85.0,0.0,0.0,0.0,0.0,0.0,0.0,0,Not Verified
STU0398,Python,0.0,0.0,0.0,0.0,0.0,0.0,0.0,0.0,0,Not Verified
STU0398,Java,1.0,98.0,1.0,125.0,3.0,0.0,0.0,0.0,0,Not Verified
STU0398,JavaScript,0.0,0.0,1.0,14.0,1.0,0.0,0.0,0.0,0,Not Verified
STU0398,React,0.0,0.0,1.0,14.0,1.0,1.0,69.5,69.5,1,Intermediate
STU0398,Node.js,0.0,0.0,1.0,14.0,1.0,0.0,0.0,0.0,0,Not Verified
STU0398,SQL,0.0,0.0,2.0,139.0,2.0,0.0,0.0,0.0,0,Not Verified
STU0398,Machine Learning,1.0,60.0,0.0,0.0,0.0,0.0,0.0,0.0,0,Not Verified
STU0398,Data Science,1.0,88.0,0.0,0.0,0.0,1.0,74.3,74.3,1,Intermediate
STU0398,FastAPI,0.0,0.0,0.0,0.0,0.0,0.0,0.0,0.0,0,Not Verified
STU0398,Git,0.0,0.0,0.0,0.0,0.0,0.0,0.0,0.0,0,Not Verified
STU0398,Docker,1.0,83.0,0.0,0.0,0.0,1.0,61.1,61.1,1,Beginner
STU0398,C++,0.0,0.0,0.0,0.0,0.0,0.0,0.0,0.0,0,Not Verified
STU0398,HTML/CSS,0.0,0.0,0.0,0.0,0.0,0.0,0.0,0.0,0,Not Verified
STU0398,MongoDB,0.0,0.0,0.0,0.0,0.0,0.0,0.0,0.0,0,Not Verified
STU0398,Firebase,1.0,97.0,0.0,0.0,0.0,0.0,0.0,0.0,0,Not Verified
STU0399,Python,0.0,0.0,1.0,122.0,2.0,0.0,0.0,0.0,0,Not Verified
STU0399,Java,0.0,0.0,0.0,0.0,0.0,0.0,0.0,0.0,0,Not Verified
STU0399,JavaScript,1.0,61.0,0.0,0.0,0.0,0.0,0.0,0.0,0,Not Verified
STU0399,React,0.0,0.0,0.0,0.0,0.0,0.0,0.0,0.0,0,Not Verified
STU0399,Node.js,0.0,0.0,0.0,0.0,0.0,0.0,0.0,0.0,0,Not Verified
STU0399,SQL,0.0,0.0,1.0,122.0,2.0,1.0,57.9,57.9,1,Beginner
STU0399,Machine Learning,1.0,65.0,0.0,0.0,0.0,0.0,0.0,0.0,0,Not Verified
STU0399,Data Science,0.0,0.0,1.0,122.0,2.0,0.0,0.0,0.0,0,Not Verified
STU0399,FastAPI,0.0,0.0,0.0,0.0,0.0,0.0,0.0,0.0,0,Not Verified
STU0399,Git,1.0,67.0,0.0,0.0,0.0,1.0,79.4,79.4,1,Intermediate
STU0399,Docker,0.0,0.0,0.0,0.0,0.0,0.0,0.0,0.0,0,Not Verified
STU0399,C++,1.0,78.0,0.0,0.0,0.0,0.0,0.0,0.0,0,Not Verified
STU0399,HTML/CSS,0.0,0.0,0.0,0.0,0.0,0.0,0.0,0.0,0,Not Verified
STU0399,MongoDB,1.0,59.0,0.0,0.0,0.0,0.0,0.0,0.0,0,Not Verified
STU0399,Firebase,0.0,0.0,0.0,0.0,0.0,0.0,0.0,0.0,0,Not Verified
STU0400,Python,0.0,0.0,2.0,148.0,2.0,0.0,0.0,0.0,0,Not Verified
STU0400,Java,1.0,72.0,0.0,0.0,0.0,1.0,59.6,59.6,1,Beginner
STU0400,JavaScript,0.0,0.0,0.0,0.0,0.0,0.0,0.0,0.0,0,Not Verified
STU0400,React,1.0,72.0,0.0,0.0,0.0,0.0,0.0,0.0,0,Not Verified
STU0400,Node.js,0.0,0.0,0.0,0.0,0.0,1.0,51.5,51.5,1,Beginner
STU0400,SQL,0.0,0.0,0.0,0.0,0.0,0.0,0.0,0.0,0,Not Verified
STU0400,Machine Learning,1.0,92.0,1.0,7.0,3.0,0.0,0.0,0.0,0,Not Verified
STU0400,Data Science,1.0,77.0,0.0,0.0,0.0,1.0,82.5,82.5,1,Intermediate
STU0400,FastAPI,0.0,0.0,0.0,0.0,0.0,0.0,0.0,0.0,0,Not Verified
STU0400,Git,1.0,92.0,0.0,0.0,0.0,0.0,0.0,0.0,0,Not Verified
STU0400,Docker,0.0,0.0,0.0,0.0,0.0,0.0,0.0,0.0,0,Not Verified
STU0400,C++,0.0,0.0,0.0,0.0,0.0,0.0,0.0,0.0,0,Not Verified
STU0400,HTML/CSS,1.0,80.0,0.0,0.0,0.0,0.0,0.0,0.0,0,Not Verified
STU0400,MongoDB,0.0,0.0,0.0,0.0,0.0,0.0,0.0,0.0,0,Not Verified
STU0400,Firebase,1.0,96.0,1.0,141.0,1.0,0.0,0.0,0.0,0,Not Verified
STU0401,Python,0.0,0.0,0.0,0.0,0.0,0.0,0.0,0.0,0,Not Verified
STU0401,Java,0.0,0.0,2.0,85.0,1.5,0.0,0.0,0.0,0,Not Verified
STU0401,JavaScript,1.0,95.0,1.0,30.0,2.0,0.0,0.0,0.0,0,Not Verified
STU0401,React,0.0,0.0,0.0,0.0,0.0,0.0,0.0,0.0,0,Not Verified
STU0401,Node.js,1.0,69.0,2.0,78.0,3.0,1.0,71.9,71.9,1,Intermediate
STU0401,SQL,0.0,0.0,2.0,85.0,1.5,0.0,0.0,0.0,0,Not Verified
STU0401,Machine Learning,1.0,71.0,0.0,0.0,0.0,0.0,0.0,0.0,0,Not Verified
STU0401,Data Science,1.0,86.0,0.0,0.0,0.0,0.0,0.0,0.0,0,Not Verified
STU0401,FastAPI,1.0,86.0,0.0,0.0,0.0,0.0,0.0,0.0,0,Not Verified
STU0401,Git,1.0,62.0,2.0,78.0,3.0,0.0,0.0,0.0,0,Not Verified
STU0401,Docker,1.0,61.0,2.0,78.0,3.0,1.0,57.2,57.2,1,Beginner
STU0401,C++,1.0,63.0,0.0,0.0,0.0,0.0,0.0,0.0,0,Not Verified
STU0401,HTML/CSS,0.0,0.0,1.0,30.0,2.0,0.0,0.0,0.0,0,Not Verified
STU0401,MongoDB,0.0,0.0,0.0,0.0,0.0,0.0,0.0,0.0,0,Not Verified
STU0401,Firebase,0.0,0.0,0.0,0.0,0.0,0.0,0.0,0.0,0,Not Verified
STU0402,Python,1.0,66.0,3.0,154.0,2.3333333333333335,0.0,0.0,0.0,0,Not Verified
STU0402,Java,1.0,98.0,0.0,0.0,0.0,0.0,0.0,0.0,0,Not Verified
STU0402,JavaScript,0.0,0.0,0.0,0.0,0.0,0.0,0.0,0.0,0,Not Verified
STU0402,React,0.0,0.0,0.0,0.0,0.0,0.0,0.0,0.0,0,Not Verified
STU0402,Node.js,0.0,0.0,0.0,0.0,0.0,0.0,0.0,0.0,0,Not Verified
STU0402,SQL,0.0,0.0,1.0,28.0,1.0,0.0,0.0,0.0,0,Not Verified
STU0402,Machine Learning,0.0,0.0,2.0,126.0,3.0,0.0,0.0,0.0,0,Not Verified
STU0402,Data Science,1.0,93.0,3.0,154.0,2.3333333333333335,0.0,0.0,0.0,0,Not Verified
STU0402,FastAPI,0.0,0.0,0.0,0.0,0.0,0.0,0.0,0.0,0,Not Verified
STU0402,Git,0.0,0.0,0.0,0.0,0.0,0.0,0.0,0.0,0,Not Verified
STU0402,Docker,0.0,0.0,0.0,0.0,0.0,0.0,0.0,0.0,0,Not Verified
STU0402,C++,1.0,56.0,0.0,0.0,0.0,0.0,0.0,0.0,0,Not Verified
STU0402,HTML/CSS,0.0,0.0,0.0,0.0,0.0,0.0,0.0,0.0,0,Not Verified
STU0402,MongoDB,0.0,0.0,0.0,0.0,0.0,0.0,0.0,0.0,0,Not Verified
STU0402,Firebase,1.0,79.0,0.0,0.0,0.0,0.0,0.0,0.0,0,Not Verified
STU0403,Python,0.0,0.0,1.0,78.0,2.0,0.0,0.0,0.0,0,Not Verified
STU0403,Java,1.0,87.0,1.0,141.0,3.0,0.0,0.0,0.0,0,Not Verified
STU0403,JavaScript,1.0,73.0,0.0,0.0,0.0,1.0,81.9,81.9,1,Intermediate
STU0403,React,1.0,89.0,0.0,0.0,0.0,0.0,0.0,0.0,0,Not Verified
STU0403,Node.js,1.0,97.0,0.0,0.0,0.0,1.0,80.5,80.5,1,Intermediate
STU0403,SQL,1.0,67.0,2.0,219.0,2.5,0.0,0.0,0.0,0,Not Verified
STU0403,Machine Learning,1.0,76.0,0.0,0.0,0.0,1.0,80.9,80.9,1,Intermediate
STU0403,Data Science,1.0,89.0,1.0,78.0,2.0,0.0,0.0,0.0,0,Not Verified
STU0403,FastAPI,0.0,0.0,0.0,0.0,0.0,0.0,0.0,0.0,0,Not Verified
STU0403,Git,1.0,86.0,0.0,0.0,0.0,1.0,70.1,70.1,1,Intermediate
STU0403,Docker,1.0,71.0,0.0,0.0,0.0,0.0,0.0,0.0,0,Not Verified
STU0403,C++,1.0,86.0,0.0,0.0,0.0,0.0,0.0,0.0,0,Not Verified
STU0403,HTML/CSS,0.0,0.0,0.0,0.0,0.0,0.0,0.0,0.0,0,Not Verified
STU0403,MongoDB,0.0,0.0,0.0,0.0,0.0,2.0,68.65,68.65,1,Beginner
STU0403,Firebase,0.0,0.0,0.0,0.0,0.0,0.0,0.0,0.0,0,Not Verified
STU0404,Python,1.0,79.0,0.0,0.0,0.0,0.0,0.0,0.0,0,Not Verified
STU0404,Java,1.0,57.0,1.0,11.0,1.0,0.0,0.0,0.0,0,Not Verified
STU0404,JavaScript,0.0,0.0,0.0,0.0,0.0,1.0,66.3,66.3,1,Beginner
STU0404,React,0.0,0.0,0.0,0.0,0.0,0.0,0.0,0.0,0,Not Verified
STU0404,Node.js,0.0,0.0,0.0,0.0,0.0,1.0,73.4,73.4,1,Intermediate
STU0404,SQL,1.0,97.0,1.0,11.0,1.0,1.0,66.7,66.7,1,Beginner
STU0404,Machine Learning,1.0,57.0,0.0,0.0,0.0,1.0,81.2,81.2,1,Intermediate
STU0404,Data Science,1.0,90.0,0.0,0.0,0.0,1.0,75.0,75.0,1,Intermediate
STU0404,FastAPI,0.0,0.0,0.0,0.0,0.0,0.0,0.0,0.0,0,Not Verified
STU0404,Git,1.0,74.0,0.0,0.0,0.0,1.0,79.8,79.8,1,Intermediate
STU0404,Docker,0.0,0.0,0.0,0.0,0.0,1.0,65.7,65.7,1,Beginner
STU0404,C++,1.0,66.0,0.0,0.0,0.0,2.0,58.400000000000006,58.400000000000006,1,Beginner
STU0404,HTML/CSS,1.0,83.0,0.0,0.0,0.0,0.0,0.0,0.0,0,Not Verified
STU0404,MongoDB,0.0,0.0,0.0,0.0,0.0,1.0,55.8,55.8,1,Beginner
STU0404,Firebase,1.0,84.0,0.0,0.0,0.0,0.0,0.0,0.0,0,Not Verified
STU0405,Python,0.0,0.0,1.0,55.0,1.0,0.0,0.0,0.0,0,Not Verified
STU0405,Java,1.0,85.0,2.0,127.0,2.0,0.0,0.0,0.0,0,Not Verified
STU0405,JavaScript,1.0,86.0,0.0,0.0,0.0,1.0,91.2,91.2,1,Advanced
STU0405,React,0.0,0.0,0.0,0.0,0.0,0.0,0.0,0.0,0,Not Verified
STU0405,Node.js,1.0,89.0,0.0,0.0,0.0,1.0,68.8,68.8,1,Beginner
STU0405,SQL,1.0,65.0,2.0,127.0,2.0,0.0,0.0,0.0,0,Not Verified
STU0405,Machine Learning,1.0,90.0,1.0,55.0,1.0,2.0,80.1,80.1,1,Intermediate
STU0405,Data Science,1.0,97.0,0.0,0.0,0.0,0.0,0.0,0.0,0,Not Verified
STU0405,FastAPI,0.0,0.0,1.0,55.0,1.0,0.0,0.0,0.0,0,Not Verified
STU0405,Git,0.0,0.0,0.0,0.0,0.0,0.0,0.0,0.0,0,Not Verified
STU0405,Docker,1.0,90.0,0.0,0.0,0.0,0.0,0.0,0.0,0,Not Verified
STU0405,C++,0.0,0.0,0.0,0.0,0.0,0.0,0.0,0.0,0,Not Verified
STU0405,HTML/CSS,1.0,91.0,0.0,0.0,0.0,0.0,0.0,0.0,0,Not Verified
STU0405,MongoDB,1.0,85.0,0.0,0.0,0.0,0.0,0.0,0.0,0,Not Verified
STU0405,Firebase,1.0,98.0,0.0,0.0,0.0,0.0,0.0,0.0,0,Not Verified
STU0406,Python,1.0,58.0,2.0,187.0,3.0,1.0,67.5,67.5,1,Beginner
STU0406,Java,0.0,0.0,0.0,0.0,0.0,0.0,0.0,0.0,0,Not Verified
STU0406,JavaScript,1.0,56.0,0.0,0.0,0.0,0.0,0.0,0.0,0,Not Verified
STU0406,React,0.0,0.0,0.0,0.0,0.0,0.0,0.0,0.0,0,Not Verified
STU0406,Node.js,1.0,92.0,0.0,0.0,0.0,1.0,68.3,68.3,1,Beginner
STU0406,SQL,1.0,77.0,0.0,0.0,0.0,0.0,0.0,0.0,0,Not Verified
STU0406,Machine Learning,1.0,56.0,2.0,187.0,3.0,1.0,52.7,52.7,1,Beginner
STU0406,Data Science,1.0,57.0,0.0,0.0,0.0,0.0,0.0,0.0,0,Not Verified
STU0406,FastAPI,0.0,0.0,2.0,187.0,3.0,0.0,0.0,0.0,0,Not Verified
STU0406,Git,1.0,63.0,0.0,0.0,0.0,0.0,0.0,0.0,0,Not Verified
STU0406,Docker,0.0,0.0,0.0,0.0,0.0,1.0,82.6,82.6,1,Intermediate
STU0406,C++,0.0,0.0,0.0,0.0,0.0,2.0,74.65,74.65,1,Intermediate
STU0406,HTML/CSS,1.0,92.0,0.0,0.0,0.0,0.0,0.0,0.0,0,Not Verified
STU0406,MongoDB,1.0,78.0,0.0,0.0,0.0,1.0,80.1,80.1,1,Intermediate
STU0406,Firebase,0.0,0.0,0.0,0.0,0.0,0.0,0.0,0.0,0,Not Verified
STU0407,Python,1.0,74.0,2.0,129.0,3.0,0.0,0.0,0.0,0,Not Verified
STU0407,Java,1.0,70.0,0.0,0.0,0.0,0.0,0.0,0.0,0,Not Verified
STU0407,JavaScript,0.0,0.0,0.0,0.0,0.0,0.0,0.0,0.0,0,Not Verified
STU0407,React,0.0,0.0,1.0,106.0,3.0,1.0,75.6,75.6,1,Intermediate
STU0407,Node.js,0.0,0.0,1.0,106.0,3.0,0.0,0.0,0.0,0,Not Verified
STU0407,SQL,1.0,70.0,1.0,82.0,3.0,0.0,0.0,0.0,0,Not Verified
STU0407,Machine Learning,1.0,70.0,1.0,47.0,3.0,0.0,0.0,0.0,0,Not Verified
STU0407,Data Science,1.0,62.0,2.0,129.0,3.0,0.0,0.0,0.0,0,Not Verified
STU0407,FastAPI,0.0,0.0,0.0,0.0,0.0,0.0,0.0,0.0,0,Not Verified
STU0407,Git,1.0,59.0,0.0,0.0,0.0,1.0,73.6,73.6,1,Intermediate
STU0407,Docker,1.0,92.0,0.0,0.0,0.0,0.0,0.0,0.0,0,Not Verified
STU0407,C++,1.0,60.0,0.0,0.0,0.0,0.0,0.0,0.0,0,Not Verified
STU0407,HTML/CSS,0.0,0.0,0.0,0.0,0.0,0.0,0.0,0.0,0,Not Verified
STU0407,MongoDB,1.0,96.0,1.0,106.0,3.0,0.0,0.0,0.0,0,Not Verified
STU0407,Firebase,1.0,74.0,0.0,0.0,0.0,1.0,51.2,51.2,1,Beginner
STU0408,Python,1.0,87.0,3.0,220.0,2.3333333333333335,1.0,60.0,60.0,1,Beginner
STU0408,Java,0.0,0.0,0.0,0.0,0.0,0.0,0.0,0.0,0,Not Verified
STU0408,JavaScript,1.0,91.0,0.0,0.0,0.0,0.0,0.0,0.0,0,Not Verified
STU0408,React,0.0,0.0,1.0,135.0,2.0,0.0,0.0,0.0,0,Not Verified
STU0408,Node.js,0.0,0.0,1.0,135.0,2.0,0.0,0.0,0.0,0,Not Verified
STU0408,SQL,1.0,72.0,1.0,49.0,2.0,0.0,0.0,0.0,0,Not Verified
STU0408,Machine Learning,1.0,92.0,2.0,171.0,2.5,0.0,0.0,0.0,0,Not Verified
STU0408,Data Science,1.0,85.0,1.0,49.0,2.0,0.0,0.0,0.0,0,Not Verified
STU0408,FastAPI,1.0,81.0,1.0,23.0,3.0,0.0,0.0,0.0,0,Not Verified
STU0408,Git,0.0,0.0,0.0,0.0,0.0,0.0,0.0,0.0,0,Not Verified
STU0408,Docker,0.0,0.0,0.0,0.0,0.0,0.0,0.0,0.0,0,Not Verified
STU0408,C++,0.0,0.0,0.0,0.0,0.0,0.0,0.0,0.0,0,Not Verified
STU0408,HTML/CSS,0.0,0.0,0.0,0.0,0.0,0.0,0.0,0.0,0,Not Verified
STU0408,MongoDB,1.0,56.0,1.0,135.0,2.0,0.0,0.0,0.0,0,Not Verified
STU0408,Firebase,0.0,0.0,0.0,0.0,0.0,0.0,0.0,0.0,0,Not Verified
STU0409,Python,0.0,0.0,2.0,176.0,2.5,0.0,0.0,0.0,0,Not Verified
STU0409,Java,0.0,0.0,0.0,0.0,0.0,0.0,0.0,0.0,0,Not Verified
STU0409,JavaScript,0.0,0.0,0.0,0.0,0.0,0.0,0.0,0.0,0,Not Verified
STU0409,React,0.0,0.0,0.0,0.0,0.0,1.0,68.9,68.9,1,Beginner
STU0409,Node.js,0.0,0.0,0.0,0.0,0.0,1.0,83.7,83.7,1,Intermediate
STU0409,SQL,1.0,91.0,0.0,0.0,0.0,1.0,73.4,73.4,1,Intermediate
STU0409,Machine Learning,1.0,61.0,2.0,176.0,2.5,1.0,66.8,66.8,1,Beginner
STU0409,Data Science,0.0,0.0,0.0,0.0,0.0,0.0,0.0,0.0,0,Not Verified
STU0409,FastAPI,0.0,0.0,2.0,176.0,2.5,0.0,0.0,0.0,0,Not Verified
STU0409,Git,1.0,86.0,0.0,0.0,0.0,0.0,0.0,0.0,0,Not Verified
STU0409,Docker,0.0,0.0,0.0,0.0,0.0,0.0,0.0,0.0,0,Not Verified
STU0409,C++,0.0,0.0,0.0,0.0,0.0,0.0,0.0,0.0,0,Not Verified
STU0409,HTML/CSS,0.0,0.0,0.0,0.0,0.0,2.0,66.75,66.75,1,Beginner
STU0409,MongoDB,1.0,61.0,0.0,0.0,0.0,0.0,0.0,0.0,0,Not Verified
STU0409,Firebase,1.0,98.0,0.0,0.0,0.0,0.0,0.0,0.0,0,Not Verified
STU0410,Python,0.0,0.0,2.0,41.0,3.0,1.0,81.5,81.5,1,Intermediate
STU0410,Java,0.0,0.0,0.0,0.0,0.0,1.0,69.4,69.4,1,Intermediate
STU0410,JavaScript,1.0,86.0,0.0,0.0,0.0,0.0,0.0,0.0,0,Not Verified
STU0410,React,0.0,0.0,1.0,21.0,1.0,0.0,0.0,0.0,0,Not Verified
STU0410,Node.js,0.0,0.0,0.0,0.0,0.0,1.0,67.3,67.3,1,Beginner
STU0410,SQL,1.0,94.0,0.0,0.0,0.0,0.0,0.0,0.0,0,Not Verified
STU0410,Machine Learning,0.0,0.0,2.0,41.0,3.0,0.0,0.0,0.0,0,Not Verified
STU0410,Data Science,1.0,74.0,0.0,0.0,0.0,1.0,65.6,65.6,1,Beginner
STU0410,FastAPI,1.0,78.0,1.0,26.0,3.0,0.0,0.0,0.0,0,Not Verified
STU0410,Git,0.0,0.0,0.0,0.0,0.0,0.0,0.0,0.0,0,Not Verified
STU0410,Docker,1.0,82.0,0.0,0.0,0.0,0.0,0.0,0.0,0,Not Verified
STU0410,C++,0.0,0.0,0.0,0.0,0.0,0.0,0.0,0.0,0,Not Verified
STU0410,HTML/CSS,0.0,0.0,0.0,0.0,0.0,0.0,0.0,0.0,0,Not Verified
STU0410,MongoDB,0.0,0.0,0.0,0.0,0.0,0.0,0.0,0.0,0,Not Verified
STU0410,Firebase,1.0,67.0,1.0,21.0,1.0,0.0,0.0,0.0,0,Not Verified
STU0411,Python,1.0,76.0,1.0,106.0,2.0,0.0,0.0,0.0,0,Not Verified
STU0411,Java,1.0,94.0,1.0,105.0,3.0,0.0,0.0,0.0,0,Not Verified
STU0411,JavaScript,1.0,72.0,0.0,0.0,0.0,1.0,69.6,69.6,1,Intermediate
STU0411,React,1.0,92.0,0.0,0.0,0.0,0.0,0.0,0.0,0,Not Verified
STU0411,Node.js,1.0,61.0,0.0,0.0,0.0,2.0,66.55,66.55,1,Beginner
STU0411,SQL,0.0,0.0,1.0,105.0,3.0,0.0,0.0,0.0,0,Not Verified
STU0411,Machine Learning,0.0,0.0,1.0,106.0,2.0,0.0,0.0,0.0,0,Not Verified
STU0411,Data Science,0.0,0.0,0.0,0.0,0.0,0.0,0.0,0.0,0,Not Verified
STU0411,FastAPI,1.0,60.0,0.0,0.0,0.0,0.0,0.0,0.0,0,Not Verified
STU0411,Git,1.0,92.0,0.0,0.0,0.0,0.0,0.0,0.0,0,Not Verified
STU0411,Docker,0.0,0.0,0.0,0.0,0.0,0.0,0.0,0.0,0,Not Verified
STU0411,C++,1.0,59.0,0.0,0.0,0.0,0.0,0.0,0.0,0,Not Verified
STU0411,HTML/CSS,1.0,69.0,0.0,0.0,0.0,0.0,0.0,0.0,0,Not Verified
STU0411,MongoDB,1.0,80.0,0.0,0.0,0.0,0.0,0.0,0.0,0,Not Verified
STU0411,Firebase,0.0,0.0,0.0,0.0,0.0,1.0,76.9,76.9,1,Intermediate
STU0412,Python,0.0,0.0,1.0,54.0,1.0,0.0,0.0,0.0,0,Not Verified
STU0412,Java,1.0,81.0,0.0,0.0,0.0,0.0,0.0,0.0,0,Not Verified
STU0412,JavaScript,0.0,0.0,2.0,64.0,1.5,1.0,66.8,66.8,1,Beginner
STU0412,React,1.0,75.0,1.0,24.0,1.0,1.0,76.0,76.0,1,Intermediate
STU0412,Node.js,1.0,80.0,1.0,24.0,1.0,0.0,0.0,0.0,0,Not Verified
STU0412,SQL,1.0,67.0,1.0,24.0,1.0,2.0,75.55000000000001,75.55000000000001,1,Intermediate
STU0412,Machine Learning,1.0,89.0,1.0,54.0,1.0,0.0,0.0,0.0,0,Not Verified
STU0412,Data Science,1.0,97.0,0.0,0.0,0.0,0.0,0.0,0.0,0,Not Verified
STU0412,FastAPI,1.0,82.0,0.0,0.0,0.0,0.0,0.0,0.0,0,Not Verified
STU0412,Git,0.0,0.0,0.0,0.0,0.0,0.0,0.0,0.0,0,Not Verified
STU0412,Docker,0.0,0.0,0.0,0.0,0.0,0.0,0.0,0.0,0,Not Verified
STU0412,C++,0.0,0.0,0.0,0.0,0.0,0.0,0.0,0.0,0,Not Verified
STU0412,HTML/CSS,1.0,74.0,1.0,40.0,2.0,0.0,0.0,0.0,0,Not Verified
STU0412,MongoDB,0.0,0.0,0.0,0.0,0.0,0.0,0.0,0.0,0,Not Verified
STU0412,Firebase,1.0,71.0,0.0,0.0,0.0,0.0,0.0,0.0,0,Not Verified
STU0413,Python,1.0,95.0,1.0,5.0,2.0,1.0,62.2,62.2,1,Beginner
STU0413,Java,0.0,0.0,0.0,0.0,0.0,0.0,0.0,0.0,0,Not Verified
STU0413,JavaScript,1.0,72.0,0.0,0.0,0.0,0.0,0.0,0.0,0,Not Verified
STU0413,React,0.0,0.0,1.0,42.0,2.0,0.0,0.0,0.0,0,Not Verified
STU0413,Node.js,1.0,82.0,1.0,42.0,2.0,1.0,78.1,78.1,1,Intermediate
STU0413,SQL,0.0,0.0,0.0,0.0,0.0,0.0,0.0,0.0,0,Not Verified
STU0413,Machine Learning,0.0,0.0,1.0,5.0,2.0,0.0,0.0,0.0,0,Not Verified
STU0413,Data Science,1.0,68.0,0.0,0.0,0.0,0.0,0.0,0.0,0,Not Verified
STU0413,FastAPI,1.0,86.0,1.0,5.0,2.0,0.0,0.0,0.0,0,Not Verified
STU0413,Git,0.0,0.0,0.0,0.0,0.0,0.0,0.0,0.0,0,Not Verified
STU0413,Docker,1.0,97.0,0.0,0.0,0.0,0.0,0.0,0.0,0,Not Verified
STU0413,C++,1.0,89.0,0.0,0.0,0.0,0.0,0.0,0.0,0,Not Verified
STU0413,HTML/CSS,1.0,94.0,0.0,0.0,0.0,0.0,0.0,0.0,0,Not Verified
STU0413,MongoDB,0.0,0.0,1.0,42.0,2.0,0.0,0.0,0.0,0,Not Verified
STU0413,Firebase,1.0,84.0,0.0,0.0,0.0,0.0,0.0,0.0,0,Not Verified
STU0414,Python,1.0,74.0,1.0,60.0,3.0,0.0,0.0,0.0,0,Not Verified
STU0414,Java,1.0,68.0,0.0,0.0,0.0,0.0,0.0,0.0,0,Not Verified
STU0414,JavaScript,1.0,95.0,0.0,0.0,0.0,0.0,0.0,0.0,0,Not Verified
STU0414,React,1.0,81.0,0.0,0.0,0.0,0.0,0.0,0.0,0,Not Verified
STU0414,Node.js,0.0,0.0,0.0,0.0,0.0,0.0,0.0,0.0,0,Not Verified
STU0414,SQL,1.0,75.0,0.0,0.0,0.0,0.0,0.0,0.0,0,Not Verified
STU0414,Machine Learning,0.0,0.0,1.0,60.0,3.0,0.0,0.0,0.0,0,Not Verified
STU0414,Data Science,1.0,59.0,0.0,0.0,0.0,0.0,0.0,0.0,0,Not Verified
STU0414,FastAPI,1.0,82.0,0.0,0.0,0.0,0.0,0.0,0.0,0,Not Verified
STU0414,Git,0.0,0.0,0.0,0.0,0.0,0.0,0.0,0.0,0,Not Verified
STU0414,Docker,1.0,98.0,0.0,0.0,0.0,0.0,0.0,0.0,0,Not Verified
STU0414,C++,1.0,64.0,0.0,0.0,0.0,0.0,0.0,0.0,0,Not Verified
STU0414,HTML/CSS,0.0,0.0,0.0,0.0,0.0,0.0,0.0,0.0,0,Not Verified
STU0414,MongoDB,0.0,0.0,0.0,0.0,0.0,0.0,0.0,0.0,0,Not Verified
STU0414,Firebase,0.0,0.0,0.0,0.0,0.0,1.0,58.3,58.3,1,Beginner
STU0415,Python,0.0,0.0,2.0,56.0,1.0,0.0,0.0,0.0,0,Not Verified
STU0415,Java,0.0,0.0,0.0,0.0,0.0,0.0,0.0,0.0,0,Not Verified
STU0415,JavaScript,1.0,56.0,0.0,0.0,0.0,0.0,0.0,0.0,0,Not Verified
STU0415,React,1.0,74.0,0.0,0.0,0.0,0.0,0.0,0.0,0,Not Verified
STU0415,Node.js,1.0,70.0,0.0,0.0,0.0,1.0,65.5,65.5,1,Beginner
STU0415,SQL,0.0,0.0,0.0,0.0,0.0,0.0,0.0,0.0,0,Not Verified
STU0415,Machine Learning,1.0,84.0,2.0,56.0,1.0,0.0,0.0,0.0,0,Not Verified
STU0415,Data Science,0.0,0.0,1.0,27.0,1.0,0.0,0.0,0.0,0,Not Verified
STU0415,FastAPI,0.0,0.0,1.0,29.0,1.0,0.0,0.0,0.0,0,Not Verified
STU0415,Git,0.0,0.0,0.0,0.0,0.0,0.0,0.0,0.0,0,Not Verified
STU0415,Docker,1.0,67.0,0.0,0.0,0.0,0.0,0.0,0.0,0,Not Verified
STU0415,C++,0.0,0.0,0.0,0.0,0.0,0.0,0.0,0.0,0,Not Verified
STU0415,HTML/CSS,1.0,70.0,0.0,0.0,0.0,0.0,0.0,0.0,0,Not Verified
STU0415,MongoDB,1.0,62.0,0.0,0.0,0.0,0.0,0.0,0.0,0,Not Verified
STU0415,Firebase,1.0,64.0,0.0,0.0,0.0,0.0,0.0,0.0,0,Not Verified
STU0416,Python,1.0,97.0,1.0,58.0,3.0,0.0,0.0,0.0,0,Not Verified
STU0416,Java,0.0,0.0,0.0,0.0,0.0,0.0,0.0,0.0,0,Not Verified
STU0416,JavaScript,1.0,66.0,0.0,0.0,0.0,0.0,0.0,0.0,0,Not Verified
STU0416,React,1.0,90.0,2.0,144.0,1.5,1.0,68.4,68.4,1,Beginner
STU0416,Node.js,1.0,96.0,2.0,144.0,1.5,0.0,0.0,0.0,0,Not Verified
STU0416,SQL,0.0,0.0,0.0,0.0,0.0,1.0,64.7,64.7,1,Beginner
STU0416,Machine Learning,1.0,56.0,1.0,58.0,3.0,0.0,0.0,0.0,0,Not Verified
STU0416,Data Science,0.0,0.0,0.0,0.0,0.0,0.0,0.0,0.0,0,Not Verified
STU0416,FastAPI,1.0,63.0,1.0,58.0,3.0,0.0,0.0,0.0,0,Not Verified
STU0416,Git,0.0,0.0,0.0,0.0,0.0,0.0,0.0,0.0,0,Not Verified
STU0416,Docker,1.0,72.0,0.0,0.0,0.0,0.0,0.0,0.0,0,Not Verified
STU0416,C++,0.0,0.0,0.0,0.0,0.0,0.0,0.0,0.0,0,Not Verified
STU0416,HTML/CSS,0.0,0.0,0.0,0.0,0.0,0.0,0.0,0.0,0,Not Verified
STU0416,MongoDB,1.0,71.0,2.0,144.0,1.5,0.0,0.0,0.0,0,Not Verified
STU0416,Firebase,0.0,0.0,0.0,0.0,0.0,0.0,0.0,0.0,0,Not Verified
STU0417,Python,1.0,74.0,1.0,55.0,2.0,0.0,0.0,0.0,0,Not Verified
STU0417,Java,0.0,0.0,1.0,12.0,2.0,0.0,0.0,0.0,0,Not Verified
STU0417,JavaScript,0.0,0.0,0.0,0.0,0.0,0.0,0.0,0.0,0,Not Verified
STU0417,React,0.0,0.0,2.0,168.0,2.5,0.0,0.0,0.0,0,Not Verified
STU0417,Node.js,0.0,0.0,2.0,168.0,2.5,0.0,0.0,0.0,0,Not Verified
STU0417,SQL,0.0,0.0,1.0,12.0,2.0,0.0,0.0,0.0,0,Not Verified
STU0417,Machine Learning,0.0,0.0,1.0,55.0,2.0,0.0,0.0,0.0,0,Not Verified
STU0417,Data Science,1.0,75.0,0.0,0.0,0.0,1.0,58.2,58.2,1,Beginner
STU0417,FastAPI,0.0,0.0,0.0,0.0,0.0,1.0,77.3,77.3,1,Intermediate
STU0417,Git,0.0,0.0,0.0,0.0,0.0,0.0,0.0,0.0,0,Not Verified
STU0417,Docker,0.0,0.0,0.0,0.0,0.0,0.0,0.0,0.0,0,Not Verified
STU0417,C++,1.0,60.0,0.0,0.0,0.0,0.0,0.0,0.0,0,Not Verified
STU0417,HTML/CSS,1.0,93.0,0.0,0.0,0.0,0.0,0.0,0.0,0,Not Verified
STU0417,MongoDB,0.0,0.0,2.0,168.0,2.5,0.0,0.0,0.0,0,Not Verified
STU0417,Firebase,1.0,59.0,0.0,0.0,0.0,0.0,0.0,0.0,0,Not Verified
STU0418,Python,0.0,0.0,2.0,82.0,2.0,0.0,0.0,0.0,0,Not Verified
STU0418,Java,1.0,88.0,1.0,89.0,1.0,0.0,0.0,0.0,0,Not Verified
STU0418,JavaScript,1.0,92.0,0.0,0.0,0.0,0.0,0.0,0.0,0,Not Verified
STU0418,React,1.0,88.0,0.0,0.0,0.0,1.0,63.6,63.6,1,Beginner
STU0418,Node.js,0.0,0.0,0.0,0.0,0.0,0.0,0.0,0.0,0,Not Verified
STU0418,SQL,1.0,91.0,1.0,89.0,1.0,0.0,0.0,0.0,0,Not Verified
STU0418,Machine Learning,1.0,97.0,1.0,53.0,1.0,1.0,71.4,71.4,1,Intermediate
STU0418,Data Science,0.0,0.0,1.0,53.0,1.0,0.0,0.0,0.0,0,Not Verified
STU0418,FastAPI,0.0,0.0,0.0,0.0,0.0,0.0,0.0,0.0,0,Not Verified
STU0418,Git,0.0,0.0,0.0,0.0,0.0,1.0,82.7,82.7,1,Intermediate
STU0418,Docker,1.0,87.0,0.0,0.0,0.0,1.0,68.5,68.5,1,Beginner
STU0418,C++,0.0,0.0,0.0,0.0,0.0,0.0,0.0,0.0,0,Not Verified
STU0418,HTML/CSS,1.0,62.0,0.0,0.0,0.0,0.0,0.0,0.0,0,Not Verified
STU0418,MongoDB,0.0,0.0,0.0,0.0,0.0,0.0,0.0,0.0,0,Not Verified
STU0418,Firebase,1.0,62.0,1.0,29.0,3.0,0.0,0.0,0.0,0,Not Verified
STU0419,Python,0.0,0.0,1.0,107.0,3.0,0.0,0.0,0.0,0,Not Verified
STU0419,Java,1.0,79.0,0.0,0.0,0.0,0.0,0.0,0.0,0,Not Verified
STU0419,JavaScript,0.0,0.0,0.0,0.0,0.0,0.0,0.0,0.0,0,Not Verified
STU0419,React,1.0,70.0,2.0,46.0,1.5,0.0,0.0,0.0,0,Not Verified
STU0419,Node.js,0.0,0.0,2.0,46.0,1.5,0.0,0.0,0.0,0,Not Verified
STU0419,SQL,1.0,64.0,1.0,107.0,3.0,0.0,0.0,0.0,0,Not Verified
STU0419,Machine Learning,0.0,0.0,0.0,0.0,0.0,0.0,0.0,0.0,0,Not Verified
STU0419,Data Science,1.0,92.0,1.0,107.0,3.0,0.0,0.0,0.0,0,Not Verified
STU0419,FastAPI,0.0,0.0,0.0,0.0,0.0,0.0,0.0,0.0,0,Not Verified
STU0419,Git,1.0,82.0,0.0,0.0,0.0,0.0,0.0,0.0,0,Not Verified
STU0419,Docker,0.0,0.0,0.0,0.0,0.0,0.0,0.0,0.0,0,Not Verified
STU0419,C++,1.0,61.0,0.0,0.0,0.0,0.0,0.0,0.0,0,Not Verified
STU0419,HTML/CSS,0.0,0.0,0.0,0.0,0.0,0.0,0.0,0.0,0,Not Verified
STU0419,MongoDB,1.0,68.0,2.0,46.0,1.5,0.0,0.0,0.0,0,Not Verified
STU0419,Firebase,0.0,0.0,0.0,0.0,0.0,0.0,0.0,0.0,0,Not Verified
STU0420,Python,0.0,0.0,1.0,105.0,1.0,0.0,0.0,0.0,0,Not Verified
STU0420,Java,0.0,0.0,1.0,113.0,1.0,0.0,0.0,0.0,0,Not Verified
STU0420,JavaScript,0.0,0.0,0.0,0.0,0.0,0.0,0.0,0.0,0,Not Verified
STU0420,React,1.0,58.0,0.0,0.0,0.0,0.0,0.0,0.0,0,Not Verified
STU0420,Node.js,1.0,86.0,0.0,0.0,0.0,0.0,0.0,0.0,0,Not Verified
STU0420,SQL,0.0,0.0,1.0,113.0,1.0,0.0,0.0,0.0,0,Not Verified
STU0420,Machine Learning,1.0,78.0,1.0,105.0,1.0,1.0,58.1,58.1,1,Beginner
STU0420,Data Science,1.0,89.0,0.0,0.0,0.0,0.0,0.0,0.0,0,Not Verified
STU0420,FastAPI,0.0,0.0,1.0,105.0,1.0,0.0,0.0,0.0,0,Not Verified
STU0420,Git,1.0,75.0,0.0,0.0,0.0,0.0,0.0,0.0,0,Not Verified
STU0420,Docker,0.0,0.0,0.0,0.0,0.0,0.0,0.0,0.0,0,Not Verified
STU0420,C++,0.0,0.0,0.0,0.0,0.0,1.0,72.3,72.3,1,Intermediate
STU0420,HTML/CSS,0.0,0.0,0.0,0.0,0.0,0.0,0.0,0.0,0,Not Verified
STU0420,MongoDB,1.0,62.0,0.0,0.0,0.0,0.0,0.0,0.0,0,Not Verified
STU0420,Firebase,0.0,0.0,0.0,0.0,0.0,0.0,0.0,0.0,0,Not Verified
STU0421,Python,0.0,0.0,0.0,0.0,0.0,0.0,0.0,0.0,0,Not Verified
STU0421,Java,0.0,0.0,0.0,0.0,0.0,0.0,0.0,0.0,0,Not Verified
STU0421,JavaScript,1.0,57.0,0.0,0.0,0.0,0.0,0.0,0.0,0,Not Verified
STU0421,React,1.0,96.0,0.0,0.0,0.0,0.0,0.0,0.0,0,Not Verified
STU0421,Node.js,1.0,93.0,0.0,0.0,0.0,0.0,0.0,0.0,0,Not Verified
STU0421,SQL,1.0,97.0,0.0,0.0,0.0,0.0,0.0,0.0,0,Not Verified
STU0421,Machine Learning,1.0,78.0,0.0,0.0,0.0,1.0,55.6,55.6,1,Beginner
STU0421,Data Science,1.0,74.0,0.0,0.0,0.0,0.0,0.0,0.0,0,Not Verified
STU0421,FastAPI,1.0,97.0,0.0,0.0,0.0,0.0,0.0,0.0,0,Not Verified
STU0421,Git,0.0,0.0,0.0,0.0,0.0,0.0,0.0,0.0,0,Not Verified
STU0421,Docker,1.0,56.0,0.0,0.0,0.0,1.0,50.0,50.0,1,Beginner
STU0421,C++,0.0,0.0,0.0,0.0,0.0,0.0,0.0,0.0,0,Not Verified
STU0421,HTML/CSS,0.0,0.0,0.0,0.0,0.0,0.0,0.0,0.0,0,Not Verified
STU0421,MongoDB,1.0,58.0,0.0,0.0,0.0,0.0,0.0,0.0,0,Not Verified
STU0421,Firebase,0.0,0.0,0.0,0.0,0.0,0.0,0.0,0.0,0,Not Verified
STU0422,Python,0.0,0.0,3.0,253.0,1.6666666666666667,0.0,0.0,0.0,0,Not Verified
STU0422,Java,0.0,0.0,0.0,0.0,0.0,0.0,0.0,0.0,0,Not Verified
STU0422,JavaScript,0.0,0.0,0.0,0.0,0.0,1.0,76.4,76.4,1,Intermediate
STU0422,React,0.0,0.0,0.0,0.0,0.0,0.0,0.0,0.0,0,Not Verified
STU0422,Node.js,1.0,98.0,0.0,0.0,0.0,0.0,0.0,0.0,0,Not Verified
STU0422,SQL,1.0,79.0,0.0,0.0,0.0,0.0,0.0,0.0,0,Not Verified
STU0422,Machine Learning,1.0,89.0,3.0,253.0,1.6666666666666667,0.0,0.0,0.0,0,Not Verified
STU0422,Data Science,0.0,0.0,0.0,0.0,0.0,0.0,0.0,0.0,0,Not Verified
STU0422,FastAPI,1.0,62.0,2.0,145.0,1.0,1.0,66.9,66.9,1,Beginner
STU0422,Git,0.0,0.0,0.0,0.0,0.0,1.0,88.8,88.8,1,Advanced
STU0422,Docker,1.0,83.0,0.0,0.0,0.0,0.0,0.0,0.0,0,Not Verified
STU0422,C++,0.0,0.0,0.0,0.0,0.0,0.0,0.0,0.0,0,Not Verified
STU0422,HTML/CSS,0.0,0.0,0.0,0.0,0.0,0.0,0.0,0.0,0,Not Verified
STU0422,MongoDB,0.0,0.0,0.0,0.0,0.0,0.0,0.0,0.0,0,Not Verified
STU0422,Firebase,1.0,70.0,0.0,0.0,0.0,0.0,0.0,0.0,0,Not Verified
STU0423,Python,0.0,0.0,1.0,144.0,1.0,0.0,0.0,0.0,0,Not Verified
STU0423,Java,1.0,83.0,0.0,0.0,0.0,0.0,0.0,0.0,0,Not Verified
STU0423,JavaScript,0.0,0.0,0.0,0.0,0.0,0.0,0.0,0.0,0,Not Verified
STU0423,React,0.0,0.0,0.0,0.0,0.0,0.0,0.0,0.0,0,Not Verified
STU0423,Node.js,1.0,68.0,0.0,0.0,0.0,1.0,72.7,72.7,1,Intermediate
STU0423,SQL,0.0,0.0,0.0,0.0,0.0,1.0,63.3,63.3,1,Beginner
STU0423,Machine Learning,1.0,74.0,1.0,144.0,1.0,0.0,0.0,0.0,0,Not Verified
STU0423,Data Science,0.0,0.0,0.0,0.0,0.0,1.0,65.3,65.3,1,Beginner
STU0423,FastAPI,0.0,0.0,1.0,144.0,1.0,0.0,0.0,0.0,0,Not Verified
STU0423,Git,0.0,0.0,0.0,0.0,0.0,0.0,0.0,0.0,0,Not Verified
STU0423,Docker,0.0,0.0,0.0,0.0,0.0,0.0,0.0,0.0,0,Not Verified
STU0423,C++,0.0,0.0,0.0,0.0,0.0,1.0,72.6,72.6,1,Intermediate
STU0423,HTML/CSS,1.0,65.0,0.0,0.0,0.0,2.0,76.45,76.45,1,Intermediate
STU0423,MongoDB,0.0,0.0,0.0,0.0,0.0,0.0,0.0,0.0,0,Not Verified
STU0423,Firebase,1.0,70.0,0.0,0.0,0.0,0.0,0.0,0.0,0,Not Verified
STU0424,Python,1.0,65.0,0.0,0.0,0.0,0.0,0.0,0.0,0,Not Verified
STU0424,Java,1.0,87.0,0.0,0.0,0.0,0.0,0.0,0.0,0,Not Verified
STU0424,JavaScript,0.0,0.0,0.0,0.0,0.0,1.0,82.8,82.8,1,Intermediate
STU0424,React,1.0,77.0,1.0,62.0,1.0,1.0,62.9,62.9,1,Beginner
STU0424,Node.js,1.0,71.0,1.0,62.0,1.0,0.0,0.0,0.0,0,Not Verified
STU0424,SQL,1.0,85.0,0.0,0.0,0.0,0.0,0.0,0.0,0,Not Verified
STU0424,Machine Learning,1.0,61.0,0.0,0.0,0.0,0.0,0.0,0.0,0,Not Verified
STU0424,Data Science,0.0,0.0,0.0,0.0,0.0,0.0,0.0,0.0,0,Not Verified
STU0424,FastAPI,0.0,0.0,0.0,0.0,0.0,0.0,0.0,0.0,0,Not Verified
STU0424,Git,0.0,0.0,0.0,0.0,0.0,0.0,0.0,0.0,0,Not Verified
STU0424,Docker,1.0,82.0,0.0,0.0,0.0,0.0,0.0,0.0,0,Not Verified
STU0424,C++,1.0,59.0,0.0,0.0,0.0,0.0,0.0,0.0,0,Not Verified
STU0424,HTML/CSS,1.0,81.0,0.0,0.0,0.0,1.0,60.8,60.8,1,Beginner
STU0424,MongoDB,1.0,76.0,1.0,62.0,1.0,0.0,0.0,0.0,0,Not Verified
STU0424,Firebase,0.0,0.0,0.0,0.0,0.0,1.0,60.9,60.9,1,Beginner
STU0425,Python,1.0,63.0,1.0,82.0,2.0,1.0,56.7,56.7,1,Beginner
STU0425,Java,0.0,0.0,0.0,0.0,0.0,0.0,0.0,0.0,0,Not Verified
STU0425,JavaScript,0.0,0.0,0.0,0.0,0.0,0.0,0.0,0.0,0,Not Verified
STU0425,React,0.0,0.0,1.0,63.0,1.0,1.0,94.4,94.4,1,Advanced
STU0425,Node.js,0.0,0.0,1.0,63.0,1.0,0.0,0.0,0.0,0,Not Verified
STU0425,SQL,1.0,83.0,0.0,0.0,0.0,0.0,0.0,0.0,0,Not Verified
STU0425,Machine Learning,0.0,0.0,1.0,82.0,2.0,0.0,0.0,0.0,0,Not Verified
STU0425,Data Science,1.0,96.0,1.0,82.0,2.0,0.0,0.0,0.0,0,Not Verified
STU0425,FastAPI,1.0,66.0,0.0,0.0,0.0,1.0,92.2,92.2,1,Advanced
STU0425,Git,1.0,96.0,0.0,0.0,0.0,1.0,70.8,70.8,1,Intermediate
STU0425,Docker,0.0,0.0,0.0,0.0,0.0,0.0,0.0,0.0,0,Not Verified
STU0425,C++,1.0,96.0,0.0,0.0,0.0,0.0,0.0,0.0,0,Not Verified
STU0425,HTML/CSS,1.0,55.0,0.0,0.0,0.0,0.0,0.0,0.0,0,Not Verified
STU0425,MongoDB,1.0,95.0,1.0,63.0,1.0,0.0,0.0,0.0,0,Not Verified
STU0425,Firebase,0.0,0.0,0.0,0.0,0.0,1.0,67.8,67.8,1,Beginner
STU0426,Python,0.0,0.0,0.0,0.0,0.0,0.0,0.0,0.0,0,Not Verified
STU0426,Java,1.0,98.0,0.0,0.0,0.0,1.0,87.1,87.1,1,Advanced
STU0426,JavaScript,1.0,75.0,1.0,29.0,2.0,0.0,0.0,0.0,0,Not Verified
STU0426,React,1.0,70.0,0.0,0.0,0.0,0.0,0.0,0.0,0,Not Verified
STU0426,Node.js,1.0,96.0,0.0,0.0,0.0,1.0,84.7,84.7,1,Advanced
STU0426,SQL,1.0,63.0,0.0,0.0,0.0,1.0,70.2,70.2,1,Intermediate
STU0426,Machine Learning,0.0,0.0,0.0,0.0,0.0,0.0,0.0,0.0,0,Not Verified
STU0426,Data Science,0.0,0.0,0.0,0.0,0.0,0.0,0.0,0.0,0,Not Verified
STU0426,FastAPI,0.0,0.0,0.0,0.0,0.0,0.0,0.0,0.0,0,Not Verified
STU0426,Git,1.0,93.0,0.0,0.0,0.0,0.0,0.0,0.0,0,Not Verified
STU0426,Docker,1.0,88.0,0.0,0.0,0.0,1.0,53.4,53.4,1,Beginner
STU0426,C++,0.0,0.0,0.0,0.0,0.0,0.0,0.0,0.0,0,Not Verified
STU0426,HTML/CSS,0.0,0.0,1.0,29.0,2.0,0.0,0.0,0.0,0,Not Verified
STU0426,MongoDB,1.0,81.0,0.0,0.0,0.0,0.0,0.0,0.0,0,Not Verified
STU0426,Firebase,0.0,0.0,0.0,0.0,0.0,0.0,0.0,0.0,0,Not Verified
STU0427,Python,0.0,0.0,2.0,135.0,1.5,1.0,61.3,61.3,1,Beginner
STU0427,Java,0.0,0.0,0.0,0.0,0.0,0.0,0.0,0.0,0,Not Verified
STU0427,JavaScript,1.0,78.0,0.0,0.0,0.0,0.0,0.0,0.0,0,Not Verified
STU0427,React,0.0,0.0,0.0,0.0,0.0,0.0,0.0,0.0,0,Not Verified
STU0427,Node.js,1.0,66.0,0.0,0.0,0.0,0.0,0.0,0.0,0,Not Verified
STU0427,SQL,1.0,79.0,0.0,0.0,0.0,0.0,0.0,0.0,0,Not Verified
STU0427,Machine Learning,0.0,0.0,2.0,135.0,1.5,0.0,0.0,0.0,0,Not Verified
STU0427,Data Science,1.0,67.0,0.0,0.0,0.0,1.0,67.4,67.4,1,Beginner
STU0427,FastAPI,0.0,0.0,1.0,48.0,1.0,0.0,0.0,0.0,0,Not Verified
STU0427,Git,0.0,0.0,0.0,0.0,0.0,0.0,0.0,0.0,0,Not Verified
STU0427,Docker,1.0,91.0,0.0,0.0,0.0,0.0,0.0,0.0,0,Not Verified
STU0427,C++,1.0,81.0,0.0,0.0,0.0,0.0,0.0,0.0,0,Not Verified
STU0427,HTML/CSS,1.0,80.0,0.0,0.0,0.0,0.0,0.0,0.0,0,Not Verified
STU0427,MongoDB,1.0,60.0,0.0,0.0,0.0,0.0,0.0,0.0,0,Not Verified
STU0427,Firebase,0.0,0.0,0.0,0.0,0.0,1.0,72.2,72.2,1,Intermediate
STU0428,Python,1.0,60.0,1.0,62.0,2.0,0.0,0.0,0.0,0,Not Verified
STU0428,Java,0.0,0.0,1.0,67.0,1.0,0.0,0.0,0.0,0,Not Verified
STU0428,JavaScript,0.0,0.0,0.0,0.0,0.0,1.0,83.5,83.5,1,Intermediate
STU0428,React,1.0,58.0,0.0,0.0,0.0,0.0,0.0,0.0,0,Not Verified
STU0428,Node.js,0.0,0.0,0.0,0.0,0.0,0.0,0.0,0.0,0,Not Verified
STU0428,SQL,0.0,0.0,1.0,67.0,1.0,0.0,0.0,0.0,0,Not Verified
STU0428,Machine Learning,0.0,0.0,1.0,62.0,2.0,0.0,0.0,0.0,0,Not Verified
STU0428,Data Science,0.0,0.0,0.0,0.0,0.0,0.0,0.0,0.0,0,Not Verified
STU0428,FastAPI,1.0,67.0,0.0,0.0,0.0,0.0,0.0,0.0,0,Not Verified
STU0428,Git,1.0,65.0,0.0,0.0,0.0,2.0,69.15,69.15,1,Intermediate
STU0428,Docker,1.0,71.0,0.0,0.0,0.0,0.0,0.0,0.0,0,Not Verified
STU0428,C++,0.0,0.0,0.0,0.0,0.0,0.0,0.0,0.0,0,Not Verified
STU0428,HTML/CSS,0.0,0.0,0.0,0.0,0.0,1.0,85.9,85.9,1,Advanced
STU0428,MongoDB,0.0,0.0,0.0,0.0,0.0,1.0,85.6,85.6,1,Advanced
STU0428,Firebase,1.0,84.0,0.0,0.0,0.0,0.0,0.0,0.0,0,Not Verified
STU0429,Python,0.0,0.0,2.0,197.0,2.5,0.0,0.0,0.0,0,Not Verified
STU0429,Java,1.0,84.0,0.0,0.0,0.0,0.0,0.0,0.0,0,Not Verified
STU0429,JavaScript,1.0,82.0,0.0,0.0,0.0,0.0,0.0,0.0,0,Not Verified
STU0429,React,0.0,0.0,0.0,0.0,0.0,1.0,66.9,66.9,1,Beginner
STU0429,Node.js,1.0,88.0,1.0,7.0,1.0,0.0,0.0,0.0,0,Not Verified
STU0429,SQL,1.0,98.0,1.0,121.0,3.0,0.0,0.0,0.0,0,Not Verified
STU0429,Machine Learning,1.0,62.0,1.0,76.0,2.0,0.0,0.0,0.0,0,Not Verified
STU0429,Data Science,0.0,0.0,1.0,121.0,3.0,0.0,0.0,0.0,0,Not Verified
STU0429,FastAPI,0.0,0.0,1.0,76.0,2.0,0.0,0.0,0.0,0,Not Verified
STU0429,Git,1.0,91.0,1.0,7.0,1.0,0.0,0.0,0.0,0,Not Verified
STU0429,Docker,1.0,86.0,1.0,7.0,1.0,1.0,60.8,60.8,1,Beginner
STU0429,C++,0.0,0.0,0.0,0.0,0.0,0.0,0.0,0.0,0,Not Verified
STU0429,HTML/CSS,0.0,0.0,0.0,0.0,0.0,1.0,59.6,59.6,1,Beginner
STU0429,MongoDB,0.0,0.0,0.0,0.0,0.0,1.0,81.8,81.8,1,Intermediate
STU0429,Firebase,1.0,55.0,0.0,0.0,0.0,0.0,0.0,0.0,0,Not Verified
STU0430,Python,0.0,0.0,1.0,19.0,3.0,1.0,84.6,84.6,1,Advanced
STU0430,Java,0.0,0.0,1.0,18.0,2.0,0.0,0.0,0.0,0,Not Verified
STU0430,JavaScript,0.0,0.0,0.0,0.0,0.0,0.0,0.0,0.0,0,Not Verified
STU0430,React,1.0,73.0,0.0,0.0,0.0,0.0,0.0,0.0,0,Not Verified
STU0430,Node.js,1.0,82.0,0.0,0.0,0.0,0.0,0.0,0.0,0,Not Verified
STU0430,SQL,0.0,0.0,1.0,18.0,2.0,0.0,0.0,0.0,0,Not Verified
STU0430,Machine Learning,0.0,0.0,1.0,19.0,3.0,0.0,0.0,0.0,0,Not Verified
STU0430,Data Science,0.0,0.0,0.0,0.0,0.0,0.0,0.0,0.0,0,Not Verified
STU0430,FastAPI,0.0,0.0,1.0,19.0,3.0,0.0,0.0,0.0,0,Not Verified
STU0430,Git,0.0,0.0,0.0,0.0,0.0,0.0,0.0,0.0,0,Not Verified
STU0430,Docker,0.0,0.0,0.0,0.0,0.0,1.0,83.1,83.1,1,Intermediate
STU0430,C++,1.0,86.0,0.0,0.0,0.0,0.0,0.0,0.0,0,Not Verified
STU0430,HTML/CSS,1.0,63.0,0.0,0.0,0.0,0.0,0.0,0.0,0,Not Verified
STU0430,MongoDB,0.0,0.0,0.0,0.0,0.0,0.0,0.0,0.0,0,Not Verified
STU0430,Firebase,1.0,79.0,0.0,0.0,0.0,0.0,0.0,0.0,0,Not Verified
STU0431,Python,0.0,0.0,1.0,71.0,2.0,0.0,0.0,0.0,0,Not Verified
STU0431,Java,0.0,0.0,0.0,0.0,0.0,0.0,0.0,0.0,0,Not Verified
STU0431,JavaScript,0.0,0.0,0.0,0.0,0.0,0.0,0.0,0.0,0,Not Verified
STU0431,React,1.0,66.0,0.0,0.0,0.0,0.0,0.0,0.0,0,Not Verified
STU0431,Node.js,1.0,81.0,0.0,0.0,0.0,0.0,0.0,0.0,0,Not Verified
STU0431,SQL,0.0,0.0,1.0,71.0,2.0,0.0,0.0,0.0,0,Not Verified
STU0431,Machine Learning,0.0,0.0,0.0,0.0,0.0,0.0,0.0,0.0,0,Not Verified
STU0431,Data Science,0.0,0.0,1.0,71.0,2.0,0.0,0.0,0.0,0,Not Verified
STU0431,FastAPI,0.0,0.0,0.0,0.0,0.0,1.0,67.6,67.6,1,Beginner
STU0431,Git,1.0,81.0,0.0,0.0,0.0,0.0,0.0,0.0,0,Not Verified
STU0431,Docker,1.0,56.0,0.0,0.0,0.0,0.0,0.0,0.0,0,Not Verified
STU0431,C++,1.0,64.0,0.0,0.0,0.0,0.0,0.0,0.0,0,Not Verified
STU0431,HTML/CSS,0.0,0.0,0.0,0.0,0.0,1.0,72.4,72.4,1,Intermediate
STU0431,MongoDB,1.0,73.0,0.0,0.0,0.0,0.0,0.0,0.0,0,Not Verified
STU0431,Firebase,0.0,0.0,0.0,0.0,0.0,0.0,0.0,0.0,0,Not Verified
STU0432,Python,0.0,0.0,0.0,0.0,0.0,0.0,0.0,0.0,0,Not Verified
STU0432,Java,0.0,0.0,0.0,0.0,0.0,1.0,56.5,56.5,1,Beginner
STU0432,JavaScript,0.0,0.0,0.0,0.0,0.0,0.0,0.0,0.0,0,Not Verified
STU0432,React,1.0,60.0,0.0,0.0,0.0,1.0,83.1,83.1,1,Intermediate
STU0432,Node.js,0.0,0.0,0.0,0.0,0.0,0.0,0.0,0.0,0,Not Verified
STU0432,SQL,1.0,75.0,0.0,0.0,0.0,0.0,0.0,0.0,0,Not Verified
STU0432,Machine Learning,0.0,0.0,0.0,0.0,0.0,1.0,57.5,57.5,1,Beginner
STU0432,Data Science,1.0,85.0,0.0,0.0,0.0,0.0,0.0,0.0,0,Not Verified
STU0432,FastAPI,0.0,0.0,0.0,0.0,0.0,0.0,0.0,0.0,0,Not Verified
STU0432,Git,1.0,55.0,0.0,0.0,0.0,1.0,51.0,51.0,1,Beginner
STU0432,Docker,0.0,0.0,0.0,0.0,0.0,1.0,75.4,75.4,1,Intermediate
STU0432,C++,0.0,0.0,0.0,0.0,0.0,2.0,74.45,74.45,1,Intermediate
STU0432,HTML/CSS,1.0,98.0,0.0,0.0,0.0,0.0,0.0,0.0,0,Not Verified
STU0432,MongoDB,1.0,80.0,0.0,0.0,0.0,0.0,0.0,0.0,0,Not Verified
STU0432,Firebase,1.0,63.0,0.0,0.0,0.0,0.0,0.0,0.0,0,Not Verified
STU0433,Python,0.0,0.0,1.0,105.0,2.0,0.0,0.0,0.0,0,Not Verified
STU0433,Java,0.0,0.0,0.0,0.0,0.0,0.0,0.0,0.0,0,Not Verified
STU0433,JavaScript,0.0,0.0,0.0,0.0,0.0,1.0,67.3,67.3,1,Beginner
STU0433,React,0.0,0.0,1.0,100.0,3.0,1.0,91.8,91.8,1,Advanced
STU0433,Node.js,1.0,76.0,0.0,0.0,0.0,1.0,71.7,71.7,1,Intermediate
STU0433,SQL,0.0,0.0,0.0,0.0,0.0,0.0,0.0,0.0,0,Not Verified
STU0433,Machine Learning,1.0,61.0,1.0,105.0,2.0,0.0,0.0,0.0,0,Not Verified
STU0433,Data Science,0.0,0.0,0.0,0.0,0.0,0.0,0.0,0.0,0,Not Verified
STU0433,FastAPI,0.0,0.0,0.0,0.0,0.0,0.0,0.0,0.0,0,Not Verified
STU0433,Git,1.0,58.0,0.0,0.0,0.0,0.0,0.0,0.0,0,Not Verified
STU0433,Docker,0.0,0.0,0.0,0.0,0.0,1.0,71.4,71.4,1,Intermediate
STU0433,C++,1.0,59.0,0.0,0.0,0.0,1.0,59.9,59.9,1,Beginner
STU0433,HTML/CSS,0.0,0.0,0.0,0.0,0.0,0.0,0.0,0.0,0,Not Verified
STU0433,MongoDB,1.0,58.0,0.0,0.0,0.0,1.0,65.1,65.1,1,Beginner
STU0433,Firebase,1.0,90.0,1.0,100.0,3.0,0.0,0.0,0.0,0,Not Verified
STU0434,Python,1.0,74.0,0.0,0.0,0.0,1.0,85.9,85.9,1,Advanced
STU0434,Java,0.0,0.0,1.0,124.0,3.0,0.0,0.0,0.0,0,Not Verified
STU0434,JavaScript,0.0,0.0,0.0,0.0,0.0,0.0,0.0,0.0,0,Not Verified
STU0434,React,0.0,0.0,2.0,166.0,2.5,0.0,0.0,0.0,0,Not Verified
STU0434,Node.js,0.0,0.0,3.0,271.0,2.6666666666666665,0.0,0.0,0.0,0,Not Verified
STU0434,SQL,1.0,71.0,1.0,124.0,3.0,0.0,0.0,0.0,0,Not Verified
STU0434,Machine Learning,0.0,0.0,0.0,0.0,0.0,0.0,0.0,0.0,0,Not Verified
STU0434,Data Science,1.0,55.0,0.0,0.0,0.0,0.0,0.0,0.0,0,Not Verified
STU0434,FastAPI,0.0,0.0,0.0,0.0,0.0,2.0,80.5,80.5,1,Intermediate
STU0434,Git,1.0,87.0,1.0,105.0,3.0,0.0,0.0,0.0,0,Not Verified
STU0434,Docker,1.0,94.0,1.0,105.0,3.0,0.0,0.0,0.0,0,Not Verified
STU0434,C++,0.0,0.0,0.0,0.0,0.0,0.0,0.0,0.0,0,Not Verified
STU0434,HTML/CSS,1.0,79.0,0.0,0.0,0.0,0.0,0.0,0.0,0,Not Verified
STU0434,MongoDB,0.0,0.0,2.0,166.0,2.5,0.0,0.0,0.0,0,Not Verified
STU0434,Firebase,0.0,0.0,0.0,0.0,0.0,0.0,0.0,0.0,0,Not Verified
STU0435,Python,1.0,84.0,0.0,0.0,0.0,0.0,0.0,0.0,0,Not Verified
STU0435,Java,0.0,0.0,1.0,80.0,1.0,0.0,0.0,0.0,0,Not Verified
STU0435,JavaScript,1.0,86.0,0.0,0.0,0.0,0.0,0.0,0.0,0,Not Verified
STU0435,React,0.0,0.0,0.0,0.0,0.0,0.0,0.0,0.0,0,Not Verified
STU0435,Node.js,1.0,75.0,0.0,0.0,0.0,0.0,0.0,0.0,0,Not Verified
STU0435,SQL,1.0,87.0,1.0,80.0,1.0,0.0,0.0,0.0,0,Not Verified
STU0435,Machine Learning,0.0,0.0,0.0,0.0,0.0,1.0,71.0,71.0,1,Intermediate
STU0435,Data Science,0.0,0.0,0.0,0.0,0.0,0.0,0.0,0.0,0,Not Verified
STU0435,FastAPI,1.0,76.0,0.0,0.0,0.0,0.0,0.0,0.0,0,Not Verified
STU0435,Git,1.0,63.0,0.0,0.0,0.0,0.0,0.0,0.0,0,Not Verified
STU0435,Docker,1.0,65.0,0.0,0.0,0.0,0.0,0.0,0.0,0,Not Verified
STU0435,C++,0.0,0.0,0.0,0.0,0.0,0.0,0.0,0.0,0,Not Verified
STU0435,HTML/CSS,1.0,60.0,0.0,0.0,0.0,0.0,0.0,0.0,0,Not Verified
STU0435,MongoDB,0.0,0.0,0.0,0.0,0.0,0.0,0.0,0.0,0,Not Verified
STU0435,Firebase,0.0,0.0,0.0,0.0,0.0,0.0,0.0,0.0,0,Not Verified
STU0436,Python,1.0,88.0,1.0,26.0,3.0,0.0,0.0,0.0,0,Not Verified
STU0436,Java,1.0,94.0,0.0,0.0,0.0,0.0,0.0,0.0,0,Not Verified
STU0436,JavaScript,1.0,73.0,0.0,0.0,0.0,0.0,0.0,0.0,0,Not Verified
STU0436,React,1.0,82.0,0.0,0.0,0.0,0.0,0.0,0.0,0,Not Verified
STU0436,Node.js,1.0,71.0,0.0,0.0,0.0,0.0,0.0,0.0,0,Not Verified
STU0436,SQL,1.0,71.0,0.0,0.0,0.0,1.0,56.5,56.5,1,Beginner
STU0436,Machine Learning,1.0,82.0,1.0,26.0,3.0,0.0,0.0,0.0,0,Not Verified
STU0436,Data Science,1.0,65.0,1.0,26.0,3.0,0.0,0.0,0.0,0,Not Verified
STU0436,FastAPI,1.0,78.0,0.0,0.0,0.0,0.0,0.0,0.0,0,Not Verified
STU0436,Git,0.0,0.0,0.0,0.0,0.0,0.0,0.0,0.0,0,Not Verified
STU0436,Docker,0.0,0.0,0.0,0.0,0.0,0.0,0.0,0.0,0,Not Verified
STU0436,C++,0.0,0.0,0.0,0.0,0.0,0.0,0.0,0.0,0,Not Verified
STU0436,HTML/CSS,1.0,75.0,0.0,0.0,0.0,0.0,0.0,0.0,0,Not Verified
STU0436,MongoDB,0.0,0.0,0.0,0.0,0.0,0.0,0.0,0.0,0,Not Verified
STU0436,Firebase,0.0,0.0,0.0,0.0,0.0,0.0,0.0,0.0,0,Not Verified
STU0437,Python,1.0,85.0,1.0,90.0,3.0,0.0,0.0,0.0,0,Not Verified
STU0437,Java,0.0,0.0,1.0,88.0,2.0,0.0,0.0,0.0,0,Not Verified
STU0437,JavaScript,1.0,69.0,1.0,101.0,3.0,1.0,79.7,79.7,1,Intermediate
STU0437,React,0.0,0.0,1.0,101.0,3.0,0.0,0.0,0.0,0,Not Verified
STU0437,Node.js,0.0,0.0,1.0,101.0,3.0,0.0,0.0,0.0,0,Not Verified
STU0437,SQL,0.0,0.0,3.0,279.0,2.6666666666666665,0.0,0.0,0.0,0,Not Verified
STU0437,Machine Learning,0.0,0.0,0.0,0.0,0.0,0.0,0.0,0.0,0,Not Verified
STU0437,Data Science,1.0,64.0,1.0,90.0,3.0,0.0,0.0,0.0,0,Not Verified
STU0437,FastAPI,1.0,66.0,0.0,0.0,0.0,0.0,0.0,0.0,0,Not Verified
STU0437,Git,0.0,0.0,0.0,0.0,0.0,0.0,0.0,0.0,0,Not Verified
STU0437,Docker,0.0,0.0,0.0,0.0,0.0,0.0,0.0,0.0,0,Not Verified
STU0437,C++,1.0,67.0,0.0,0.0,0.0,0.0,0.0,0.0,0,Not Verified
STU0437,HTML/CSS,1.0,58.0,0.0,0.0,0.0,0.0,0.0,0.0,0,Not Verified
STU0437,MongoDB,1.0,57.0,0.0,0.0,0.0,1.0,54.3,54.3,1,Beginner
STU0437,Firebase,0.0,0.0,0.0,0.0,0.0,0.0,0.0,0.0,0,Not Verified
STU0438,Python,1.0,62.0,1.0,7.0,2.0,0.0,0.0,0.0,0,Not Verified
STU0438,Java,1.0,84.0,0.0,0.0,0.0,0.0,0.0,0.0,0,Not Verified
STU0438,JavaScript,1.0,83.0,0.0,0.0,0.0,0.0,0.0,0.0,0,Not Verified
STU0438,React,0.0,0.0,1.0,58.0,3.0,0.0,0.0,0.0,0,Not Verified
STU0438,Node.js,0.0,0.0,1.0,58.0,3.0,0.0,0.0,0.0,0,Not Verified
STU0438,SQL,0.0,0.0,0.0,0.0,0.0,0.0,0.0,0.0,0,Not Verified
STU0438,Machine Learning,1.0,86.0,1.0,7.0,2.0,1.0,72.6,72.6,1,Intermediate
STU0438,Data Science,1.0,90.0,1.0,7.0,2.0,2.0,82.75,82.75,1,Intermediate
STU0438,FastAPI,0.0,0.0,0.0,0.0,0.0,1.0,61.7,61.7,1,Beginner
STU0438,Git,0.0,0.0,0.0,0.0,0.0,0.0,0.0,0.0,0,Not Verified
STU0438,Docker,0.0,0.0,0.0,0.0,0.0,0.0,0.0,0.0,0,Not Verified
STU0438,C++,1.0,77.0,0.0,0.0,0.0,0.0,0.0,0.0,0,Not Verified
STU0438,HTML/CSS,1.0,86.0,0.0,0.0,0.0,0.0,0.0,0.0,0,Not Verified
STU0438,MongoDB,0.0,0.0,1.0,58.0,3.0,0.0,0.0,0.0,0,Not Verified
STU0438,Firebase,0.0,0.0,0.0,0.0,0.0,0.0,0.0,0.0,0,Not Verified
STU0439,Python,0.0,0.0,1.0,81.0,1.0,0.0,0.0,0.0,0,Not Verified
STU0439,Java,1.0,91.0,0.0,0.0,0.0,1.0,54.0,54.0,1,Beginner
STU0439,JavaScript,1.0,72.0,0.0,0.0,0.0,0.0,0.0,0.0,0,Not Verified
STU0439,React,1.0,68.0,1.0,117.0,3.0,0.0,0.0,0.0,0,Not Verified
STU0439,Node.js,1.0,92.0,0.0,0.0,0.0,1.0,83.5,83.5,1,Intermediate
STU0439,SQL,1.0,97.0,0.0,0.0,0.0,0.0,0.0,0.0,0,Not Verified
STU0439,Machine Learning,1.0,88.0,0.0,0.0,0.0,0.0,0.0,0.0,0,Not Verified
STU0439,Data Science,0.0,0.0,0.0,0.0,0.0,0.0,0.0,0.0,0,Not Verified
STU0439,FastAPI,0.0,0.0,0.0,0.0,0.0,0.0,0.0,0.0,0,Not Verified
STU0439,Git,0.0,0.0,0.0,0.0,0.0,0.0,0.0,0.0,0,Not Verified
STU0439,Docker,1.0,91.0,0.0,0.0,0.0,0.0,0.0,0.0,0,Not Verified
STU0439,C++,0.0,0.0,0.0,0.0,0.0,0.0,0.0,0.0,0,Not Verified
STU0439,HTML/CSS,1.0,92.0,0.0,0.0,0.0,0.0,0.0,0.0,0,Not Verified
STU0439,MongoDB,1.0,87.0,0.0,0.0,0.0,0.0,0.0,0.0,0,Not Verified
STU0439,Firebase,1.0,55.0,2.0,198.0,2.0,1.0,93.1,93.1,1,Advanced
STU0440,Python,0.0,0.0,0.0,0.0,0.0,1.0,82.0,82.0,1,Intermediate
STU0440,Java,1.0,56.0,1.0,63.0,1.0,0.0,0.0,0.0,0,Not Verified
STU0440,JavaScript,0.0,0.0,0.0,0.0,0.0,0.0,0.0,0.0,0,Not Verified
STU0440,React,1.0,73.0,0.0,0.0,0.0,0.0,0.0,0.0,0,Not Verified
STU0440,Node.js,0.0,0.0,0.0,0.0,0.0,0.0,0.0,0.0,0,Not Verified
STU0440,SQL,0.0,0.0,1.0,63.0,1.0,0.0,0.0,0.0,0,Not Verified
STU0440,Machine Learning,1.0,76.0,0.0,0.0,0.0,0.0,0.0,0.0,0,Not Verified
STU0440,Data Science,1.0,98.0,0.0,0.0,0.0,0.0,0.0,0.0,0,Not Verified
STU0440,FastAPI,0.0,0.0,0.0,0.0,0.0,0.0,0.0,0.0,0,Not Verified
STU0440,Git,0.0,0.0,0.0,0.0,0.0,0.0,0.0,0.0,0,Not Verified
STU0440,Docker,1.0,98.0,0.0,0.0,0.0,0.0,0.0,0.0,0,Not Verified
STU0440,C++,0.0,0.0,0.0,0.0,0.0,0.0,0.0,0.0,0,Not Verified
STU0440,HTML/CSS,0.0,0.0,0.0,0.0,0.0,0.0,0.0,0.0,0,Not Verified
STU0440,MongoDB,1.0,62.0,0.0,0.0,0.0,0.0,0.0,0.0,0,Not Verified
STU0440,Firebase,0.0,0.0,0.0,0.0,0.0,0.0,0.0,0.0,0,Not Verified
STU0441,Python,1.0,93.0,0.0,0.0,0.0,0.0,0.0,0.0,0,Not Verified
STU0441,Java,1.0,84.0,0.0,0.0,0.0,0.0,0.0,0.0,0,Not Verified
STU0441,JavaScript,1.0,72.0,0.0,0.0,0.0,0.0,0.0,0.0,0,Not Verified
STU0441,React,0.0,0.0,0.0,0.0,0.0,0.0,0.0,0.0,0,Not Verified
STU0441,Node.js,0.0,0.0,0.0,0.0,0.0,1.0,80.4,80.4,1,Intermediate
STU0441,SQL,1.0,97.0,0.0,0.0,0.0,0.0,0.0,0.0,0,Not Verified
STU0441,Machine Learning,0.0,0.0,0.0,0.0,0.0,0.0,0.0,0.0,0,Not Verified
STU0441,Data Science,1.0,55.0,0.0,0.0,0.0,0.0,0.0,0.0,0,Not Verified
STU0441,FastAPI,0.0,0.0,0.0,0.0,0.0,0.0,0.0,0.0,0,Not Verified
STU0441,Git,1.0,85.0,0.0,0.0,0.0,0.0,0.0,0.0,0,Not Verified
STU0441,Docker,0.0,0.0,0.0,0.0,0.0,0.0,0.0,0.0,0,Not Verified
STU0441,C++,0.0,0.0,0.0,0.0,0.0,0.0,0.0,0.0,0,Not Verified
STU0441,HTML/CSS,1.0,97.0,0.0,0.0,0.0,2.0,54.85,54.85,1,Beginner
STU0441,MongoDB,0.0,0.0,0.0,0.0,0.0,0.0,0.0,0.0,0,Not Verified
STU0441,Firebase,1.0,95.0,0.0,0.0,0.0,0.0,0.0,0.0,0,Not Verified
STU0442,Python,1.0,68.0,0.0,0.0,0.0,0.0,0.0,0.0,0,Not Verified
STU0442,Java,0.0,0.0,0.0,0.0,0.0,0.0,0.0,0.0,0,Not Verified
STU0442,JavaScript,1.0,59.0,0.0,0.0,0.0,0.0,0.0,0.0,0,Not Verified
STU0442,React,0.0,0.0,1.0,6.0,2.0,1.0,90.8,90.8,1,Advanced
STU0442,Node.js,0.0,0.0,1.0,42.0,1.0,0.0,0.0,0.0,0,Not Verified
STU0442,SQL,1.0,75.0,0.0,0.0,0.0,0.0,0.0,0.0,0,Not Verified
STU0442,Machine Learning,0.0,0.0,0.0,0.0,0.0,0.0,0.0,0.0,0,Not Verified
STU0442,Data Science,1.0,73.0,0.0,0.0,0.0,0.0,0.0,0.0,0,Not Verified
STU0442,FastAPI,0.0,0.0,0.0,0.0,0.0,0.0,0.0,0.0,0,Not Verified
STU0442,Git,1.0,96.0,1.0,42.0,1.0,0.0,0.0,0.0,0,Not Verified
STU0442,Docker,1.0,58.0,1.0,42.0,1.0,1.0,70.0,70.0,1,Intermediate
STU0442,C++,0.0,0.0,0.0,0.0,0.0,0.0,0.0,0.0,0,Not Verified
STU0442,HTML/CSS,1.0,58.0,0.0,0.0,0.0,0.0,0.0,0.0,0,Not Verified
STU0442,MongoDB,0.0,0.0,0.0,0.0,0.0,0.0,0.0,0.0,0,Not Verified
STU0442,Firebase,0.0,0.0,1.0,6.0,2.0,0.0,0.0,0.0,0,Not Verified
STU0443,Python,1.0,64.0,1.0,122.0,3.0,0.0,0.0,0.0,0,Not Verified
STU0443,Java,1.0,65.0,1.0,75.0,2.0,0.0,0.0,0.0,0,Not Verified
STU0443,JavaScript,1.0,73.0,1.0,52.0,2.0,0.0,0.0,0.0,0,Not Verified
STU0443,React,1.0,96.0,2.0,166.0,2.0,0.0,0.0,0.0,0,Not Verified
STU0443,Node.js,1.0,80.0,2.0,166.0,2.0,0.0,0.0,0.0,0,Not Verified
STU0443,SQL,0.0,0.0,3.0,249.0,2.3333333333333335,1.0,57.2,57.2,1,Beginner
STU0443,Machine Learning,1.0,68.0,0.0,0.0,0.0,0.0,0.0,0.0,0,Not Verified
STU0443,Data Science,0.0,0.0,1.0,122.0,3.0,0.0,0.0,0.0,0,Not Verified
STU0443,FastAPI,0.0,0.0,0.0,0.0,0.0,1.0,66.0,66.0,1,Beginner
STU0443,Git,1.0,56.0,0.0,0.0,0.0,1.0,69.0,69.0,1,Beginner
STU0443,Docker,0.0,0.0,0.0,0.0,0.0,0.0,0.0,0.0,0,Not Verified
STU0443,C++,1.0,96.0,0.0,0.0,0.0,0.0,0.0,0.0,0,Not Verified
STU0443,HTML/CSS,0.0,0.0,0.0,0.0,0.0,0.0,0.0,0.0,0,Not Verified
STU0443,MongoDB,1.0,79.0,1.0,114.0,2.0,0.0,0.0,0.0,0,Not Verified
STU0443,Firebase,0.0,0.0,0.0,0.0,0.0,0.0,0.0,0.0,0,Not Verified
STU0444,Python,0.0,0.0,0.0,0.0,0.0,0.0,0.0,0.0,0,Not Verified
STU0444,Java,0.0,0.0,1.0,32.0,2.0,0.0,0.0,0.0,0,Not Verified
STU0444,JavaScript,0.0,0.0,1.0,113.0,1.0,1.0,71.3,71.3,1,Intermediate
STU0444,React,0.0,0.0,0.0,0.0,0.0,0.0,0.0,0.0,0,Not Verified
STU0444,Node.js,1.0,98.0,0.0,0.0,0.0,0.0,0.0,0.0,0,Not Verified
STU0444,SQL,0.0,0.0,1.0,32.0,2.0,0.0,0.0,0.0,0,Not Verified
STU0444,Machine Learning,1.0,77.0,0.0,0.0,0.0,0.0,0.0,0.0,0,Not Verified
STU0444,Data Science,1.0,93.0,0.0,0.0,0.0,1.0,87.8,87.8,1,Advanced
STU0444,FastAPI,0.0,0.0,0.0,0.0,0.0,0.0,0.0,0.0,0,Not Verified
STU0444,Git,0.0,0.0,0.0,0.0,0.0,0.0,0.0,0.0,0,Not Verified
STU0444,Docker,0.0,0.0,0.0,0.0,0.0,0.0,0.0,0.0,0,Not Verified
STU0444,C++,0.0,0.0,0.0,0.0,0.0,0.0,0.0,0.0,0,Not Verified
STU0444,HTML/CSS,1.0,63.0,1.0,113.0,1.0,0.0,0.0,0.0,0,Not Verified
STU0444,MongoDB,0.0,0.0,0.0,0.0,0.0,1.0,76.1,76.1,1,Intermediate
STU0444,Firebase,1.0,97.0,0.0,0.0,0.0,1.0,62.7,62.7,1,Beginner
STU0445,Python,0.0,0.0,5.0,386.0,1.8,0.0,0.0,0.0,0,Not Verified
STU0445,Java,0.0,0.0,0.0,0.0,0.0,0.0,0.0,0.0,0,Not Verified
STU0445,JavaScript,0.0,0.0,0.0,0.0,0.0,0.0,0.0,0.0,0,Not Verified
STU0445,React,1.0,72.0,0.0,0.0,0.0,0.0,0.0,0.0,0,Not Verified
STU0445,Node.js,0.0,0.0,0.0,0.0,0.0,0.0,0.0,0.0,0,Not Verified
STU0445,SQL,1.0,79.0,0.0,0.0,0.0,0.0,0.0,0.0,0,Not Verified
STU0445,Machine Learning,0.0,0.0,5.0,386.0,1.8,1.0,78.4,78.4,1,Intermediate
STU0445,Data Science,1.0,91.0,1.0,132.0,2.0,0.0,0.0,0.0,0,Not Verified
STU0445,FastAPI,1.0,85.0,4.0,254.0,1.75,0.0,0.0,0.0,0,Not Verified
STU0445,Git,0.0,0.0,0.0,0.0,0.0,0.0,0.0,0.0,0,Not Verified
STU0445,Docker,0.0,0.0,0.0,0.0,0.0,0.0,0.0,0.0,0,Not Verified
STU0445,C++,0.0,0.0,0.0,0.0,0.0,1.0,60.4,60.4,1,Beginner
STU0445,HTML/CSS,0.0,0.0,0.0,0.0,0.0,0.0,0.0,0.0,0,Not Verified
STU0445,MongoDB,1.0,83.0,0.0,0.0,0.0,0.0,0.0,0.0,0,Not Verified
STU0445,Firebase,0.0,0.0,0.0,0.0,0.0,0.0,0.0,0.0,0,Not Verified
STU0446,Python,0.0,0.0,2.0,212.0,2.0,0.0,0.0,0.0,0,Not Verified
STU0446,Java,1.0,60.0,0.0,0.0,0.0,1.0,75.2,75.2,1,Intermediate
STU0446,JavaScript,1.0,98.0,0.0,0.0,0.0,0.0,0.0,0.0,0,Not Verified
STU0446,React,0.0,0.0,1.0,40.0,3.0,0.0,0.0,0.0,0,Not Verified
STU0446,Node.js,0.0,0.0,1.0,40.0,3.0,1.0,81.1,81.1,1,Intermediate
STU0446,SQL,1.0,76.0,1.0,115.0,1.0,0.0,0.0,0.0,0,Not Verified
STU0446,Machine Learning,1.0,82.0,1.0,97.0,3.0,0.0,0.0,0.0,0,Not Verified
STU0446,Data Science,0.0,0.0,2.0,212.0,2.0,1.0,49.1,49.1,0,Beginner
STU0446,FastAPI,0.0,0.0,0.0,0.0,0.0,0.0,0.0,0.0,0,Not Verified
STU0446,Git,1.0,84.0,0.0,0.0,0.0,0.0,0.0,0.0,0,Not Verified
STU0446,Docker,1.0,96.0,0.0,0.0,0.0,0.0,0.0,0.0,0,Not Verified
STU0446,C++,1.0,69.0,0.0,0.0,0.0,0.0,0.0,0.0,0,Not Verified
STU0446,HTML/CSS,1.0,57.0,0.0,0.0,0.0,1.0,53.6,53.6,1,Beginner
STU0446,MongoDB,0.0,0.0,1.0,40.0,3.0,0.0,0.0,0.0,0,Not Verified
STU0446,Firebase,1.0,87.0,0.0,0.0,0.0,0.0,0.0,0.0,0,Not Verified
STU0447,Python,0.0,0.0,0.0,0.0,0.0,0.0,0.0,0.0,0,Not Verified
STU0447,Java,1.0,74.0,2.0,129.0,3.0,0.0,0.0,0.0,0,Not Verified
STU0447,JavaScript,1.0,85.0,0.0,0.0,0.0,0.0,0.0,0.0,0,Not Verified
STU0447,React,1.0,88.0,0.0,0.0,0.0,0.0,0.0,0.0,0,Not Verified
STU0447,Node.js,1.0,70.0,0.0,0.0,0.0,0.0,0.0,0.0,0,Not Verified
STU0447,SQL,0.0,0.0,2.0,129.0,3.0,0.0,0.0,0.0,0,Not Verified
STU0447,Machine Learning,1.0,82.0,0.0,0.0,0.0,0.0,0.0,0.0,0,Not Verified
STU0447,Data Science,1.0,74.0,0.0,0.0,0.0,0.0,0.0,0.0,0,Not Verified
STU0447,FastAPI,1.0,64.0,0.0,0.0,0.0,0.0,0.0,0.0,0,Not Verified
STU0447,Git,0.0,0.0,0.0,0.0,0.0,0.0,0.0,0.0,0,Not Verified
STU0447,Docker,1.0,63.0,0.0,0.0,0.0,0.0,0.0,0.0,0,Not Verified
STU0447,C++,1.0,60.0,0.0,0.0,0.0,0.0,0.0,0.0,0,Not Verified
STU0447,HTML/CSS,0.0,0.0,0.0,0.0,0.0,0.0,0.0,0.0,0,Not Verified
STU0447,MongoDB,0.0,0.0,0.0,0.0,0.0,0.0,0.0,0.0,0,Not Verified
STU0447,Firebase,1.0,98.0,0.0,0.0,0.0,0.0,0.0,0.0,0,Not Verified
STU0448,Python,1.0,82.0,1.0,125.0,2.0,0.0,0.0,0.0,0,Not Verified
STU0448,Java,1.0,61.0,2.0,63.0,2.0,0.0,0.0,0.0,0,Not Verified
STU0448,JavaScript,0.0,0.0,0.0,0.0,0.0,0.0,0.0,0.0,0,Not Verified
STU0448,React,0.0,0.0,0.0,0.0,0.0,0.0,0.0,0.0,0,Not Verified
STU0448,Node.js,0.0,0.0,0.0,0.0,0.0,0.0,0.0,0.0,0,Not Verified
STU0448,SQL,0.0,0.0,3.0,188.0,2.0,0.0,0.0,0.0,0,Not Verified
STU0448,Machine Learning,0.0,0.0,0.0,0.0,0.0,0.0,0.0,0.0,0,Not Verified
STU0448,Data Science,0.0,0.0,1.0,125.0,2.0,0.0,0.0,0.0,0,Not Verified
STU0448,FastAPI,1.0,81.0,0.0,0.0,0.0,1.0,85.5,85.5,1,Advanced
STU0448,Git,1.0,87.0,0.0,0.0,0.0,0.0,0.0,0.0,0,Not Verified
STU0448,Docker,0.0,0.0,0.0,0.0,0.0,1.0,83.1,83.1,1,Intermediate
STU0448,C++,1.0,91.0,0.0,0.0,0.0,0.0,0.0,0.0,0,Not Verified
STU0448,HTML/CSS,1.0,97.0,0.0,0.0,0.0,0.0,0.0,0.0,0,Not Verified
STU0448,MongoDB,1.0,84.0,0.0,0.0,0.0,0.0,0.0,0.0,0,Not Verified
STU0448,Firebase,0.0,0.0,0.0,0.0,0.0,0.0,0.0,0.0,0,Not Verified
STU0449,Python,1.0,57.0,0.0,0.0,0.0,0.0,0.0,0.0,0,Not Verified
STU0449,Java,1.0,66.0,0.0,0.0,0.0,0.0,0.0,0.0,0,Not Verified
STU0449,JavaScript,0.0,0.0,0.0,0.0,0.0,0.0,0.0,0.0,0,Not Verified
STU0449,React,0.0,0.0,1.0,29.0,2.0,0.0,0.0,0.0,0,Not Verified
STU0449,Node.js,1.0,84.0,1.0,29.0,2.0,0.0,0.0,0.0,0,Not Verified
STU0449,SQL,1.0,97.0,0.0,0.0,0.0,0.0,0.0,0.0,0,Not Verified
STU0449,Machine Learning,0.0,0.0,0.0,0.0,0.0,0.0,0.0,0.0,0,Not Verified
STU0449,Data Science,0.0,0.0,0.0,0.0,0.0,0.0,0.0,0.0,0,Not Verified
STU0449,FastAPI,1.0,80.0,0.0,0.0,0.0,0.0,0.0,0.0,0,Not Verified
STU0449,Git,1.0,66.0,0.0,0.0,0.0,0.0,0.0,0.0,0,Not Verified
STU0449,Docker,0.0,0.0,0.0,0.0,0.0,0.0,0.0,0.0,0,Not Verified
STU0449,C++,1.0,60.0,0.0,0.0,0.0,0.0,0.0,0.0,0,Not Verified
STU0449,HTML/CSS,0.0,0.0,0.0,0.0,0.0,0.0,0.0,0.0,0,Not Verified
STU0449,MongoDB,0.0,0.0,1.0,29.0,2.0,0.0,0.0,0.0,0,Not Verified
STU0449,Firebase,0.0,0.0,0.0,0.0,0.0,1.0,79.6,79.6,1,Intermediate
STU0450,Python,0.0,0.0,0.0,0.0,0.0,1.0,66.4,66.4,1,Beginner
STU0450,Java,0.0,0.0,0.0,0.0,0.0,0.0,0.0,0.0,0,Not Verified
STU0450,JavaScript,0.0,0.0,0.0,0.0,0.0,1.0,53.3,53.3,1,Beginner
STU0450,React,0.0,0.0,0.0,0.0,0.0,0.0,0.0,0.0,0,Not Verified
STU0450,Node.js,1.0,68.0,0.0,0.0,0.0,1.0,66.1,66.1,1,Beginner
STU0450,SQL,1.0,66.0,0.0,0.0,0.0,0.0,0.0,0.0,0,Not Verified
STU0450,Machine Learning,0.0,0.0,0.0,0.0,0.0,1.0,55.9,55.9,1,Beginner
STU0450,Data Science,1.0,93.0,0.0,0.0,0.0,0.0,0.0,0.0,0,Not Verified
STU0450,FastAPI,0.0,0.0,0.0,0.0,0.0,0.0,0.0,0.0,0,Not Verified
STU0450,Git,1.0,60.0,0.0,0.0,0.0,0.0,0.0,0.0,0,Not Verified
STU0450,Docker,1.0,71.0,0.0,0.0,0.0,0.0,0.0,0.0,0,Not Verified
STU0450,C++,1.0,66.0,0.0,0.0,0.0,0.0,0.0,0.0,0,Not Verified
STU0450,HTML/CSS,1.0,98.0,0.0,0.0,0.0,1.0,61.0,61.0,1,Beginner
STU0450,MongoDB,0.0,0.0,0.0,0.0,0.0,0.0,0.0,0.0,0,Not Verified
STU0450,Firebase,1.0,76.0,0.0,0.0,0.0,0.0,0.0,0.0,0,Not Verified
STU0451,Python,1.0,65.0,1.0,83.0,3.0,0.0,0.0,0.0,0,Not Verified
STU0451,Java,0.0,0.0,0.0,0.0,0.0,0.0,0.0,0.0,0,Not Verified
STU0451,JavaScript,0.0,0.0,0.0,0.0,0.0,0.0,0.0,0.0,0,Not Verified
STU0451,React,0.0,0.0,1.0,91.0,2.0,0.0,0.0,0.0,0,Not Verified
STU0451,Node.js,0.0,0.0,0.0,0.0,0.0,0.0,0.0,0.0,0,Not Verified
STU0451,SQL,0.0,0.0,0.0,0.0,0.0,0.0,0.0,0.0,0,Not Verified
STU0451,Machine Learning,1.0,62.0,1.0,83.0,3.0,0.0,0.0,0.0,0,Not Verified
STU0451,Data Science,0.0,0.0,0.0,0.0,0.0,0.0,0.0,0.0,0,Not Verified
STU0451,FastAPI,1.0,55.0,1.0,83.0,3.0,0.0,0.0,0.0,0,Not Verified
STU0451,Git,0.0,0.0,0.0,0.0,0.0,0.0,0.0,0.0,0,Not Verified
STU0451,Docker,0.0,0.0,0.0,0.0,0.0,0.0,0.0,0.0,0,Not Verified
STU0451,C++,0.0,0.0,0.0,0.0,0.0,1.0,52.5,52.5,1,Beginner
STU0451,HTML/CSS,1.0,96.0,0.0,0.0,0.0,0.0,0.0,0.0,0,Not Verified
STU0451,MongoDB,0.0,0.0,0.0,0.0,0.0,1.0,76.5,76.5,1,Intermediate
STU0451,Firebase,1.0,85.0,1.0,91.0,2.0,0.0,0.0,0.0,0,Not Verified
STU0452,Python,0.0,0.0,0.0,0.0,0.0,0.0,0.0,0.0,0,Not Verified
STU0452,Java,0.0,0.0,0.0,0.0,0.0,0.0,0.0,0.0,0,Not Verified
STU0452,JavaScript,0.0,0.0,0.0,0.0,0.0,0.0,0.0,0.0,0,Not Verified
STU0452,React,0.0,0.0,1.0,115.0,2.0,0.0,0.0,0.0,0,Not Verified
STU0452,Node.js,1.0,63.0,2.0,168.0,2.5,0.0,0.0,0.0,0,Not Verified
STU0452,SQL,1.0,55.0,0.0,0.0,0.0,0.0,0.0,0.0,0,Not Verified
STU0452,Machine Learning,1.0,98.0,0.0,0.0,0.0,0.0,0.0,0.0,0,Not Verified
STU0452,Data Science,1.0,63.0,0.0,0.0,0.0,0.0,0.0,0.0,0,Not Verified
STU0452,FastAPI,0.0,0.0,0.0,0.0,0.0,0.0,0.0,0.0,0,Not Verified
STU0452,Git,1.0,60.0,1.0,53.0,3.0,0.0,0.0,0.0,0,Not Verified
STU0452,Docker,1.0,80.0,1.0,53.0,3.0,0.0,0.0,0.0,0,Not Verified
STU0452,C++,1.0,98.0,0.0,0.0,0.0,0.0,0.0,0.0,0,Not Verified
STU0452,HTML/CSS,0.0,0.0,0.0,0.0,0.0,0.0,0.0,0.0,0,Not Verified
STU0452,MongoDB,0.0,0.0,1.0,115.0,2.0,2.0,66.7,66.7,1,Beginner
STU0452,Firebase,1.0,74.0,0.0,0.0,0.0,0.0,0.0,0.0,0,Not Verified
STU0453,Python,1.0,96.0,2.0,167.0,2.0,0.0,0.0,0.0,0,Not Verified
STU0453,Java,1.0,68.0,0.0,0.0,0.0,0.0,0.0,0.0,0,Not Verified
STU0453,JavaScript,0.0,0.0,0.0,0.0,0.0,0.0,0.0,0.0,0,Not Verified
STU0453,React,1.0,96.0,0.0,0.0,0.0,0.0,0.0,0.0,0,Not Verified
STU0453,Node.js,0.0,0.0,0.0,0.0,0.0,0.0,0.0,0.0,0,Not Verified
STU0453,SQL,0.0,0.0,2.0,167.0,2.0,0.0,0.0,0.0,0,Not Verified
STU0453,Machine Learning,0.0,0.0,0.0,0.0,0.0,0.0,0.0,0.0,0,Not Verified
STU0453,Data Science,0.0,0.0,2.0,167.0,2.0,1.0,61.4,61.4,1,Beginner
STU0453,FastAPI,0.0,0.0,0.0,0.0,0.0,0.0,0.0,0.0,0,Not Verified
STU0453,Git,0.0,0.0,0.0,0.0,0.0,0.0,0.0,0.0,0,Not Verified
STU0453,Docker,0.0,0.0,0.0,0.0,0.0,0.0,0.0,0.0,0,Not Verified
STU0453,C++,1.0,64.0,0.0,0.0,0.0,1.0,76.2,76.2,1,Intermediate
STU0453,HTML/CSS,1.0,70.0,0.0,0.0,0.0,0.0,0.0,0.0,0,Not Verified
STU0453,MongoDB,1.0,85.0,0.0,0.0,0.0,0.0,0.0,0.0,0,Not Verified
STU0453,Firebase,0.0,0.0,0.0,0.0,0.0,0.0,0.0,0.0,0,Not Verified
STU0454,Python,0.0,0.0,0.0,0.0,0.0,1.0,73.6,73.6,1,Intermediate
STU0454,Java,1.0,65.0,1.0,110.0,1.0,0.0,0.0,0.0,0,Not Verified
STU0454,JavaScript,0.0,0.0,0.0,0.0,0.0,0.0,0.0,0.0,0,Not Verified
STU0454,React,1.0,62.0,0.0,0.0,0.0,0.0,0.0,0.0,0,Not Verified
STU0454,Node.js,1.0,64.0,0.0,0.0,0.0,0.0,0.0,0.0,0,Not Verified
STU0454,SQL,0.0,0.0,1.0,110.0,1.0,0.0,0.0,0.0,0,Not Verified
STU0454,Machine Learning,0.0,0.0,0.0,0.0,0.0,0.0,0.0,0.0,0,Not Verified
STU0454,Data Science,1.0,83.0,0.0,0.0,0.0,0.0,0.0,0.0,0,Not Verified
STU0454,FastAPI,1.0,56.0,0.0,0.0,0.0,0.0,0.0,0.0,0,Not Verified
STU0454,Git,0.0,0.0,0.0,0.0,0.0,0.0,0.0,0.0,0,Not Verified
STU0454,Docker,1.0,85.0,0.0,0.0,0.0,0.0,0.0,0.0,0,Not Verified
STU0454,C++,0.0,0.0,0.0,0.0,0.0,0.0,0.0,0.0,0,Not Verified
STU0454,HTML/CSS,1.0,82.0,0.0,0.0,0.0,0.0,0.0,0.0,0,Not Verified
STU0454,MongoDB,1.0,64.0,0.0,0.0,0.0,1.0,74.0,74.0,1,Intermediate
STU0454,Firebase,0.0,0.0,0.0,0.0,0.0,1.0,77.3,77.3,1,Intermediate
STU0455,Python,1.0,76.0,0.0,0.0,0.0,0.0,0.0,0.0,0,Not Verified
STU0455,Java,0.0,0.0,0.0,0.0,0.0,0.0,0.0,0.0,0,Not Verified
STU0455,JavaScript,0.0,0.0,0.0,0.0,0.0,0.0,0.0,0.0,0,Not Verified
STU0455,React,1.0,95.0,0.0,0.0,0.0,0.0,0.0,0.0,0,Not Verified
STU0455,Node.js,1.0,81.0,0.0,0.0,0.0,1.0,73.5,73.5,1,Intermediate
STU0455,SQL,0.0,0.0,0.0,0.0,0.0,0.0,0.0,0.0,0,Not Verified
STU0455,Machine Learning,1.0,86.0,0.0,0.0,0.0,0.0,0.0,0.0,0,Not Verified
STU0455,Data Science,1.0,58.0,0.0,0.0,0.0,0.0,0.0,0.0,0,Not Verified
STU0455,FastAPI,0.0,0.0,0.0,0.0,0.0,1.0,81.4,81.4,1,Intermediate
STU0455,Git,1.0,61.0,0.0,0.0,0.0,0.0,0.0,0.0,0,Not Verified
STU0455,Docker,1.0,82.0,0.0,0.0,0.0,0.0,0.0,0.0,0,Not Verified
STU0455,C++,0.0,0.0,0.0,0.0,0.0,0.0,0.0,0.0,0,Not Verified
STU0455,HTML/CSS,0.0,0.0,0.0,0.0,0.0,0.0,0.0,0.0,0,Not Verified
STU0455,MongoDB,0.0,0.0,0.0,0.0,0.0,1.0,75.4,75.4,1,Intermediate
STU0455,Firebase,1.0,55.0,0.0,0.0,0.0,0.0,0.0,0.0,0,Not Verified
STU0456,Python,1.0,58.0,1.0,41.0,3.0,0.0,0.0,0.0,0,Not Verified
STU0456,Java,0.0,0.0,0.0,0.0,0.0,0.0,0.0,0.0,0,Not Verified
STU0456,JavaScript,0.0,0.0,0.0,0.0,0.0,0.0,0.0,0.0,0,Not Verified
STU0456,React,1.0,82.0,0.0,0.0,0.0,0.0,0.0,0.0,0,Not Verified
STU0456,Node.js,1.0,69.0,0.0,0.0,0.0,0.0,0.0,0.0,0,Not Verified
STU0456,SQL,0.0,0.0,0.0,0.0,0.0,0.0,0.0,0.0,0,Not Verified
STU0456,Machine Learning,1.0,56.0,1.0,41.0,3.0,1.0,70.1,70.1,1,Intermediate
STU0456,Data Science,1.0,88.0,0.0,0.0,0.0,0.0,0.0,0.0,0,Not Verified
STU0456,FastAPI,1.0,86.0,0.0,0.0,0.0,0.0,0.0,0.0,0,Not Verified
STU0456,Git,1.0,92.0,0.0,0.0,0.0,0.0,0.0,0.0,0,Not Verified
STU0456,Docker,1.0,91.0,0.0,0.0,0.0,0.0,0.0,0.0,0,Not Verified
STU0456,C++,1.0,98.0,0.0,0.0,0.0,1.0,57.4,57.4,1,Beginner
STU0456,HTML/CSS,0.0,0.0,0.0,0.0,0.0,0.0,0.0,0.0,0,Not Verified
STU0456,MongoDB,0.0,0.0,0.0,0.0,0.0,0.0,0.0,0.0,0,Not Verified
STU0456,Firebase,1.0,94.0,0.0,0.0,0.0,1.0,61.6,61.6,1,Beginner
STU0457,Python,0.0,0.0,0.0,0.0,0.0,0.0,0.0,0.0,0,Not Verified
STU0457,Java,1.0,94.0,0.0,0.0,0.0,0.0,0.0,0.0,0,Not Verified
STU0457,JavaScript,0.0,0.0,0.0,0.0,0.0,0.0,0.0,0.0,0,Not Verified
STU0457,React,0.0,0.0,1.0,19.0,1.0,1.0,68.4,68.4,1,Beginner
STU0457,Node.js,1.0,96.0,0.0,0.0,0.0,1.0,74.5,74.5,1,Intermediate
STU0457,SQL,0.0,0.0,0.0,0.0,0.0,0.0,0.0,0.0,0,Not Verified
STU0457,Machine Learning,1.0,83.0,0.0,0.0,0.0,0.0,0.0,0.0,0,Not Verified
STU0457,Data Science,1.0,82.0,0.0,0.0,0.0,0.0,0.0,0.0,0,Not Verified
STU0457,FastAPI,1.0,86.0,0.0,0.0,0.0,0.0,0.0,0.0,0,Not Verified
STU0457,Git,0.0,0.0,0.0,0.0,0.0,0.0,0.0,0.0,0,Not Verified
STU0457,Docker,1.0,77.0,0.0,0.0,0.0,0.0,0.0,0.0,0,Not Verified
STU0457,C++,0.0,0.0,0.0,0.0,0.0,1.0,60.6,60.6,1,Beginner
STU0457,HTML/CSS,0.0,0.0,0.0,0.0,0.0,0.0,0.0,0.0,0,Not Verified
STU0457,MongoDB,1.0,56.0,0.0,0.0,0.0,0.0,0.0,0.0,0,Not Verified
STU0457,Firebase,0.0,0.0,1.0,19.0,1.0,0.0,0.0,0.0,0,Not Verified
STU0458,Python,0.0,0.0,1.0,109.0,3.0,1.0,67.4,67.4,1,Beginner
STU0458,Java,0.0,0.0,0.0,0.0,0.0,1.0,57.2,57.2,1,Beginner
STU0458,JavaScript,0.0,0.0,0.0,0.0,0.0,0.0,0.0,0.0,0,Not Verified
STU0458,React,1.0,69.0,1.0,122.0,1.0,0.0,0.0,0.0,0,Not Verified
STU0458,Node.js,1.0,69.0,1.0,122.0,1.0,0.0,0.0,0.0,0,Not Verified
STU0458,SQL,1.0,98.0,0.0,0.0,0.0,0.0,0.0,0.0,0,Not Verified
STU0458,Machine Learning,0.0,0.0,1.0,109.0,3.0,0.0,0.0,0.0,0,Not Verified
STU0458,Data Science,1.0,92.0,0.0,0.0,0.0,0.0,0.0,0.0,0,Not Verified
STU0458,FastAPI,0.0,0.0,1.0,109.0,3.0,0.0,0.0,0.0,0,Not Verified
STU0458,Git,0.0,0.0,0.0,0.0,0.0,1.0,63.2,63.2,1,Beginner
STU0458,Docker,0.0,0.0,0.0,0.0,0.0,2.0,73.7,73.7,1,Intermediate
STU0458,C++,1.0,87.0,0.0,0.0,0.0,0.0,0.0,0.0,0,Not Verified
STU0458,HTML/CSS,0.0,0.0,0.0,0.0,0.0,0.0,0.0,0.0,0,Not Verified
STU0458,MongoDB,1.0,76.0,1.0,122.0,1.0,0.0,0.0,0.0,0,Not Verified
STU0458,Firebase,0.0,0.0,0.0,0.0,0.0,0.0,0.0,0.0,0,Not Verified
STU0459,Python,0.0,0.0,3.0,306.0,2.3333333333333335,0.0,0.0,0.0,0,Not Verified
STU0459,Java,0.0,0.0,0.0,0.0,0.0,0.0,0.0,0.0,0,Not Verified
STU0459,JavaScript,1.0,94.0,0.0,0.0,0.0,0.0,0.0,0.0,0,Not Verified
STU0459,React,1.0,60.0,0.0,0.0,0.0,0.0,0.0,0.0,0,Not Verified
STU0459,Node.js,1.0,68.0,1.0,92.0,1.0,0.0,0.0,0.0,0,Not Verified
STU0459,SQL,0.0,0.0,0.0,0.0,0.0,0.0,0.0,0.0,0,Not Verified
STU0459,Machine Learning,1.0,73.0,3.0,306.0,2.3333333333333335,0.0,0.0,0.0,0,Not Verified
STU0459,Data Science,1.0,65.0,0.0,0.0,0.0,0.0,0.0,0.0,0,Not Verified
STU0459,FastAPI,0.0,0.0,3.0,306.0,2.3333333333333335,0.0,0.0,0.0,0,Not Verified
STU0459,Git,0.0,0.0,1.0,92.0,1.0,0.0,0.0,0.0,0,Not Verified
STU0459,Docker,1.0,85.0,1.0,92.0,1.0,0.0,0.0,0.0,0,Not Verified
STU0459,C++,1.0,78.0,0.0,0.0,0.0,0.0,0.0,0.0,0,Not Verified
STU0459,HTML/CSS,0.0,0.0,0.0,0.0,0.0,1.0,81.6,81.6,1,Intermediate
STU0459,MongoDB,1.0,98.0,0.0,0.0,0.0,0.0,0.0,0.0,0,Not Verified
STU0459,Firebase,1.0,96.0,0.0,0.0,0.0,0.0,0.0,0.0,0,Not Verified
STU0460,Python,0.0,0.0,1.0,125.0,3.0,0.0,0.0,0.0,0,Not Verified
STU0460,Java,1.0,77.0,2.0,92.0,2.0,2.0,74.8,74.8,1,Intermediate
STU0460,JavaScript,1.0,74.0,0.0,0.0,0.0,0.0,0.0,0.0,0,Not Verified
STU0460,React,1.0,68.0,1.0,95.0,2.0,0.0,0.0,0.0,0,Not Verified
STU0460,Node.js,0.0,0.0,0.0,0.0,0.0,0.0,0.0,0.0,0,Not Verified
STU0460,SQL,0.0,0.0,2.0,92.0,2.0,1.0,85.7,85.7,1,Advanced
STU0460,Machine Learning,1.0,71.0,1.0,125.0,3.0,0.0,0.0,0.0,0,Not Verified
STU0460,Data Science,1.0,86.0,0.0,0.0,0.0,0.0,0.0,0.0,0,Not Verified
STU0460,FastAPI,0.0,0.0,1.0,125.0,3.0,2.0,70.9,70.9,1,Intermediate
STU0460,Git,1.0,58.0,0.0,0.0,0.0,0.0,0.0,0.0,0,Not Verified
STU0460,Docker,0.0,0.0,0.0,0.0,0.0,2.0,73.05000000000001,73.05000000000001,1,Intermediate
STU0460,C++,1.0,77.0,0.0,0.0,0.0,0.0,0.0,0.0,0,Not Verified
STU0460,HTML/CSS,1.0,90.0,0.0,0.0,0.0,0.0,0.0,0.0,0,Not Verified
STU0460,MongoDB,1.0,70.0,0.0,0.0,0.0,0.0,0.0,0.0,0,Not Verified
STU0460,Firebase,1.0,56.0,1.0,95.0,2.0,0.0,0.0,0.0,0,Not Verified
STU0461,Python,1.0,86.0,1.0,88.0,1.0,0.0,0.0,0.0,0,Not Verified
STU0461,Java,1.0,71.0,0.0,0.0,0.0,0.0,0.0,0.0,0,Not Verified
STU0461,JavaScript,1.0,62.0,0.0,0.0,0.0,1.0,84.6,84.6,1,Advanced
STU0461,React,0.0,0.0,0.0,0.0,0.0,0.0,0.0,0.0,0,Not Verified
STU0461,Node.js,1.0,90.0,0.0,0.0,0.0,0.0,0.0,0.0,0,Not Verified
STU0461,SQL,1.0,76.0,1.0,88.0,1.0,0.0,0.0,0.0,0,Not Verified
STU0461,Machine Learning,1.0,77.0,0.0,0.0,0.0,1.0,66.5,66.5,1,Beginner
STU0461,Data Science,1.0,72.0,1.0,88.0,1.0,1.0,76.8,76.8,1,Intermediate
STU0461,FastAPI,1.0,69.0,0.0,0.0,0.0,0.0,0.0,0.0,0,Not Verified
STU0461,Git,0.0,0.0,0.0,0.0,0.0,0.0,0.0,0.0,0,Not Verified
STU0461,Docker,1.0,57.0,0.0,0.0,0.0,0.0,0.0,0.0,0,Not Verified
STU0461,C++,0.0,0.0,0.0,0.0,0.0,0.0,0.0,0.0,0,Not Verified
STU0461,HTML/CSS,0.0,0.0,0.0,0.0,0.0,0.0,0.0,0.0,0,Not Verified
STU0461,MongoDB,0.0,0.0,0.0,0.0,0.0,0.0,0.0,0.0,0,Not Verified
STU0461,Firebase,1.0,90.0,0.0,0.0,0.0,0.0,0.0,0.0,0,Not Verified
STU0462,Python,0.0,0.0,0.0,0.0,0.0,1.0,80.3,80.3,1,Intermediate
STU0462,Java,1.0,94.0,1.0,117.0,1.0,0.0,0.0,0.0,0,Not Verified
STU0462,JavaScript,0.0,0.0,0.0,0.0,0.0,0.0,0.0,0.0,0,Not Verified
STU0462,React,0.0,0.0,0.0,0.0,0.0,0.0,0.0,0.0,0,Not Verified
STU0462,Node.js,0.0,0.0,0.0,0.0,0.0,1.0,70.6,70.6,1,Intermediate
STU0462,SQL,0.0,0.0,1.0,117.0,1.0,0.0,0.0,0.0,0,Not Verified
STU0462,Machine Learning,0.0,0.0,0.0,0.0,0.0,0.0,0.0,0.0,0,Not Verified
STU0462,Data Science,0.0,0.0,0.0,0.0,0.0,0.0,0.0,0.0,0,Not Verified
STU0462,FastAPI,1.0,84.0,0.0,0.0,0.0,0.0,0.0,0.0,0,Not Verified
STU0462,Git,1.0,62.0,0.0,0.0,0.0,0.0,0.0,0.0,0,Not Verified
STU0462,Docker,1.0,61.0,0.0,0.0,0.0,0.0,0.0,0.0,0,Not Verified
STU0462,C++,1.0,83.0,0.0,0.0,0.0,0.0,0.0,0.0,0,Not Verified
STU0462,HTML/CSS,0.0,0.0,0.0,0.0,0.0,0.0,0.0,0.0,0,Not Verified
STU0462,MongoDB,1.0,58.0,0.0,0.0,0.0,0.0,0.0,0.0,0,Not Verified
STU0462,Firebase,0.0,0.0,0.0,0.0,0.0,0.0,0.0,0.0,0,Not Verified
STU0463,Python,1.0,73.0,0.0,0.0,0.0,2.0,68.5,68.5,1,Beginner
STU0463,Java,1.0,78.0,1.0,35.0,2.0,1.0,75.0,75.0,1,Intermediate
STU0463,JavaScript,1.0,86.0,0.0,0.0,0.0,1.0,62.1,62.1,1,Beginner
STU0463,React,0.0,0.0,0.0,0.0,0.0,0.0,0.0,0.0,0,Not Verified
STU0463,Node.js,0.0,0.0,0.0,0.0,0.0,0.0,0.0,0.0,0,Not Verified
STU0463,SQL,1.0,61.0,1.0,35.0,2.0,0.0,0.0,0.0,0,Not Verified
STU0463,Machine Learning,0.0,0.0,0.0,0.0,0.0,0.0,0.0,0.0,0,Not Verified
STU0463,Data Science,0.0,0.0,0.0,0.0,0.0,1.0,79.2,79.2,1,Intermediate
STU0463,FastAPI,1.0,65.0,0.0,0.0,0.0,0.0,0.0,0.0,0,Not Verified
STU0463,Git,0.0,0.0,0.0,0.0,0.0,0.0,0.0,0.0,0,Not Verified
STU0463,Docker,0.0,0.0,0.0,0.0,0.0,0.0,0.0,0.0,0,Not Verified
STU0463,C++,1.0,83.0,0.0,0.0,0.0,0.0,0.0,0.0,0,Not Verified
STU0463,HTML/CSS,1.0,62.0,0.0,0.0,0.0,0.0,0.0,0.0,0,Not Verified
STU0463,MongoDB,1.0,68.0,0.0,0.0,0.0,0.0,0.0,0.0,0,Not Verified
STU0463,Firebase,1.0,87.0,0.0,0.0,0.0,0.0,0.0,0.0,0,Not Verified
STU0464,Python,0.0,0.0,0.0,0.0,0.0,0.0,0.0,0.0,0,Not Verified
STU0464,Java,1.0,85.0,0.0,0.0,0.0,0.0,0.0,0.0,0,Not Verified
STU0464,JavaScript,1.0,70.0,0.0,0.0,0.0,0.0,0.0,0.0,0,Not Verified
STU0464,React,1.0,76.0,0.0,0.0,0.0,0.0,0.0,0.0,0,Not Verified
STU0464,Node.js,0.0,0.0,0.0,0.0,0.0,0.0,0.0,0.0,0,Not Verified
STU0464,SQL,1.0,81.0,0.0,0.0,0.0,0.0,0.0,0.0,0,Not Verified
STU0464,Machine Learning,0.0,0.0,0.0,0.0,0.0,1.0,72.3,72.3,1,Intermediate
STU0464,Data Science,0.0,0.0,0.0,0.0,0.0,0.0,0.0,0.0,0,Not Verified
STU0464,FastAPI,0.0,0.0,0.0,0.0,0.0,0.0,0.0,0.0,0,Not Verified
STU0464,Git,0.0,0.0,0.0,0.0,0.0,0.0,0.0,0.0,0,Not Verified
STU0464,Docker,1.0,83.0,0.0,0.0,0.0,0.0,0.0,0.0,0,Not Verified
STU0464,C++,0.0,0.0,0.0,0.0,0.0,0.0,0.0,0.0,0,Not Verified
STU0464,HTML/CSS,0.0,0.0,0.0,0.0,0.0,0.0,0.0,0.0,0,Not Verified
STU0464,MongoDB,1.0,55.0,0.0,0.0,0.0,0.0,0.0,0.0,0,Not Verified
STU0464,Firebase,0.0,0.0,0.0,0.0,0.0,0.0,0.0,0.0,0,Not Verified
STU0465,Python,0.0,0.0,0.0,0.0,0.0,0.0,0.0,0.0,0,Not Verified
STU0465,Java,1.0,70.0,0.0,0.0,0.0,0.0,0.0,0.0,0,Not Verified
STU0465,JavaScript,1.0,97.0,0.0,0.0,0.0,0.0,0.0,0.0,0,Not Verified
STU0465,React,0.0,0.0,0.0,0.0,0.0,0.0,0.0,0.0,0,Not Verified
STU0465,Node.js,1.0,64.0,0.0,0.0,0.0,1.0,72.9,72.9,1,Intermediate
STU0465,SQL,1.0,88.0,0.0,0.0,0.0,0.0,0.0,0.0,0,Not Verified
STU0465,Machine Learning,1.0,81.0,0.0,0.0,0.0,1.0,70.9,70.9,1,Intermediate
STU0465,Data Science,0.0,0.0,0.0,0.0,0.0,0.0,0.0,0.0,0,Not Verified
STU0465,FastAPI,1.0,95.0,0.0,0.0,0.0,1.0,73.2,73.2,1,Intermediate
STU0465,Git,0.0,0.0,0.0,0.0,0.0,0.0,0.0,0.0,0,Not Verified
STU0465,Docker,1.0,69.0,0.0,0.0,0.0,0.0,0.0,0.0,0,Not Verified
STU0465,C++,0.0,0.0,0.0,0.0,0.0,0.0,0.0,0.0,0,Not Verified
STU0465,HTML/CSS,0.0,0.0,0.0,0.0,0.0,0.0,0.0,0.0,0,Not Verified
STU0465,MongoDB,0.0,0.0,0.0,0.0,0.0,0.0,0.0,0.0,0,Not Verified
STU0465,Firebase,0.0,0.0,0.0,0.0,0.0,0.0,0.0,0.0,0,Not Verified
STU0466,Python,0.0,0.0,3.0,123.0,1.3333333333333333,0.0,0.0,0.0,0,Not Verified
STU0466,Java,0.0,0.0,0.0,0.0,0.0,0.0,0.0,0.0,0,Not Verified
STU0466,JavaScript,0.0,0.0,0.0,0.0,0.0,0.0,0.0,0.0,0,Not Verified
STU0466,React,0.0,0.0,0.0,0.0,0.0,0.0,0.0,0.0,0,Not Verified
STU0466,Node.js,0.0,0.0,0.0,0.0,0.0,0.0,0.0,0.0,0,Not Verified
STU0466,SQL,0.0,0.0,0.0,0.0,0.0,1.0,86.0,86.0,1,Advanced
STU0466,Machine Learning,1.0,78.0,2.0,72.0,1.5,0.0,0.0,0.0,0,Not Verified
STU0466,Data Science,1.0,64.0,0.0,0.0,0.0,0.0,0.0,0.0,0,Not Verified
STU0466,FastAPI,1.0,55.0,1.0,30.0,1.0,0.0,0.0,0.0,0,Not Verified
STU0466,Git,0.0,0.0,0.0,0.0,0.0,0.0,0.0,0.0,0,Not Verified
STU0466,Docker,0.0,0.0,0.0,0.0,0.0,0.0,0.0,0.0,0,Not Verified
STU0466,C++,0.0,0.0,0.0,0.0,0.0,0.0,0.0,0.0,0,Not Verified
STU0466,HTML/CSS,1.0,98.0,0.0,0.0,0.0,0.0,0.0,0.0,0,Not Verified
STU0466,MongoDB,1.0,56.0,0.0,0.0,0.0,0.0,0.0,0.0,0,Not Verified
STU0466,Firebase,1.0,83.0,1.0,51.0,1.0,0.0,0.0,0.0,0,Not Verified
STU0467,Python,1.0,88.0,4.0,482.0,2.75,0.0,0.0,0.0,0,Not Verified
STU0467,Java,1.0,97.0,1.0,83.0,1.0,1.0,72.9,72.9,1,Intermediate
STU0467,JavaScript,1.0,95.0,0.0,0.0,0.0,0.0,0.0,0.0,0,Not Verified
STU0467,React,1.0,97.0,2.0,154.0,2.0,1.0,72.8,72.8,1,Intermediate
STU0467,Node.js,0.0,0.0,0.0,0.0,0.0,0.0,0.0,0.0,0,Not Verified
STU0467,SQL,1.0,64.0,1.0,83.0,1.0,0.0,0.0,0.0,0,Not Verified
STU0467,Machine Learning,1.0,58.0,4.0,482.0,2.75,0.0,0.0,0.0,0,Not Verified
STU0467,Data Science,0.0,0.0,0.0,0.0,0.0,1.0,63.1,63.1,1,Beginner
STU0467,FastAPI,1.0,57.0,2.0,239.0,2.5,0.0,0.0,0.0,0,Not Verified
STU0467,Git,0.0,0.0,0.0,0.0,0.0,0.0,0.0,0.0,0,Not Verified
STU0467,Docker,1.0,91.0,0.0,0.0,0.0,0.0,0.0,0.0,0,Not Verified
STU0467,C++,0.0,0.0,0.0,0.0,0.0,1.0,77.2,77.2,1,Intermediate
STU0467,HTML/CSS,1.0,80.0,0.0,0.0,0.0,0.0,0.0,0.0,0,Not Verified
STU0467,MongoDB,0.0,0.0,0.0,0.0,0.0,0.0,0.0,0.0,0,Not Verified
STU0467,Firebase,1.0,96.0,2.0,154.0,2.0,0.0,0.0,0.0,0,Not Verified
STU0468,Python,0.0,0.0,0.0,0.0,0.0,0.0,0.0,0.0,0,Not Verified
STU0468,Java,0.0,0.0,0.0,0.0,0.0,1.0,62.8,62.8,1,Beginner
STU0468,JavaScript,0.0,0.0,0.0,0.0,0.0,2.0,64.4,64.4,1,Beginner
STU0468,React,0.0,0.0,0.0,0.0,0.0,0.0,0.0,0.0,0,Not Verified
STU0468,Node.js,1.0,64.0,0.0,0.0,0.0,0.0,0.0,0.0,0,Not Verified
STU0468,SQL,1.0,80.0,0.0,0.0,0.0,0.0,0.0,0.0,0,Not Verified
STU0468,Machine Learning,1.0,77.0,0.0,0.0,0.0,0.0,0.0,0.0,0,Not Verified
STU0468,Data Science,0.0,0.0,0.0,0.0,0.0,0.0,0.0,0.0,0,Not Verified
STU0468,FastAPI,1.0,94.0,0.0,0.0,0.0,1.0,72.7,72.7,1,Intermediate
STU0468,Git,0.0,0.0,0.0,0.0,0.0,0.0,0.0,0.0,0,Not Verified
STU0468,Docker,1.0,72.0,0.0,0.0,0.0,0.0,0.0,0.0,0,Not Verified
STU0468,C++,1.0,88.0,0.0,0.0,0.0,0.0,0.0,0.0,0,Not Verified
STU0468,HTML/CSS,0.0,0.0,0.0,0.0,0.0,0.0,0.0,0.0,0,Not Verified
STU0468,MongoDB,0.0,0.0,0.0,0.0,0.0,0.0,0.0,0.0,0,Not Verified
STU0468,Firebase,1.0,55.0,0.0,0.0,0.0,1.0,69.0,69.0,1,Beginner
STU0469,Python,0.0,0.0,0.0,0.0,0.0,0.0,0.0,0.0,0,Not Verified
STU0469,Java,0.0,0.0,0.0,0.0,0.0,0.0,0.0,0.0,0,Not Verified
STU0469,JavaScript,0.0,0.0,0.0,0.0,0.0,0.0,0.0,0.0,0,Not Verified
STU0469,React,1.0,74.0,0.0,0.0,0.0,0.0,0.0,0.0,0,Not Verified
STU0469,Node.js,0.0,0.0,0.0,0.0,0.0,0.0,0.0,0.0,0,Not Verified
STU0469,SQL,1.0,79.0,0.0,0.0,0.0,1.0,59.0,59.0,1,Beginner
STU0469,Machine Learning,1.0,63.0,0.0,0.0,0.0,0.0,0.0,0.0,0,Not Verified
STU0469,Data Science,1.0,76.0,0.0,0.0,0.0,1.0,76.5,76.5,1,Intermediate
STU0469,FastAPI,1.0,60.0,0.0,0.0,0.0,1.0,74.2,74.2,1,Intermediate
STU0469,Git,1.0,57.0,0.0,0.0,0.0,0.0,0.0,0.0,0,Not Verified
STU0469,Docker,1.0,67.0,0.0,0.0,0.0,0.0,0.0,0.0,0,Not Verified
STU0469,C++,1.0,89.0,0.0,0.0,0.0,0.0,0.0,0.0,0,Not Verified
STU0469,HTML/CSS,0.0,0.0,0.0,0.0,0.0,0.0,0.0,0.0,0,Not Verified
STU0469,MongoDB,0.0,0.0,0.0,0.0,0.0,0.0,0.0,0.0,0,Not Verified
STU0469,Firebase,0.0,0.0,0.0,0.0,0.0,0.0,0.0,0.0,0,Not Verified
STU0470,Python,0.0,0.0,1.0,72.0,1.0,0.0,0.0,0.0,0,Not Verified
STU0470,Java,1.0,56.0,0.0,0.0,0.0,0.0,0.0,0.0,0,Not Verified
STU0470,JavaScript,0.0,0.0,0.0,0.0,0.0,0.0,0.0,0.0,0,Not Verified
STU0470,React,1.0,56.0,0.0,0.0,0.0,0.0,0.0,0.0,0,Not Verified
STU0470,Node.js,1.0,65.0,0.0,0.0,0.0,1.0,76.5,76.5,1,Intermediate
STU0470,SQL,1.0,70.0,0.0,0.0,0.0,1.0,72.3,72.3,1,Intermediate
STU0470,Machine Learning,1.0,74.0,0.0,0.0,0.0,1.0,78.1,78.1,1,Intermediate
STU0470,Data Science,0.0,0.0,0.0,0.0,0.0,0.0,0.0,0.0,0,Not Verified
STU0470,FastAPI,1.0,95.0,0.0,0.0,0.0,0.0,0.0,0.0,0,Not Verified
STU0470,Git,0.0,0.0,0.0,0.0,0.0,0.0,0.0,0.0,0,Not Verified
STU0470,Docker,1.0,92.0,0.0,0.0,0.0,0.0,0.0,0.0,0,Not Verified
STU0470,C++,0.0,0.0,0.0,0.0,0.0,0.0,0.0,0.0,0,Not Verified
STU0470,HTML/CSS,0.0,0.0,0.0,0.0,0.0,0.0,0.0,0.0,0,Not Verified
STU0470,MongoDB,1.0,71.0,0.0,0.0,0.0,0.0,0.0,0.0,0,Not Verified
STU0470,Firebase,1.0,89.0,1.0,72.0,1.0,0.0,0.0,0.0,0,Not Verified
STU0471,Python,1.0,91.0,0.0,0.0,0.0,0.0,0.0,0.0,0,Not Verified
STU0471,Java,1.0,83.0,1.0,15.0,2.0,0.0,0.0,0.0,0,Not Verified
STU0471,JavaScript,0.0,0.0,0.0,0.0,0.0,1.0,72.6,72.6,1,Intermediate
STU0471,React,0.0,0.0,0.0,0.0,0.0,0.0,0.0,0.0,0,Not Verified
STU0471,Node.js,1.0,84.0,0.0,0.0,0.0,1.0,70.4,70.4,1,Intermediate
STU0471,SQL,1.0,55.0,1.0,15.0,2.0,0.0,0.0,0.0,0,Not Verified
STU0471,Machine Learning,1.0,96.0,0.0,0.0,0.0,0.0,0.0,0.0,0,Not Verified
STU0471,Data Science,0.0,0.0,0.0,0.0,0.0,0.0,0.0,0.0,0,Not Verified
STU0471,FastAPI,1.0,62.0,0.0,0.0,0.0,0.0,0.0,0.0,0,Not Verified
STU0471,Git,1.0,76.0,0.0,0.0,0.0,0.0,0.0,0.0,0,Not Verified
STU0471,Docker,1.0,70.0,0.0,0.0,0.0,0.0,0.0,0.0,0,Not Verified
STU0471,C++,1.0,74.0,0.0,0.0,0.0,1.0,78.7,78.7,1,Intermediate
STU0471,HTML/CSS,0.0,0.0,0.0,0.0,0.0,0.0,0.0,0.0,0,Not Verified
STU0471,MongoDB,0.0,0.0,0.0,0.0,0.0,0.0,0.0,0.0,0,Not Verified
STU0471,Firebase,1.0,92.0,0.0,0.0,0.0,0.0,0.0,0.0,0,Not Verified
STU0472,Python,0.0,0.0,1.0,112.0,2.0,0.0,0.0,0.0,0,Not Verified
STU0472,Java,0.0,0.0,0.0,0.0,0.0,0.0,0.0,0.0,0,Not Verified
STU0472,JavaScript,1.0,75.0,0.0,0.0,0.0,0.0,0.0,0.0,0,Not Verified
STU0472,React,1.0,88.0,0.0,0.0,0.0,0.0,0.0,0.0,0,Not Verified
STU0472,Node.js,1.0,61.0,0.0,0.0,0.0,1.0,72.3,72.3,1,Intermediate
STU0472,SQL,1.0,70.0,1.0,112.0,2.0,0.0,0.0,0.0,0,Not Verified
STU0472,Machine Learning,0.0,0.0,0.0,0.0,0.0,0.0,0.0,0.0,0,Not Verified
STU0472,Data Science,0.0,0.0,1.0,112.0,2.0,0.0,0.0,0.0,0,Not Verified
STU0472,FastAPI,1.0,63.0,0.0,0.0,0.0,0.0,0.0,0.0,0,Not Verified
STU0472,Git,1.0,79.0,0.0,0.0,0.0,1.0,72.2,72.2,1,Intermediate
STU0472,Docker,1.0,91.0,0.0,0.0,0.0,0.0,0.0,0.0,0,Not Verified
STU0472,C++,1.0,97.0,0.0,0.0,0.0,0.0,0.0,0.0,0,Not Verified
STU0472,HTML/CSS,0.0,0.0,0.0,0.0,0.0,1.0,69.4,69.4,1,Intermediate
STU0472,MongoDB,1.0,98.0,0.0,0.0,0.0,0.0,0.0,0.0,0,Not Verified
STU0472,Firebase,0.0,0.0,0.0,0.0,0.0,0.0,0.0,0.0,0,Not Verified
STU0473,Python,0.0,0.0,1.0,49.0,3.0,0.0,0.0,0.0,0,Not Verified
STU0473,Java,1.0,63.0,1.0,104.0,1.0,1.0,74.8,74.8,1,Intermediate
STU0473,JavaScript,1.0,85.0,1.0,69.0,1.0,0.0,0.0,0.0,0,Not Verified
STU0473,React,1.0,60.0,1.0,69.0,1.0,0.0,0.0,0.0,0,Not Verified
STU0473,Node.js,0.0,0.0,1.0,69.0,1.0,0.0,0.0,0.0,0,Not Verified
STU0473,SQL,1.0,58.0,3.0,222.0,1.6666666666666667,0.0,0.0,0.0,0,Not Verified
STU0473,Machine Learning,1.0,68.0,0.0,0.0,0.0,0.0,0.0,0.0,0,Not Verified
STU0473,Data Science,1.0,82.0,1.0,49.0,3.0,0.0,0.0,0.0,0,Not Verified
STU0473,FastAPI,0.0,0.0,0.0,0.0,0.0,0.0,0.0,0.0,0,Not Verified
STU0473,Git,1.0,81.0,0.0,0.0,0.0,0.0,0.0,0.0,0,Not Verified
STU0473,Docker,1.0,83.0,0.0,0.0,0.0,1.0,66.0,66.0,1,Beginner
STU0473,C++,0.0,0.0,0.0,0.0,0.0,0.0,0.0,0.0,0,Not Verified
STU0473,HTML/CSS,1.0,60.0,0.0,0.0,0.0,1.0,64.5,64.5,1,Beginner
STU0473,MongoDB,0.0,0.0,0.0,0.0,0.0,0.0,0.0,0.0,0,Not Verified
STU0473,Firebase,0.0,0.0,0.0,0.0,0.0,1.0,64.0,64.0,1,Beginner
STU0474,Python,0.0,0.0,1.0,90.0,3.0,0.0,0.0,0.0,0,Not Verified
STU0474,Java,0.0,0.0,0.0,0.0,0.0,0.0,0.0,0.0,0,Not Verified
STU0474,JavaScript,0.0,0.0,1.0,109.0,3.0,0.0,0.0,0.0,0,Not Verified
STU0474,React,0.0,0.0,0.0,0.0,0.0,1.0,60.7,60.7,1,Beginner
STU0474,Node.js,0.0,0.0,0.0,0.0,0.0,0.0,0.0,0.0,0,Not Verified
STU0474,SQL,1.0,90.0,0.0,0.0,0.0,1.0,83.7,83.7,1,Intermediate
STU0474,Machine Learning,1.0,71.0,1.0,90.0,3.0,1.0,70.2,70.2,1,Intermediate
STU0474,Data Science,0.0,0.0,1.0,90.0,3.0,0.0,0.0,0.0,0,Not Verified
STU0474,FastAPI,1.0,80.0,0.0,0.0,0.0,0.0,0.0,0.0,0,Not Verified
STU0474,Git,1.0,92.0,0.0,0.0,0.0,0.0,0.0,0.0,0,Not Verified
STU0474,Docker,1.0,88.0,0.0,0.0,0.0,0.0,0.0,0.0,0,Not Verified
STU0474,C++,0.0,0.0,0.0,0.0,0.0,0.0,0.0,0.0,0,Not Verified
STU0474,HTML/CSS,0.0,0.0,1.0,109.0,3.0,0.0,0.0,0.0,0,Not Verified
STU0474,MongoDB,0.0,0.0,0.0,0.0,0.0,1.0,94.3,94.3,1,Advanced
STU0474,Firebase,0.0,0.0,0.0,0.0,0.0,0.0,0.0,0.0,0,Not Verified
STU0475,Python,0.0,0.0,0.0,0.0,0.0,0.0,0.0,0.0,0,Not Verified
STU0475,Java,0.0,0.0,2.0,132.0,1.0,0.0,0.0,0.0,0,Not Verified
STU0475,JavaScript,1.0,88.0,2.0,133.0,2.0,0.0,0.0,0.0,0,Not Verified
STU0475,React,0.0,0.0,0.0,0.0,0.0,0.0,0.0,0.0,0,Not Verified
STU0475,Node.js,0.0,0.0,0.0,0.0,0.0,0.0,0.0,0.0,0,Not Verified
STU0475,SQL,0.0,0.0,2.0,132.0,1.0,0.0,0.0,0.0,0,Not Verified
STU0475,Machine Learning,1.0,63.0,0.0,0.0,0.0,1.0,69.1,69.1,1,Intermediate
STU0475,Data Science,1.0,86.0,0.0,0.0,0.0,0.0,0.0,0.0,0,Not Verified
STU0475,FastAPI,1.0,62.0,0.0,0.0,0.0,0.0,0.0,0.0,0,Not Verified
STU0475,Git,0.0,0.0,0.0,0.0,0.0,0.0,0.0,0.0,0,Not Verified
STU0475,Docker,1.0,87.0,0.0,0.0,0.0,0.0,0.0,0.0,0,Not Verified
STU0475,C++,1.0,84.0,0.0,0.0,0.0,0.0,0.0,0.0,0,Not Verified
STU0475,HTML/CSS,1.0,63.0,2.0,133.0,2.0,0.0,0.0,0.0,0,Not Verified
STU0475,MongoDB,1.0,87.0,0.0,0.0,0.0,0.0,0.0,0.0,0,Not Verified
STU0475,Firebase,0.0,0.0,0.0,0.0,0.0,0.0,0.0,0.0,0,Not Verified
STU0476,Python,1.0,91.0,1.0,66.0,1.0,0.0,0.0,0.0,0,Not Verified
STU0476,Java,1.0,64.0,0.0,0.0,0.0,0.0,0.0,0.0,0,Not Verified
STU0476,JavaScript,1.0,73.0,0.0,0.0,0.0,0.0,0.0,0.0,0,Not Verified
STU0476,React,1.0,62.0,0.0,0.0,0.0,0.0,0.0,0.0,0,Not Verified
STU0476,Node.js,1.0,62.0,0.0,0.0,0.0,0.0,0.0,0.0,0,Not Verified
STU0476,SQL,1.0,88.0,1.0,66.0,1.0,0.0,0.0,0.0,0,Not Verified
STU0476,Machine Learning,0.0,0.0,0.0,0.0,0.0,0.0,0.0,0.0,0,Not Verified
STU0476,Data Science,1.0,62.0,1.0,66.0,1.0,0.0,0.0,0.0,0,Not Verified
STU0476,FastAPI,1.0,57.0,0.0,0.0,0.0,0.0,0.0,0.0,0,Not Verified
STU0476,Git,0.0,0.0,0.0,0.0,0.0,0.0,0.0,0.0,0,Not Verified
STU0476,Docker,0.0,0.0,0.0,0.0,0.0,0.0,0.0,0.0,0,Not Verified
STU0476,C++,0.0,0.0,0.0,0.0,0.0,0.0,0.0,0.0,0,Not Verified
STU0476,HTML/CSS,0.0,0.0,0.0,0.0,0.0,0.0,0.0,0.0,0,Not Verified
STU0476,MongoDB,1.0,78.0,0.0,0.0,0.0,1.0,65.8,65.8,1,Beginner
STU0476,Firebase,1.0,78.0,0.0,0.0,0.0,0.0,0.0,0.0,0,Not Verified
STU0477,Python,1.0,73.0,1.0,37.0,2.0,0.0,0.0,0.0,0,Not Verified
STU0477,Java,0.0,0.0,0.0,0.0,0.0,1.0,63.7,63.7,1,Beginner
STU0477,JavaScript,1.0,68.0,0.0,0.0,0.0,0.0,0.0,0.0,0,Not Verified
STU0477,React,0.0,0.0,0.0,0.0,0.0,0.0,0.0,0.0,0,Not Verified
STU0477,Node.js,1.0,81.0,1.0,49.0,2.0,1.0,71.7,71.7,1,Intermediate
STU0477,SQL,1.0,92.0,0.0,0.0,0.0,0.0,0.0,0.0,0,Not Verified
STU0477,Machine Learning,0.0,0.0,0.0,0.0,0.0,0.0,0.0,0.0,0,Not Verified
STU0477,Data Science,1.0,74.0,0.0,0.0,0.0,0.0,0.0,0.0,0,Not Verified
STU0477,FastAPI,0.0,0.0,0.0,0.0,0.0,0.0,0.0,0.0,0,Not Verified
STU0477,Git,1.0,66.0,1.0,49.0,2.0,1.0,63.2,63.2,1,Beginner
STU0477,Docker,0.0,0.0,1.0,49.0,2.0,0.0,0.0,0.0,0,Not Verified
STU0477,C++,0.0,0.0,0.0,0.0,0.0,0.0,0.0,0.0,0,Not Verified
STU0477,HTML/CSS,0.0,0.0,0.0,0.0,0.0,0.0,0.0,0.0,0,Not Verified
STU0477,MongoDB,1.0,58.0,0.0,0.0,0.0,0.0,0.0,0.0,0,Not Verified
STU0477,Firebase,0.0,0.0,1.0,37.0,2.0,0.0,0.0,0.0,0,Not Verified
STU0478,Python,1.0,91.0,0.0,0.0,0.0,0.0,0.0,0.0,0,Not Verified
STU0478,Java,1.0,83.0,1.0,132.0,3.0,0.0,0.0,0.0,0,Not Verified
STU0478,JavaScript,0.0,0.0,0.0,0.0,0.0,0.0,0.0,0.0,0,Not Verified
STU0478,React,1.0,63.0,3.0,200.0,2.6666666666666665,0.0,0.0,0.0,0,Not Verified
STU0478,Node.js,1.0,87.0,2.0,108.0,2.5,1.0,66.7,66.7,1,Beginner
STU0478,SQL,1.0,79.0,1.0,132.0,3.0,0.0,0.0,0.0,0,Not Verified
STU0478,Machine Learning,1.0,63.0,0.0,0.0,0.0,0.0,0.0,0.0,0,Not Verified
STU0478,Data Science,1.0,74.0,0.0,0.0,0.0,0.0,0.0,0.0,0,Not Verified
STU0478,FastAPI,1.0,76.0,0.0,0.0,0.0,1.0,80.9,80.9,1,Intermediate
STU0478,Git,0.0,0.0,0.0,0.0,0.0,0.0,0.0,0.0,0,Not Verified
STU0478,Docker,0.0,0.0,0.0,0.0,0.0,0.0,0.0,0.0,0,Not Verified
STU0478,C++,0.0,0.0,0.0,0.0,0.0,0.0,0.0,0.0,0,Not Verified
STU0478,HTML/CSS,1.0,85.0,0.0,0.0,0.0,0.0,0.0,0.0,0,Not Verified
STU0478,MongoDB,1.0,93.0,2.0,108.0,2.5,0.0,0.0,0.0,0,Not Verified
STU0478,Firebase,0.0,0.0,1.0,92.0,3.0,0.0,0.0,0.0,0,Not Verified
STU0479,Python,0.0,0.0,0.0,0.0,0.0,0.0,0.0,0.0,0,Not Verified
STU0479,Java,1.0,89.0,0.0,0.0,0.0,0.0,0.0,0.0,0,Not Verified
STU0479,JavaScript,1.0,80.0,0.0,0.0,0.0,0.0,0.0,0.0,0,Not Verified
STU0479,React,0.0,0.0,0.0,0.0,0.0,0.0,0.0,0.0,0,Not Verified
STU0479,Node.js,1.0,97.0,0.0,0.0,0.0,0.0,0.0,0.0,0,Not Verified
STU0479,SQL,1.0,76.0,0.0,0.0,0.0,0.0,0.0,0.0,0,Not Verified
STU0479,Machine Learning,1.0,57.0,0.0,0.0,0.0,0.0,0.0,0.0,0,Not Verified
STU0479,Data Science,1.0,97.0,0.0,0.0,0.0,1.0,66.4,66.4,1,Beginner
STU0479,FastAPI,0.0,0.0,0.0,0.0,0.0,0.0,0.0,0.0,0,Not Verified
STU0479,Git,0.0,0.0,0.0,0.0,0.0,0.0,0.0,0.0,0,Not Verified
STU0479,Docker,1.0,79.0,0.0,0.0,0.0,1.0,65.4,65.4,1,Beginner
STU0479,C++,0.0,0.0,0.0,0.0,0.0,0.0,0.0,0.0,0,Not Verified
STU0479,HTML/CSS,1.0,94.0,0.0,0.0,0.0,0.0,0.0,0.0,0,Not Verified
STU0479,MongoDB,1.0,69.0,0.0,0.0,0.0,0.0,0.0,0.0,0,Not Verified
STU0479,Firebase,1.0,81.0,0.0,0.0,0.0,1.0,67.7,67.7,1,Beginner
STU0480,Python,1.0,89.0,2.0,119.0,1.0,0.0,0.0,0.0,0,Not Verified
STU0480,Java,1.0,67.0,0.0,0.0,0.0,0.0,0.0,0.0,0,Not Verified
STU0480,JavaScript,1.0,94.0,0.0,0.0,0.0,0.0,0.0,0.0,0,Not Verified
STU0480,React,0.0,0.0,0.0,0.0,0.0,0.0,0.0,0.0,0,Not Verified
STU0480,Node.js,1.0,90.0,0.0,0.0,0.0,0.0,0.0,0.0,0,Not Verified
STU0480,SQL,0.0,0.0,0.0,0.0,0.0,0.0,0.0,0.0,0,Not Verified
STU0480,Machine Learning,0.0,0.0,2.0,119.0,1.0,0.0,0.0,0.0,0,Not Verified
STU0480,Data Science,0.0,0.0,0.0,0.0,0.0,0.0,0.0,0.0,0,Not Verified
STU0480,FastAPI,0.0,0.0,2.0,119.0,1.0,0.0,0.0,0.0,0,Not Verified
STU0480,Git,0.0,0.0,0.0,0.0,0.0,0.0,0.0,0.0,0,Not Verified
STU0480,Docker,1.0,60.0,0.0,0.0,0.0,0.0,0.0,0.0,0,Not Verified
STU0480,C++,1.0,96.0,0.0,0.0,0.0,0.0,0.0,0.0,0,Not Verified
STU0480,HTML/CSS,0.0,0.0,0.0,0.0,0.0,1.0,72.0,72.0,1,Intermediate
STU0480,MongoDB,1.0,91.0,0.0,0.0,0.0,0.0,0.0,0.0,0,Not Verified
STU0480,Firebase,1.0,58.0,0.0,0.0,0.0,0.0,0.0,0.0,0,Not Verified
STU0481,Python,1.0,60.0,0.0,0.0,0.0,0.0,0.0,0.0,0,Not Verified
STU0481,Java,1.0,89.0,0.0,0.0,0.0,0.0,0.0,0.0,0,Not Verified
STU0481,JavaScript,1.0,93.0,1.0,131.0,1.0,0.0,0.0,0.0,0,Not Verified
STU0481,React,1.0,68.0,0.0,0.0,0.0,0.0,0.0,0.0,0,Not Verified
STU0481,Node.js,0.0,0.0,0.0,0.0,0.0,0.0,0.0,0.0,0,Not Verified
STU0481,SQL,0.0,0.0,0.0,0.0,0.0,0.0,0.0,0.0,0,Not Verified
STU0481,Machine Learning,0.0,0.0,0.0,0.0,0.0,0.0,0.0,0.0,0,Not Verified
STU0481,Data Science,1.0,92.0,0.0,0.0,0.0,0.0,0.0,0.0,0,Not Verified
STU0481,FastAPI,1.0,72.0,0.0,0.0,0.0,0.0,0.0,0.0,0,Not Verified
STU0481,Git,1.0,75.0,0.0,0.0,0.0,0.0,0.0,0.0,0,Not Verified
STU0481,Docker,0.0,0.0,0.0,0.0,0.0,0.0,0.0,0.0,0,Not Verified
STU0481,C++,0.0,0.0,0.0,0.0,0.0,0.0,0.0,0.0,0,Not Verified
STU0481,HTML/CSS,1.0,70.0,1.0,131.0,1.0,0.0,0.0,0.0,0,Not Verified
STU0481,MongoDB,0.0,0.0,0.0,0.0,0.0,0.0,0.0,0.0,0,Not Verified
STU0481,Firebase,1.0,83.0,0.0,0.0,0.0,0.0,0.0,0.0,0,Not Verified
STU0482,Python,1.0,88.0,1.0,134.0,2.0,0.0,0.0,0.0,0,Not Verified
STU0482,Java,0.0,0.0,1.0,103.0,2.0,1.0,53.8,53.8,1,Beginner
STU0482,JavaScript,1.0,62.0,0.0,0.0,0.0,0.0,0.0,0.0,0,Not Verified
STU0482,React,0.0,0.0,0.0,0.0,0.0,1.0,69.4,69.4,1,Intermediate
STU0482,Node.js,0.0,0.0,0.0,0.0,0.0,0.0,0.0,0.0,0,Not Verified
STU0482,SQL,1.0,71.0,1.0,103.0,2.0,0.0,0.0,0.0,0,Not Verified
STU0482,Machine Learning,1.0,60.0,1.0,134.0,2.0,0.0,0.0,0.0,0,Not Verified
STU0482,Data Science,1.0,75.0,0.0,0.0,0.0,1.0,66.2,66.2,1,Beginner
STU0482,FastAPI,0.0,0.0,0.0,0.0,0.0,0.0,0.0,0.0,0,Not Verified
STU0482,Git,1.0,56.0,0.0,0.0,0.0,0.0,0.0,0.0,0,Not Verified
STU0482,Docker,0.0,0.0,0.0,0.0,0.0,0.0,0.0,0.0,0,Not Verified
STU0482,C++,0.0,0.0,0.0,0.0,0.0,0.0,0.0,0.0,0,Not Verified
STU0482,HTML/CSS,0.0,0.0,0.0,0.0,0.0,0.0,0.0,0.0,0,Not Verified
STU0482,MongoDB,1.0,79.0,0.0,0.0,0.0,0.0,0.0,0.0,0,Not Verified
STU0482,Firebase,1.0,61.0,0.0,0.0,0.0,0.0,0.0,0.0,0,Not Verified
STU0483,Python,0.0,0.0,1.0,68.0,1.0,0.0,0.0,0.0,0,Not Verified
STU0483,Java,1.0,66.0,0.0,0.0,0.0,1.0,66.5,66.5,1,Beginner
STU0483,JavaScript,1.0,98.0,1.0,150.0,1.0,2.0,61.55,61.55,1,Beginner
STU0483,React,1.0,74.0,0.0,0.0,0.0,0.0,0.0,0.0,0,Not Verified
STU0483,Node.js,1.0,65.0,0.0,0.0,0.0,0.0,0.0,0.0,0,Not Verified
STU0483,SQL,0.0,0.0,0.0,0.0,0.0,0.0,0.0,0.0,0,Not Verified
STU0483,Machine Learning,0.0,0.0,1.0,68.0,1.0,0.0,0.0,0.0,0,Not Verified
STU0483,Data Science,0.0,0.0,0.0,0.0,0.0,0.0,0.0,0.0,0,Not Verified
STU0483,FastAPI,0.0,0.0,0.0,0.0,0.0,0.0,0.0,0.0,0,Not Verified
STU0483,Git,0.0,0.0,0.0,0.0,0.0,0.0,0.0,0.0,0,Not Verified
STU0483,Docker,1.0,58.0,0.0,0.0,0.0,0.0,0.0,0.0,0,Not Verified
STU0483,C++,1.0,56.0,0.0,0.0,0.0,0.0,0.0,0.0,0,Not Verified
STU0483,HTML/CSS,1.0,94.0,1.0,150.0,1.0,0.0,0.0,0.0,0,Not Verified
STU0483,MongoDB,1.0,75.0,0.0,0.0,0.0,0.0,0.0,0.0,0,Not Verified
STU0483,Firebase,1.0,58.0,0.0,0.0,0.0,0.0,0.0,0.0,0,Not Verified
STU0484,Python,0.0,0.0,0.0,0.0,0.0,0.0,0.0,0.0,0,Not Verified
STU0484,Java,1.0,58.0,0.0,0.0,0.0,0.0,0.0,0.0,0,Not Verified
STU0484,JavaScript,1.0,70.0,0.0,0.0,0.0,0.0,0.0,0.0,0,Not Verified
STU0484,React,0.0,0.0,1.0,41.0,1.0,0.0,0.0,0.0,0,Not Verified
STU0484,Node.js,1.0,70.0,1.0,41.0,1.0,0.0,0.0,0.0,0,Not Verified
STU0484,SQL,1.0,67.0,0.0,0.0,0.0,0.0,0.0,0.0,0,Not Verified
STU0484,Machine Learning,1.0,93.0,0.0,0.0,0.0,0.0,0.0,0.0,0,Not Verified
STU0484,Data Science,0.0,0.0,0.0,0.0,0.0,0.0,0.0,0.0,0,Not Verified
STU0484,FastAPI,0.0,0.0,0.0,0.0,0.0,0.0,0.0,0.0,0,Not Verified
STU0484,Git,0.0,0.0,0.0,0.0,0.0,0.0,0.0,0.0,0,Not Verified
STU0484,Docker,0.0,0.0,0.0,0.0,0.0,0.0,0.0,0.0,0,Not Verified
STU0484,C++,1.0,86.0,0.0,0.0,0.0,0.0,0.0,0.0,0,Not Verified
STU0484,HTML/CSS,0.0,0.0,0.0,0.0,0.0,0.0,0.0,0.0,0,Not Verified
STU0484,MongoDB,1.0,92.0,1.0,41.0,1.0,0.0,0.0,0.0,0,Not Verified
STU0484,Firebase,1.0,87.0,0.0,0.0,0.0,0.0,0.0,0.0,0,Not Verified
STU0485,Python,1.0,95.0,0.0,0.0,0.0,0.0,0.0,0.0,0,Not Verified
STU0485,Java,1.0,56.0,0.0,0.0,0.0,0.0,0.0,0.0,0,Not Verified
STU0485,JavaScript,0.0,0.0,0.0,0.0,0.0,0.0,0.0,0.0,0,Not Verified
STU0485,React,0.0,0.0,1.0,72.0,3.0,0.0,0.0,0.0,0,Not Verified
STU0485,Node.js,1.0,81.0,1.0,72.0,3.0,0.0,0.0,0.0,0,Not Verified
STU0485,SQL,1.0,69.0,0.0,0.0,0.0,1.0,54.8,54.8,1,Beginner
STU0485,Machine Learning,1.0,85.0,0.0,0.0,0.0,0.0,0.0,0.0,0,Not Verified
STU0485,Data Science,1.0,56.0,0.0,0.0,0.0,0.0,0.0,0.0,0,Not Verified
STU0485,FastAPI,1.0,72.0,0.0,0.0,0.0,0.0,0.0,0.0,0,Not Verified
STU0485,Git,0.0,0.0,0.0,0.0,0.0,1.0,60.7,60.7,1,Beginner
STU0485,Docker,0.0,0.0,0.0,0.0,0.0,0.0,0.0,0.0,0,Not Verified
STU0485,C++,1.0,92.0,0.0,0.0,0.0,0.0,0.0,0.0,0,Not Verified
STU0485,HTML/CSS,0.0,0.0,0.0,0.0,0.0,1.0,80.8,80.8,1,Intermediate
STU0485,MongoDB,0.0,0.0,1.0,72.0,3.0,0.0,0.0,0.0,0,Not Verified
STU0485,Firebase,1.0,90.0,0.0,0.0,0.0,0.0,0.0,0.0,0,Not Verified
STU0486,Python,1.0,82.0,0.0,0.0,0.0,0.0,0.0,0.0,0,Not Verified
STU0486,Java,1.0,95.0,0.0,0.0,0.0,1.0,70.0,70.0,1,Intermediate
STU0486,JavaScript,1.0,89.0,0.0,0.0,0.0,0.0,0.0,0.0,0,Not Verified
STU0486,React,1.0,87.0,0.0,0.0,0.0,0.0,0.0,0.0,0,Not Verified
STU0486,Node.js,1.0,65.0,0.0,0.0,0.0,1.0,62.7,62.7,1,Beginner
STU0486,SQL,0.0,0.0,0.0,0.0,0.0,0.0,0.0,0.0,0,Not Verified
STU0486,Machine Learning,1.0,70.0,0.0,0.0,0.0,1.0,88.9,88.9,1,Advanced
STU0486,Data Science,0.0,0.0,0.0,0.0,0.0,0.0,0.0,0.0,0,Not Verified
STU0486,FastAPI,1.0,64.0,0.0,0.0,0.0,0.0,0.0,0.0,0,Not Verified
STU0486,Git,0.0,0.0,0.0,0.0,0.0,0.0,0.0,0.0,0,Not Verified
STU0486,Docker,1.0,78.0,0.0,0.0,0.0,0.0,0.0,0.0,0,Not Verified
STU0486,C++,0.0,0.0,0.0,0.0,0.0,0.0,0.0,0.0,0,Not Verified
STU0486,HTML/CSS,1.0,68.0,0.0,0.0,0.0,0.0,0.0,0.0,0,Not Verified
STU0486,MongoDB,1.0,89.0,0.0,0.0,0.0,0.0,0.0,0.0,0,Not Verified
STU0486,Firebase,0.0,0.0,0.0,0.0,0.0,0.0,0.0,0.0,0,Not Verified
STU0487,Python,1.0,72.0,1.0,125.0,1.0,0.0,0.0,0.0,0,Not Verified
STU0487,Java,0.0,0.0,1.0,19.0,2.0,0.0,0.0,0.0,0,Not Verified
STU0487,JavaScript,1.0,77.0,0.0,0.0,0.0,0.0,0.0,0.0,0,Not Verified
STU0487,React,0.0,0.0,0.0,0.0,0.0,0.0,0.0,0.0,0,Not Verified
STU0487,Node.js,1.0,79.0,0.0,0.0,0.0,0.0,0.0,0.0,0,Not Verified
STU0487,SQL,0.0,0.0,1.0,19.0,2.0,0.0,0.0,0.0,0,Not Verified
STU0487,Machine Learning,0.0,0.0,0.0,0.0,0.0,1.0,73.0,73.0,1,Intermediate
STU0487,Data Science,1.0,85.0,0.0,0.0,0.0,0.0,0.0,0.0,0,Not Verified
STU0487,FastAPI,0.0,0.0,0.0,0.0,0.0,0.0,0.0,0.0,0,Not Verified
STU0487,Git,1.0,98.0,0.0,0.0,0.0,0.0,0.0,0.0,0,Not Verified
STU0487,Docker,0.0,0.0,0.0,0.0,0.0,0.0,0.0,0.0,0,Not Verified
STU0487,C++,1.0,68.0,0.0,0.0,0.0,0.0,0.0,0.0,0,Not Verified
STU0487,HTML/CSS,1.0,95.0,0.0,0.0,0.0,0.0,0.0,0.0,0,Not Verified
STU0487,MongoDB,1.0,93.0,0.0,0.0,0.0,0.0,0.0,0.0,0,Not Verified
STU0487,Firebase,1.0,71.0,1.0,125.0,1.0,0.0,0.0,0.0,0,Not Verified
STU0488,Python,1.0,90.0,0.0,0.0,0.0,0.0,0.0,0.0,0,Not Verified
STU0488,Java,1.0,68.0,1.0,83.0,2.0,0.0,0.0,0.0,0,Not Verified
STU0488,JavaScript,1.0,72.0,0.0,0.0,0.0,0.0,0.0,0.0,0,Not Verified
STU0488,React,0.0,0.0,1.0,141.0,2.0,0.0,0.0,0.0,0,Not Verified
STU0488,Node.js,1.0,63.0,1.0,141.0,2.0,0.0,0.0,0.0,0,Not Verified
STU0488,SQL,0.0,0.0,1.0,83.0,2.0,0.0,0.0,0.0,0,Not Verified
STU0488,Machine Learning,0.0,0.0,0.0,0.0,0.0,0.0,0.0,0.0,0,Not Verified
STU0488,Data Science,0.0,0.0,0.0,0.0,0.0,1.0,48.7,48.7,0,Not Verified
STU0488,FastAPI,1.0,62.0,0.0,0.0,0.0,0.0,0.0,0.0,0,Not Verified
STU0488,Git,0.0,0.0,0.0,0.0,0.0,0.0,0.0,0.0,0,Not Verified
STU0488,Docker,0.0,0.0,0.0,0.0,0.0,0.0,0.0,0.0,0,Not Verified
STU0488,C++,1.0,87.0,0.0,0.0,0.0,1.0,77.3,77.3,1,Intermediate
STU0488,HTML/CSS,1.0,94.0,0.0,0.0,0.0,0.0,0.0,0.0,0,Not Verified
STU0488,MongoDB,1.0,80.0,1.0,141.0,2.0,0.0,0.0,0.0,0,Not Verified
STU0488,Firebase,1.0,82.0,0.0,0.0,0.0,1.0,50.6,50.6,1,Beginner
STU0489,Python,0.0,0.0,0.0,0.0,0.0,0.0,0.0,0.0,0,Not Verified
STU0489,Java,0.0,0.0,0.0,0.0,0.0,0.0,0.0,0.0,0,Not Verified
STU0489,JavaScript,0.0,0.0,2.0,126.0,2.5,0.0,0.0,0.0,0,Not Verified
STU0489,React,0.0,0.0,2.0,126.0,2.5,0.0,0.0,0.0,0,Not Verified
STU0489,Node.js,1.0,68.0,2.0,126.0,2.5,0.0,0.0,0.0,0,Not Verified
STU0489,SQL,1.0,75.0,2.0,126.0,2.5,0.0,0.0,0.0,0,Not Verified
STU0489,Machine Learning,0.0,0.0,0.0,0.0,0.0,0.0,0.0,0.0,0,Not Verified
STU0489,Data Science,1.0,84.0,0.0,0.0,0.0,0.0,0.0,0.0,0,Not Verified
STU0489,FastAPI,0.0,0.0,0.0,0.0,0.0,0.0,0.0,0.0,0,Not Verified
STU0489,Git,0.0,0.0,0.0,0.0,0.0,0.0,0.0,0.0,0,Not Verified
STU0489,Docker,1.0,97.0,0.0,0.0,0.0,0.0,0.0,0.0,0,Not Verified
STU0489,C++,1.0,93.0,0.0,0.0,0.0,0.0,0.0,0.0,0,Not Verified
STU0489,HTML/CSS,0.0,0.0,0.0,0.0,0.0,0.0,0.0,0.0,0,Not Verified
STU0489,MongoDB,1.0,76.0,0.0,0.0,0.0,0.0,0.0,0.0,0,Not Verified
STU0489,Firebase,1.0,70.0,0.0,0.0,0.0,1.0,60.5,60.5,1,Beginner
STU0490,Python,1.0,55.0,0.0,0.0,0.0,0.0,0.0,0.0,0,Not Verified
STU0490,Java,0.0,0.0,0.0,0.0,0.0,0.0,0.0,0.0,0,Not Verified
STU0490,JavaScript,1.0,98.0,0.0,0.0,0.0,0.0,0.0,0.0,0,Not Verified
STU0490,React,0.0,0.0,1.0,108.0,1.0,3.0,76.63333333333334,76.63333333333334,1,Intermediate
STU0490,Node.js,0.0,0.0,0.0,0.0,0.0,0.0,0.0,0.0,0,Not Verified
STU0490,SQL,0.0,0.0,0.0,0.0,0.0,0.0,0.0,0.0,0,Not Verified
STU0490,Machine Learning,0.0,0.0,0.0,0.0,0.0,0.0,0.0,0.0,0,Not Verified
STU0490,Data Science,1.0,86.0,0.0,0.0,0.0,0.0,0.0,0.0,0,Not Verified
STU0490,FastAPI,0.0,0.0,0.0,0.0,0.0,0.0,0.0,0.0,0,Not Verified
STU0490,Git,1.0,90.0,0.0,0.0,0.0,0.0,0.0,0.0,0,Not Verified
STU0490,Docker,1.0,66.0,0.0,0.0,0.0,1.0,68.9,68.9,1,Beginner
STU0490,C++,1.0,55.0,0.0,0.0,0.0,0.0,0.0,0.0,0,Not Verified
STU0490,HTML/CSS,0.0,0.0,0.0,0.0,0.0,0.0,0.0,0.0,0,Not Verified
STU0490,MongoDB,0.0,0.0,0.0,0.0,0.0,0.0,0.0,0.0,0,Not Verified
STU0490,Firebase,1.0,81.0,1.0,108.0,1.0,0.0,0.0,0.0,0,Not Verified
STU0491,Python,1.0,77.0,0.0,0.0,0.0,0.0,0.0,0.0,0,Not Verified
STU0491,Java,1.0,83.0,2.0,66.0,2.5,1.0,75.4,75.4,1,Intermediate
STU0491,JavaScript,0.0,0.0,0.0,0.0,0.0,1.0,53.7,53.7,1,Beginner
STU0491,React,0.0,0.0,1.0,141.0,2.0,0.0,0.0,0.0,0,Not Verified
STU0491,Node.js,0.0,0.0,2.0,290.0,2.5,0.0,0.0,0.0,0,Not Verified
STU0491,SQL,0.0,0.0,2.0,66.0,2.5,0.0,0.0,0.0,0,Not Verified
STU0491,Machine Learning,0.0,0.0,0.0,0.0,0.0,0.0,0.0,0.0,0,Not Verified
STU0491,Data Science,0.0,0.0,0.0,0.0,0.0,0.0,0.0,0.0,0,Not Verified
STU0491,FastAPI,1.0,97.0,0.0,0.0,0.0,0.0,0.0,0.0,0,Not Verified
STU0491,Git,0.0,0.0,1.0,149.0,3.0,0.0,0.0,0.0,0,Not Verified
STU0491,Docker,1.0,62.0,1.0,149.0,3.0,0.0,0.0,0.0,0,Not Verified
STU0491,C++,1.0,77.0,0.0,0.0,0.0,0.0,0.0,0.0,0,Not Verified
STU0491,HTML/CSS,1.0,98.0,0.0,0.0,0.0,0.0,0.0,0.0,0,Not Verified
STU0491,MongoDB,1.0,79.0,1.0,141.0,2.0,0.0,0.0,0.0,0,Not Verified
STU0491,Firebase,1.0,93.0,0.0,0.0,0.0,0.0,0.0,0.0,0,Not Verified
STU0492,Python,1.0,56.0,1.0,87.0,3.0,1.0,82.9,82.9,1,Intermediate
STU0492,Java,1.0,72.0,0.0,0.0,0.0,1.0,65.2,65.2,1,Beginner
STU0492,JavaScript,1.0,67.0,0.0,0.0,0.0,0.0,0.0,0.0,0,Not Verified
STU0492,React,0.0,0.0,0.0,0.0,0.0,0.0,0.0,0.0,0,Not Verified
STU0492,Node.js,0.0,0.0,1.0,6.0,1.0,0.0,0.0,0.0,0,Not Verified
STU0492,SQL,1.0,77.0,0.0,0.0,0.0,0.0,0.0,0.0,0,Not Verified
STU0492,Machine Learning,0.0,0.0,1.0,87.0,3.0,0.0,0.0,0.0,0,Not Verified
STU0492,Data Science,1.0,98.0,0.0,0.0,0.0,0.0,0.0,0.0,0,Not Verified
STU0492,FastAPI,0.0,0.0,1.0,87.0,3.0,0.0,0.0,0.0,0,Not Verified
STU0492,Git,0.0,0.0,1.0,6.0,1.0,0.0,0.0,0.0,0,Not Verified
STU0492,Docker,0.0,0.0,1.0,6.0,1.0,2.0,73.0,73.0,1,Intermediate
STU0492,C++,1.0,69.0,0.0,0.0,0.0,0.0,0.0,0.0,0,Not Verified
STU0492,HTML/CSS,1.0,55.0,0.0,0.0,0.0,0.0,0.0,0.0,0,Not Verified
STU0492,MongoDB,1.0,83.0,0.0,0.0,0.0,0.0,0.0,0.0,0,Not Verified
STU0492,Firebase,0.0,0.0,0.0,0.0,0.0,0.0,0.0,0.0,0,Not Verified
STU0493,Python,0.0,0.0,1.0,129.0,2.0,1.0,70.7,70.7,1,Intermediate
STU0493,Java,1.0,69.0,1.0,127.0,3.0,0.0,0.0,0.0,0,Not Verified
STU0493,JavaScript,0.0,0.0,0.0,0.0,0.0,0.0,0.0,0.0,0,Not Verified
STU0493,React,1.0,86.0,0.0,0.0,0.0,0.0,0.0,0.0,0,Not Verified
STU0493,Node.js,1.0,72.0,0.0,0.0,0.0,0.0,0.0,0.0,0,Not Verified
STU0493,SQL,0.0,0.0,1.0,127.0,3.0,0.0,0.0,0.0,0,Not Verified
STU0493,Machine Learning,0.0,0.0,1.0,129.0,2.0,0.0,0.0,0.0,0,Not Verified
STU0493,Data Science,0.0,0.0,1.0,129.0,2.0,0.0,0.0,0.0,0,Not Verified
STU0493,FastAPI,0.0,0.0,0.0,0.0,0.0,1.0,69.8,69.8,1,Intermediate
STU0493,Git,1.0,78.0,0.0,0.0,0.0,0.0,0.0,0.0,0,Not Verified
STU0493,Docker,1.0,57.0,0.0,0.0,0.0,0.0,0.0,0.0,0,Not Verified
STU0493,C++,0.0,0.0,0.0,0.0,0.0,0.0,0.0,0.0,0,Not Verified
STU0493,HTML/CSS,0.0,0.0,0.0,0.0,0.0,0.0,0.0,0.0,0,Not Verified
STU0493,MongoDB,1.0,86.0,0.0,0.0,0.0,0.0,0.0,0.0,0,Not Verified
STU0493,Firebase,0.0,0.0,0.0,0.0,0.0,0.0,0.0,0.0,0,Not Verified
STU0494,Python,1.0,67.0,1.0,112.0,1.0,0.0,0.0,0.0,0,Not Verified
STU0494,Java,1.0,98.0,0.0,0.0,0.0,0.0,0.0,0.0,0,Not Verified
STU0494,JavaScript,0.0,0.0,0.0,0.0,0.0,0.0,0.0,0.0,0,Not Verified
STU0494,React,1.0,90.0,0.0,0.0,0.0,0.0,0.0,0.0,0,Not Verified
STU0494,Node.js,1.0,98.0,0.0,0.0,0.0,0.0,0.0,0.0,0,Not Verified
STU0494,SQL,0.0,0.0,0.0,0.0,0.0,0.0,0.0,0.0,0,Not Verified
STU0494,Machine Learning,1.0,91.0,1.0,112.0,1.0,0.0,0.0,0.0,0,Not Verified
STU0494,Data Science,1.0,93.0,0.0,0.0,0.0,0.0,0.0,0.0,0,Not Verified
STU0494,FastAPI,0.0,0.0,0.0,0.0,0.0,1.0,87.0,87.0,1,Advanced
STU0494,Git,1.0,65.0,0.0,0.0,0.0,0.0,0.0,0.0,0,Not Verified
STU0494,Docker,0.0,0.0,0.0,0.0,0.0,0.0,0.0,0.0,0,Not Verified
STU0494,C++,1.0,86.0,0.0,0.0,0.0,1.0,62.0,62.0,1,Beginner
STU0494,HTML/CSS,1.0,97.0,0.0,0.0,0.0,0.0,0.0,0.0,0,Not Verified
STU0494,MongoDB,1.0,91.0,0.0,0.0,0.0,0.0,0.0,0.0,0,Not Verified
STU0494,Firebase,0.0,0.0,0.0,0.0,0.0,1.0,53.9,53.9,1,Beginner
STU0495,Python,0.0,0.0,1.0,147.0,2.0,0.0,0.0,0.0,0,Not Verified
STU0495,Java,1.0,71.0,0.0,0.0,0.0,0.0,0.0,0.0,0,Not Verified
STU0495,JavaScript,1.0,69.0,0.0,0.0,0.0,0.0,0.0,0.0,0,Not Verified
STU0495,React,0.0,0.0,1.0,82.0,2.0,0.0,0.0,0.0,0,Not Verified
STU0495,Node.js,0.0,0.0,1.0,82.0,2.0,0.0,0.0,0.0,0,Not Verified
STU0495,SQL,0.0,0.0,0.0,0.0,0.0,0.0,0.0,0.0,0,Not Verified
STU0495,Machine Learning,0.0,0.0,1.0,147.0,2.0,0.0,0.0,0.0,0,Not Verified
STU0495,Data Science,0.0,0.0,0.0,0.0,0.0,1.0,73.0,73.0,1,Intermediate
STU0495,FastAPI,0.0,0.0,0.0,0.0,0.0,0.0,0.0,0.0,0,Not Verified
STU0495,Git,1.0,91.0,0.0,0.0,0.0,0.0,0.0,0.0,0,Not Verified
STU0495,Docker,0.0,0.0,0.0,0.0,0.0,0.0,0.0,0.0,0,Not Verified
STU0495,C++,1.0,88.0,0.0,0.0,0.0,0.0,0.0,0.0,0,Not Verified
STU0495,HTML/CSS,1.0,67.0,0.0,0.0,0.0,1.0,65.8,65.8,1,Beginner
STU0495,MongoDB,0.0,0.0,1.0,82.0,2.0,0.0,0.0,0.0,0,Not Verified
STU0495,Firebase,1.0,72.0,0.0,0.0,0.0,0.0,0.0,0.0,0,Not Verified
STU0496,Python,1.0,96.0,0.0,0.0,0.0,1.0,73.5,73.5,1,Intermediate
STU0496,Java,0.0,0.0,0.0,0.0,0.0,1.0,91.0,91.0,1,Advanced
STU0496,JavaScript,0.0,0.0,1.0,28.0,1.0,0.0,0.0,0.0,0,Not Verified
STU0496,React,1.0,98.0,0.0,0.0,0.0,1.0,49.8,49.8,0,Beginner
STU0496,Node.js,1.0,82.0,0.0,0.0,0.0,1.0,55.7,55.7,1,Beginner
STU0496,SQL,0.0,0.0,0.0,0.0,0.0,1.0,56.3,56.3,1,Beginner
STU0496,Machine Learning,0.0,0.0,0.0,0.0,0.0,0.0,0.0,0.0,0,Not Verified
STU0496,Data Science,1.0,72.0,0.0,0.0,0.0,0.0,0.0,0.0,0,Not Verified
STU0496,FastAPI,1.0,58.0,0.0,0.0,0.0,1.0,82.7,82.7,1,Intermediate
STU0496,Git,1.0,75.0,0.0,0.0,0.0,0.0,0.0,0.0,0,Not Verified
STU0496,Docker,1.0,96.0,0.0,0.0,0.0,0.0,0.0,0.0,0,Not Verified
STU0496,C++,1.0,98.0,0.0,0.0,0.0,0.0,0.0,0.0,0,Not Verified
STU0496,HTML/CSS,0.0,0.0,1.0,28.0,1.0,0.0,0.0,0.0,0,Not Verified
STU0496,MongoDB,1.0,81.0,0.0,0.0,0.0,0.0,0.0,0.0,0,Not Verified
STU0496,Firebase,1.0,62.0,0.0,0.0,0.0,0.0,0.0,0.0,0,Not Verified
STU0497,Python,1.0,80.0,2.0,186.0,2.0,0.0,0.0,0.0,0,Not Verified
STU0497,Java,0.0,0.0,0.0,0.0,0.0,1.0,64.5,64.5,1,Beginner
STU0497,JavaScript,0.0,0.0,0.0,0.0,0.0,0.0,0.0,0.0,0,Not Verified
STU0497,React,1.0,67.0,0.0,0.0,0.0,0.0,0.0,0.0,0,Not Verified
STU0497,Node.js,1.0,60.0,0.0,0.0,0.0,1.0,84.6,84.6,1,Advanced
STU0497,SQL,1.0,75.0,0.0,0.0,0.0,1.0,63.2,63.2,1,Beginner
STU0497,Machine Learning,0.0,0.0,1.0,118.0,3.0,0.0,0.0,0.0,0,Not Verified
STU0497,Data Science,1.0,89.0,1.0,118.0,3.0,0.0,0.0,0.0,0,Not Verified
STU0497,FastAPI,1.0,55.0,0.0,0.0,0.0,0.0,0.0,0.0,0,Not Verified
STU0497,Git,1.0,91.0,0.0,0.0,0.0,0.0,0.0,0.0,0,Not Verified
STU0497,Docker,1.0,76.0,0.0,0.0,0.0,0.0,0.0,0.0,0,Not Verified
STU0497,C++,0.0,0.0,0.0,0.0,0.0,1.0,60.2,60.2,1,Beginner
STU0497,HTML/CSS,0.0,0.0,0.0,0.0,0.0,0.0,0.0,0.0,0,Not Verified
STU0497,MongoDB,0.0,0.0,0.0,0.0,0.0,0.0,0.0,0.0,0,Not Verified
STU0497,Firebase,1.0,83.0,1.0,68.0,1.0,0.0,0.0,0.0,0,Not Verified
STU0498,Python,0.0,0.0,2.0,232.0,2.0,0.0,0.0,0.0,0,Not Verified
STU0498,Java,1.0,74.0,0.0,0.0,0.0,0.0,0.0,0.0,0,Not Verified
STU0498,JavaScript,0.0,0.0,0.0,0.0,0.0,0.0,0.0,0.0,0,Not Verified
STU0498,React,1.0,67.0,0.0,0.0,0.0,1.0,82.2,82.2,1,Intermediate
STU0498,Node.js,0.0,0.0,0.0,0.0,0.0,0.0,0.0,0.0,0,Not Verified
STU0498,SQL,0.0,0.0,0.0,0.0,0.0,1.0,66.6,66.6,1,Beginner
STU0498,Machine Learning,1.0,76.0,2.0,232.0,2.0,0.0,0.0,0.0,0,Not Verified
STU0498,Data Science,0.0,0.0,0.0,0.0,0.0,1.0,64.4,64.4,1,Beginner
STU0498,FastAPI,0.0,0.0,1.0,99.0,1.0,0.0,0.0,0.0,0,Not Verified
STU0498,Git,0.0,0.0,0.0,0.0,0.0,0.0,0.0,0.0,0,Not Verified
STU0498,Docker,0.0,0.0,0.0,0.0,0.0,1.0,65.3,65.3,1,Beginner
STU0498,C++,1.0,70.0,0.0,0.0,0.0,0.0,0.0,0.0,0,Not Verified
STU0498,HTML/CSS,0.0,0.0,0.0,0.0,0.0,0.0,0.0,0.0,0,Not Verified
STU0498,MongoDB,0.0,0.0,0.0,0.0,0.0,0.0,0.0,0.0,0,Not Verified
STU0498,Firebase,1.0,65.0,0.0,0.0,0.0,0.0,0.0,0.0,0,Not Verified
STU0499,Python,1.0,95.0,2.0,107.0,2.0,0.0,0.0,0.0,0,Not Verified
STU0499,Java,1.0,92.0,0.0,0.0,0.0,0.0,0.0,0.0,0,Not Verified
STU0499,JavaScript,0.0,0.0,1.0,141.0,3.0,0.0,0.0,0.0,0,Not Verified
STU0499,React,0.0,0.0,0.0,0.0,0.0,0.0,0.0,0.0,0,Not Verified
STU0499,Node.js,0.0,0.0,0.0,0.0,0.0,0.0,0.0,0.0,0,Not Verified
STU0499,SQL,0.0,0.0,0.0,0.0,0.0,0.0,0.0,0.0,0,Not Verified
STU0499,Machine Learning,0.0,0.0,0.0,0.0,0.0,0.0,0.0,0.0,0,Not Verified
STU0499,Data Science,1.0,76.0,0.0,0.0,0.0,0.0,0.0,0.0,0,Not Verified
STU0499,FastAPI,0.0,0.0,0.0,0.0,0.0,0.0,0.0,0.0,0,Not Verified
STU0499,Git,0.0,0.0,0.0,0.0,0.0,0.0,0.0,0.0,0,Not Verified
STU0499,Docker,1.0,82.0,0.0,0.0,0.0,0.0,0.0,0.0,0,Not Verified
STU0499,C++,0.0,0.0,0.0,0.0,0.0,0.0,0.0,0.0,0,Not Verified
STU0499,HTML/CSS,0.0,0.0,1.0,141.0,3.0,0.0,0.0,0.0,0,Not Verified
STU0499,MongoDB,0.0,0.0,0.0,0.0,0.0,0.0,0.0,0.0,0,Not Verified
STU0499,Firebase,1.0,56.0,2.0,107.0,2.0,0.0,0.0,0.0,0,Not Verified
STU0500,Python,1.0,83.0,1.0,22.0,1.0,0.0,0.0,0.0,0,Not Verified
STU0500,Java,1.0,70.0,0.0,0.0,0.0,1.0,68.2,68.2,1,Beginner
STU0500,JavaScript,0.0,0.0,1.0,124.0,2.0,0.0,0.0,0.0,0,Not Verified
STU0500,React,1.0,88.0,1.0,116.0,2.0,0.0,0.0,0.0,0,Not Verified
STU0500,Node.js,0.0,0.0,0.0,0.0,0.0,0.0,0.0,0.0,0,Not Verified
STU0500,SQL,1.0,94.0,1.0,22.0,1.0,1.0,65.8,65.8,1,Beginner
STU0500,Machine Learning,0.0,0.0,0.0,0.0,0.0,0.0,0.0,0.0,0,Not Verified
STU0500,Data Science,1.0,59.0,1.0,22.0,1.0,0.0,0.0,0.0,0,Not Verified
STU0500,FastAPI,0.0,0.0,0.0,0.0,0.0,0.0,0.0,0.0,0,Not Verified
STU0500,Git,0.0,0.0,0.0,0.0,0.0,0.0,0.0,0.0,0,Not Verified
STU0500,Docker,1.0,61.0,0.0,0.0,0.0,0.0,0.0,0.0,0,Not Verified
STU0500,C++,0.0,0.0,0.0,0.0,0.0,0.0,0.0,0.0,0,Not Verified
STU0500,HTML/CSS,0.0,0.0,1.0,124.0,2.0,0.0,0.0,0.0,0,Not Verified
STU0500,MongoDB,0.0,0.0,0.0,0.0,0.0,1.0,63.1,63.1,1,Beginner
STU0500,Firebase,1.0,93.0,1.0,116.0,2.0,0.0,0.0,0.0,0,Not Verified
